<?xml version="1.0"?>
<COLLADA xmlns="http://www.collada.org/2005/11/COLLADASchema" version="1.4.1">
	<asset>
		<contributor>
			<author>Assimp</author>
			<authoring_tool>Assimp Exporter</authoring_tool>
		</contributor>
		<created>2021-09-09T12:29:57</created>
		<modified>2021-09-09T12:29:57</modified>
		<unit name="meter" meter="1.000000" />
		<up_axis>Y_UP</up_axis>
	</asset>
	<library_effects>
		<effect id="1001-fx" name="1001">
			<profile_COMMON>
				<technique sid="standard">
					<lambert>
						<emission>
							<color sid="emission">0.000000   0.000000   0.000000   1.000000</color>
						</emission>
						<ambient>
							<color sid="ambient">0.000000   0.000000   0.000000   1.000000</color>
						</ambient>
						<diffuse>
							<color sid="diffuse">0.250000   0.250000   0.250000   1.000000</color>
						</diffuse>
						<specular>
							<color sid="specular">0.000000   0.000000   0.000000   1.000000</color>
						</specular>
						<shininess>
							<float sid="shininess">0.000000</float>
						</shininess>
						<transparency>
							<float sid="transparency">0.000000</float>
						</transparency>
						<index_of_refraction>
							<float sid="index_of_refraction">1.000000</float>
						</index_of_refraction>
					</lambert>
				</technique>
			</profile_COMMON>
		</effect>
	</library_effects>
	<library_materials>
		<material id="1001" name="1001">
			<instance_effect url="#1001-fx"/>
		</material>
	</library_materials>
	<library_geometries>
		<geometry id="meshId0" name="meshId0_name" >
			<mesh>
				<source id="meshId0-positions" name="meshId0-positions">
					<float_array id="meshId0-positions-array" count="438"> 
						-17.705999 11.468754 31.660381 -17.746424 11.418345 31.681953 -17.788691 11.418345 31.634241 -17.762999 11.468754 31.596045 -17.762999 11.468754 31.596045 -17.788691 11.418345 31.634241 -17.848288 11.418345 31.611641 -17.843367 11.468754 31.565565 -17.911560 11.418345 31.619324 -17.928694 11.468754 31.575926 -17.964016 11.418345 31.655533 -17.999434 11.468754 31.624750 -17.999434 11.468754 31.624750 -17.964016 11.418345 31.655533 -17.993637 11.418345 31.711971 -18.039379 11.468754 31.700863 -17.993637 11.418345 31.775707 -18.039379 11.468754 31.786816 -17.964016 11.418345 31.832146 -17.999434 11.468754 31.862926 -17.999434 11.468754 31.862926 -17.964016 11.418345 31.832146 -17.911560 11.418345 31.868355 -17.928694 11.468754 31.911753 -17.848288 11.418345 31.876038 -17.843367 11.468754 31.922113 -17.788691 11.418345 31.853436 -17.762999 11.468754 31.891632 -17.762999 11.468754 31.891632 -17.788691 11.418345 31.853436 -17.746424 11.418345 31.805725 -17.705999 11.468754 31.827297 -17.731171 11.418345 31.743839 -17.685429 11.468754 31.743839 -17.677088 11.514504 31.644955 -17.744623 11.514504 31.568726 -17.744623 11.514504 31.568726 -17.839848 11.514504 31.532612 -17.940948 11.514504 31.544888 -18.024763 11.514504 31.602741 -18.024763 11.514504 31.602741 -18.072092 11.514504 31.692917 -18.072092 11.514504 31.794762 -18.024763 11.514504 31.884937 -18.024763 11.514504 31.884937 -17.940948 11.514504 31.942789 -17.839848 11.514504 31.955067 -17.744623 11.514504 31.918953 -17.744623 11.514504 31.918953 -17.677088 11.514504 31.842724 -17.652716 11.514504 31.743839 -17.677088 11.574231 31.644955 -17.744623 11.574231 31.568726 -17.744623 11.574231 31.568726 -17.744623 11.514504 31.568726 -17.839848 11.514504 31.532612 -17.839848 11.574231 31.532612 -17.940948 11.514504 31.544888 -17.940948 11.574231 31.544888 -17.940948 11.574231 31.544888 -17.940948 11.514504 31.544888 -18.024763 11.574231 31.602741 -18.072092 11.574231 31.692917 -18.072092 11.574231 31.794762 
						-18.024763 11.574231 31.884937 -17.940948 11.514504 31.942789 -17.940948 11.574231 31.942789 -17.940948 11.574231 31.942789 -17.940948 11.514504 31.942789 -17.839848 11.514504 31.955067 -17.839848 11.574231 31.955067 -17.744623 11.514504 31.918953 -17.744623 11.574231 31.918953 -17.744623 11.574231 31.918953 -17.677088 11.574231 31.842724 -17.652716 11.574231 31.743839 -17.705999 11.619982 31.660381 -17.762999 11.619982 31.596045 -17.762999 11.619982 31.596045 -17.744623 11.574231 31.568726 -17.839848 11.574231 31.532612 -17.843367 11.619982 31.565565 -17.940948 11.574231 31.544888 -17.928694 11.619982 31.575926 -18.024763 11.574231 31.602741 -17.999434 11.619982 31.624750 -17.999434 11.619982 31.624750 -18.039379 11.619982 31.700863 -18.039379 11.619982 31.786816 -17.999434 11.619982 31.862926 -17.999434 11.619982 31.862926 -18.024763 11.574231 31.884937 -17.940948 11.574231 31.942789 -17.928694 11.619982 31.911753 -17.839848 11.574231 31.955067 -17.843367 11.619982 31.922113 -17.744623 11.574231 31.918953 -17.762999 11.619982 31.891632 -17.762999 11.619982 31.891632 -17.705999 11.619982 31.827297 -17.685429 11.619982 31.743839 -17.732899 11.670390 31.674734 -17.780094 11.670390 31.621464 -17.780094 11.670390 31.621464 -17.846642 11.670390 31.596226 -17.917294 11.670390 31.604803 -17.975866 11.670390 31.645233 -17.975866 11.670390 31.645233 -18.008942 11.670390 31.708252 -18.008942 11.670390 31.779425 -17.975866 11.670390 31.842445 -17.975866 11.670390 31.842445 -17.917294 11.670390 31.882874 -17.846642 11.670390 31.891453 -17.780094 11.670390 31.866215 -17.780094 11.670390 31.866215 -17.732899 11.670390 31.812943 -17.715866 11.670390 31.743839 -17.788691 11.418345 31.634241 -17.746424 11.418345 31.681953 -17.865013 11.418345 31.743839 -17.848288 11.418345 31.611641 -17.911560 11.418345 31.619324 -17.964016 11.418345 31.655533 -17.993637 11.418345 31.711971 -17.993637 11.418345 31.775707 -17.964016 11.418345 31.832146 -17.911560 11.418345 31.868355 
						-17.848288 11.418345 31.876038 -17.788691 11.418345 31.853436 -17.746424 11.418345 31.805725 -17.731171 11.418345 31.743839 -17.732899 11.670390 31.674734 -17.780094 11.670390 31.621464 -17.865013 11.730901 31.743839 -17.846642 11.670390 31.596226 -17.917294 11.670390 31.604803 -17.975866 11.670390 31.645233 -18.008942 11.670390 31.708252 -18.008942 11.670390 31.779425 -17.975866 11.670390 31.842445 -17.917294 11.670390 31.882874 -17.846642 11.670390 31.891453 -17.780094 11.670390 31.866215 -17.732899 11.670390 31.812943 -17.715866 11.670390 31.743839 
					</float_array>
					<technique_common>
						<accessor count="146" offset="0" source="#meshId0-positions-array" stride="3">
							<param name="X" type="float" />
							<param name="Y" type="float" />
							<param name="Z" type="float" />
						</accessor>
					</technique_common>
				</source>
				<source id="meshId0-normals" name="meshId0-normals">
					<float_array id="meshId0-normals-array" count="438"> 
						0.692390 -0.623324 -0.363405 0.655451 -0.672615 -0.343472 0.420167 -0.674320 -0.607249 0.443394 -0.625085 -0.642394 0.443394 -0.625085 -0.642394 0.420167 -0.674320 -0.607249 0.089743 -0.676714 -0.730756 0.093837 -0.627555 -0.772897 -0.259368 -0.679239 -0.686558 -0.275342 -0.630161 -0.726005 -0.547458 -0.681324 -0.485889 -0.579889 -0.632304 -0.513732 -0.579889 -0.632304 -0.513732 -0.547458 -0.681324 -0.485889 -0.709593 -0.682496 -0.175147 -0.751252 -0.633510 -0.185164 -0.709591 -0.682498 0.175149 -0.751252 -0.633510 0.185165 -0.547456 -0.681325 0.485889 -0.579889 -0.632302 0.513735 -0.579889 -0.632302 0.513735 -0.547456 -0.681325 0.485889 -0.259369 -0.679239 0.686558 -0.275345 -0.630158 0.726007 0.089744 -0.676714 0.730756 0.093838 -0.627555 0.772896 0.420169 -0.674325 0.607243 0.443397 -0.625090 0.642388 0.443397 -0.625090 0.642388 0.420169 -0.674325 0.607243 0.655446 -0.672621 0.343468 0.692386 -0.623330 0.363401 0.740552 -0.672000 0.000000 0.782473 -0.622685 0.000000 0.852454 -0.269990 -0.447692 0.546413 -0.271115 -0.792420 0.546413 -0.271115 -0.792420 0.115432 -0.272702 -0.955149 -0.341469 -0.274381 -0.898952 -0.719724 -0.275764 -0.637143 -0.719724 -0.275764 -0.637143 -0.933107 -0.276544 -0.229860 -0.933107 -0.276543 0.229860 -0.719724 -0.275761 0.637144 -0.719724 -0.275761 0.637144 -0.341471 -0.274375 0.898953 0.115432 -0.272700 0.955149 0.546415 -0.271118 0.792418 0.546415 -0.271118 0.792418 0.852453 -0.269993 0.447691 0.962977 -0.269582 0.000000 0.852454 0.269990 -0.447692 0.546412 0.271118 -0.792420 0.546412 0.271118 -0.792420 0.546413 -0.271115 -0.792420 0.115432 -0.272702 -0.955149 0.115433 0.272703 -0.955148 -0.341469 -0.274381 -0.898952 -0.341469 0.274378 -0.898953 -0.341469 0.274378 -0.898953 -0.341469 -0.274381 -0.898952 -0.719724 0.275763 -0.637144 -0.933107 0.276543 -0.229861 -0.933107 0.276543 0.229860 
						-0.719725 0.275763 0.637143 -0.341471 -0.274375 0.898953 -0.341472 0.274377 0.898952 -0.341472 0.274377 0.898952 -0.341471 -0.274375 0.898953 0.115432 -0.272700 0.955149 0.115432 0.272702 0.955149 0.546415 -0.271118 0.792418 0.546413 0.271119 0.792419 0.546413 0.271119 0.792419 0.852452 0.269993 0.447693 0.962978 0.269581 0.000001 0.736505 0.555139 -0.386499 0.471872 0.556941 -0.683487 0.471872 0.556941 -0.683487 0.546412 0.271118 -0.792420 0.115433 0.272703 -0.955148 0.100010 0.559464 -0.822799 -0.341469 0.274378 -0.898953 -0.293181 0.562124 -0.773344 -0.719724 0.275763 -0.637144 -0.617891 0.564319 -0.547499 -0.617891 0.564319 -0.547499 -0.800743 0.565552 -0.197388 -0.800743 0.565551 0.197388 -0.617894 0.564319 0.547496 -0.617894 0.564319 0.547496 -0.719725 0.275763 0.637143 -0.341472 0.274377 0.898952 -0.293185 0.562124 0.773343 0.115432 0.272702 0.955149 0.100008 0.559463 0.822800 0.546413 0.271119 0.792419 0.471874 0.556943 0.683484 0.471874 0.556943 0.683484 0.736501 0.555143 0.386499 0.832191 0.554489 0.000003 0.757848 0.517537 -0.397267 0.486090 0.519304 -0.702880 0.486090 0.519304 -0.702880 0.103736 0.521774 -0.846753 -0.301135 0.524385 -0.796453 -0.635936 0.526551 -0.564206 -0.635936 0.526551 -0.564206 -0.824657 0.527760 -0.203493 -0.824659 0.527760 0.203487 -0.635939 0.526554 0.564200 -0.635939 0.526554 0.564200 -0.301134 0.524389 0.796451 0.103734 0.521774 0.846753 0.486092 0.519306 0.702877 0.486092 0.519306 0.702877 0.757846 0.517540 0.397268 0.856041 0.516908 0.000003 0.000000 -1.000000 0.000000 0.000000 -1.000000 0.000000 0.000000 -1.000000 0.000003 0.000000 -1.000000 0.000000 0.000000 -1.000000 0.000000 0.000000 -1.000000 0.000014 0.000000 -1.000000 0.000015 0.000000 -1.000000 0.000000 0.000000 -1.000000 0.000007 0.000000 -1.000000 0.000007 
						0.000000 -1.000000 0.000000 0.000000 -1.000000 0.000000 0.000000 -1.000000 0.000000 0.000000 -1.000000 0.000000 0.333028 0.926592 -0.174696 0.213930 0.926469 -0.309661 -0.000536 1.000000 0.000001 0.045607 0.926295 -0.374028 -0.133611 0.926103 -0.352820 -0.282592 0.925947 -0.250526 -0.366881 0.925858 -0.090470 -0.366877 0.925860 0.090469 -0.282594 0.925948 0.250523 -0.133611 0.926102 0.352821 0.045607 0.926295 0.374030 0.213925 0.926469 0.309663 0.333028 0.926592 0.174696 0.375949 0.926641 0.000000 
					</float_array>
					<technique_common>
						<accessor count="146" offset="0" source="#meshId0-normals-array" stride="3">
							<param name="X" type="float" />
							<param name="Y" type="float" />
							<param name="Z" type="float" />
						</accessor>
					</technique_common>
				</source>
				<source id="meshId0-tangents" name="meshId0-tangents">
					<float_array id="meshId0-tangents-array" count="438"> 
						0.631167 0.767293 -0.113533 0.685120 0.720918 -0.104340 0.730730 0.648197 -0.214184 0.681188 0.700814 -0.211761 0.890784 0.386887 0.238376 0.903394 0.374003 0.209763 0.995097 0.091543 0.037434 0.994659 0.092622 0.045557 0.960190 -0.257723 -0.107765 0.952868 -0.278971 -0.119239 0.831954 -0.505736 -0.228221 0.806523 -0.534644 -0.252342 -0.183407 0.715715 -0.673880 -0.260419 0.690505 -0.674822 -0.418122 0.607938 -0.674970 -0.368014 0.634950 -0.679267 -0.636851 0.514857 -0.573884 -0.604529 0.547869 -0.578260 -0.828323 0.358588 -0.430460 -0.811816 0.395504 -0.429570 0.807003 -0.532266 0.255811 0.832082 -0.504982 0.229418 0.960111 -0.258243 0.107222 0.952802 -0.279343 0.118896 0.995228 0.089158 -0.039659 0.994820 0.089587 -0.048042 0.903354 0.374301 -0.209407 0.890655 0.387751 -0.237450 0.679586 0.701754 0.213786 0.713182 0.659157 0.238502 0.671602 0.727118 0.142301 0.632026 0.766917 0.111272 0.671764 0.740292 0.026464 0.622681 0.782468 -0.003498 0.279140 0.959105 -0.046895 0.321964 0.941446 -0.100092 0.812778 0.399917 0.423625 0.990622 0.102367 0.090493 0.911254 -0.330952 -0.245128 0.641622 -0.614734 -0.458719 0.241035 0.761392 -0.601817 -0.055803 0.742823 -0.667158 -0.359352 0.693408 -0.624541 -0.626803 0.652710 -0.425544 0.644773 -0.605778 0.466156 0.911843 -0.328625 0.246066 0.990861 0.099170 -0.091434 0.812111 0.402782 -0.422187 0.324266 0.940845 0.098302 0.283486 0.958220 0.038094 0.269572 0.962941 -0.008679 -0.280741 0.958790 0.043658 -0.313219 0.943648 0.106879 0.154020 -0.962546 -0.223121 -0.153736 -0.962547 0.223313 -0.032685 -0.962099 0.270736 0.032753 -0.962098 -0.270729 0.097560 -0.961621 0.256451 -0.097239 -0.961622 -0.256570 0.717920 0.693443 -0.061051 0.528978 0.734480 -0.425114 0.624474 0.658152 -0.420557 0.359417 0.696871 -0.620637 0.054025 0.739765 -0.670693 
						-0.244621 0.758147 -0.604462 -0.718751 0.692529 -0.061649 -0.529658 0.733937 -0.425205 -0.097626 -0.961622 0.256422 0.097236 -0.961623 -0.256568 -0.032925 -0.962099 -0.270705 0.032513 -0.962098 0.270757 -0.154075 -0.962546 -0.223083 0.153741 -0.962546 0.223314 -0.311198 0.944138 -0.108442 -0.276141 0.959658 -0.052947 -0.269571 0.962941 -0.008732 -0.560251 0.820806 0.111342 -0.600022 0.770860 0.213889 0.873262 -0.402022 0.275302 0.812047 -0.403061 0.422043 0.990936 -0.098129 0.091741 0.993882 -0.095130 0.056121 0.910827 0.332619 -0.244458 0.943404 0.301261 -0.138674 0.643483 0.609489 -0.463091 0.773764 0.560094 -0.295946 0.786151 0.455193 -0.418049 0.561095 0.592795 -0.577726 0.305216 0.668759 -0.677942 0.099563 0.746879 -0.657464 0.773463 0.561385 0.294281 0.640966 0.616553 0.457193 0.910339 0.334504 0.243701 0.943361 0.301473 0.138508 0.990708 -0.101239 -0.090825 0.993701 -0.098190 -0.054016 0.812374 -0.401663 -0.422748 0.873137 -0.402765 -0.274613 -0.603393 0.769232 -0.210235 -0.560733 0.820632 -0.110188 -0.554489 0.832191 -0.000176 -0.516267 0.847998 0.119864 -0.552819 0.805642 0.212914 0.863530 -0.409007 0.295007 0.992886 -0.104352 0.057337 0.939988 0.303763 -0.155407 0.757286 0.566605 -0.324773 0.770161 0.479763 -0.420332 0.535562 0.612796 -0.581080 0.278272 0.691748 -0.666371 0.080518 0.772357 -0.630065 0.757223 0.566867 0.324462 0.939693 0.305217 0.154336 0.992740 -0.106425 -0.056039 0.863312 -0.410215 -0.293966 -0.569608 0.798244 -0.195840 -0.528151 0.844134 -0.092170 -0.516808 0.855875 0.019683 1.000000 0.000000 0.000716 1.000000 0.000000 0.000351 1.000000 0.000000 0.000157 0.999999 0.000000 -0.001634 0.999991 0.000000 -0.004159 0.999998 -0.000000 -0.001915 1.000000 0.000000 0.000221 1.000000 0.000000 0.000046 0.999997 0.000000 0.002253 0.999990 0.000000 0.004465 
						0.999998 0.000000 0.001909 1.000000 0.000000 -0.000379 1.000000 0.000000 -0.000014 1.000000 0.000000 0.000181 0.941083 -0.338174 0.000328 0.974609 -0.223889 0.003461 1.000000 0.000536 0.000039 0.998791 -0.049161 0.000039 0.990179 0.139533 -0.008721 0.956862 0.290488 -0.005686 0.929667 0.368401 0.000107 0.929669 0.368395 -0.000092 0.956865 0.290476 0.005744 0.990181 0.139513 0.008775 0.998790 -0.049170 -0.000016 0.974603 -0.223916 -0.003361 0.941074 -0.338201 -0.000171 0.926641 -0.375949 0.000072 
					</float_array>
					<technique_common>
						<accessor count="146" offset="0" source="#meshId0-tangents-array" stride="3">
							<param name="X" type="float" />
							<param name="Y" type="float" />
							<param name="Z" type="float" />
						</accessor>
					</technique_common>
				</source>
				<source id="meshId0-bitangents" name="meshId0-bitangents">
					<float_array id="meshId0-bitangents-array" count="438"> 
						0.349606 -0.150760 0.924688 0.317796 -0.166930 0.933349 0.538046 -0.353742 0.765097 0.582567 -0.343698 0.736537 0.099528 -0.677929 0.728359 0.085665 -0.636721 0.766321 0.041563 -0.730533 0.681612 0.042998 -0.773043 0.632894 -0.103744 -0.687177 0.719044 -0.127395 -0.724618 0.677273 -0.090239 -0.529178 0.843699 -0.115107 -0.560667 0.820002 0.793782 -0.296553 -0.531004 0.795281 -0.242902 -0.555452 0.567143 -0.405722 -0.716756 0.547892 -0.442158 -0.710148 0.301498 -0.518767 -0.799987 0.264887 -0.546356 -0.794562 0.119049 -0.638131 -0.760668 0.068434 -0.666161 -0.742661 0.111694 0.562928 0.818924 0.089057 0.529896 0.843374 0.104469 0.686982 0.719125 0.127882 0.724478 0.677331 -0.038315 0.730828 0.681486 -0.039093 0.773401 0.632711 -0.086084 0.636541 0.766423 -0.100659 0.677430 0.728667 -0.584433 0.341766 0.735958 -0.561096 0.332863 0.757874 -0.345457 0.137403 0.928321 -0.348058 0.152636 0.924964 -0.017784 -0.019598 0.999650 0.002178 0.002737 0.999994 0.442045 -0.084993 0.892957 0.773157 -0.200439 0.601708 0.202051 -0.875536 0.438876 0.073098 -0.956637 0.281961 -0.230251 -0.902876 0.363040 -0.265176 -0.738956 0.619375 0.651075 -0.586716 -0.481524 0.355244 -0.609702 -0.708566 0.013326 -0.665365 -0.746400 -0.298522 -0.705638 -0.642619 0.257420 0.746317 0.613796 0.227904 0.903728 0.362402 -0.069788 0.956974 0.281655 -0.204709 0.874221 0.440264 -0.772193 0.203241 0.602006 -0.439271 0.094441 0.893376 0.002340 0.008358 0.999962 0.441030 0.088469 0.893121 0.776742 0.189801 0.600540 -0.823233 -0.000132 -0.567704 -0.823285 -0.000198 -0.567628 -0.992777 -0.000033 -0.119970 -0.992775 -0.000033 -0.119990 -0.934816 -0.000132 0.355132 -0.934850 -0.000198 0.355044 0.606622 -0.666223 -0.433771 0.776905 -0.620689 -0.105660 0.303363 -0.700565 -0.645894 -0.011449 -0.661737 -0.749649 -0.355518 -0.613410 -0.705220 
						-0.649736 -0.590905 -0.478199 -0.605636 -0.667174 -0.433686 -0.776440 -0.621333 -0.105293 0.934808 -0.000200 0.355153 0.934849 -0.000200 0.355045 0.992770 -0.000200 -0.120036 0.992783 -0.000199 -0.119923 0.823220 -0.000196 -0.567722 0.823284 -0.000194 -0.567630 -0.777553 -0.187345 0.600261 -0.443927 -0.078491 0.892619 -0.002355 0.008409 0.999962 0.379051 0.134532 0.915544 0.645996 0.309179 0.697924 -0.121450 -0.726771 -0.676058 -0.204970 -0.874092 -0.440398 -0.068709 -0.957081 -0.281559 -0.046875 -0.823377 -0.565555 0.231934 -0.902265 -0.363490 0.155026 -0.770233 -0.618634 0.260629 -0.743289 -0.616113 0.139643 -0.606497 -0.782727 0.013305 -0.688726 -0.724900 -0.209723 -0.573363 -0.792004 -0.515416 -0.482611 -0.708120 -0.779932 -0.351733 -0.517677 -0.141287 0.605302 -0.783356 -0.266755 0.737440 -0.620503 -0.233837 0.901568 -0.364000 -0.155284 0.770150 -0.618673 0.071930 0.956757 -0.281854 0.050570 0.823019 -0.565758 0.203670 0.874735 -0.439724 0.122339 0.726358 -0.676341 -0.642846 -0.313205 0.699036 -0.378344 -0.135569 0.915684 -0.000100 0.000145 1.000000 0.398916 0.114257 0.909841 0.676837 0.285070 0.678695 -0.134285 -0.750358 -0.647249 -0.058444 -0.846677 -0.528887 0.160440 -0.795455 -0.584389 0.148673 -0.633800 -0.759074 0.049359 -0.701834 -0.710628 -0.181971 -0.588175 -0.787995 -0.492446 -0.492904 -0.717317 -0.767527 -0.355255 -0.533569 -0.148979 0.633564 -0.759212 -0.162159 0.794895 -0.584676 0.060876 0.846419 -0.529026 0.135672 0.749697 -0.647725 -0.662768 -0.305168 0.683821 -0.383049 -0.139967 0.913062 0.010172 -0.016851 0.999806 -0.000716 0.000000 1.000000 -0.000351 0.000000 1.000000 -0.000157 0.000003 1.000000 0.001634 0.000000 0.999999 0.004159 0.000000 0.999991 0.001915 0.000014 0.999998 -0.000221 0.000015 1.000000 -0.000046 0.000000 1.000000 -0.002253 0.000007 0.999997 -0.004465 0.000007 0.999990 
						-0.001909 0.000000 0.999998 0.000379 0.000000 1.000000 0.000014 0.000000 1.000000 -0.000181 0.000000 1.000000 -0.058773 -0.164513 -0.984622 -0.066123 -0.302539 -0.950841 0.000039 0.000001 -1.000000 -0.018352 -0.373577 -0.927417 0.041154 -0.350520 -0.935651 0.067510 -0.241326 -0.968093 0.033428 -0.084068 -0.995899 -0.033413 0.084073 -0.995899 -0.067452 0.241340 -0.968094 -0.041096 0.350529 -0.935650 0.018376 0.373578 -0.927417 0.066225 0.302517 -0.950840 0.058924 0.164459 -0.984622 0.000067 -0.000027 -1.000000 
					</float_array>
					<technique_common>
						<accessor count="146" offset="0" source="#meshId0-bitangents-array" stride="3">
							<param name="X" type="float" />
							<param name="Y" type="float" />
							<param name="Z" type="float" />
						</accessor>
					</technique_common>
				</source>
				<source id="meshId0-tex0" name="meshId0-tex0">
					<float_array id="meshId0-tex0-array" count="292"> 
						0.108980 0.060102 0.103510 0.061346 0.102317 0.055988 0.107746 0.053186 0.158207 0.365671 0.155820 0.370568 0.150983 0.368712 0.151423 0.363164 0.145962 0.369323 0.144101 0.364060 0.141716 0.372288 0.138126 0.368122 0.479021 0.230833 0.473372 0.232801 0.470427 0.228166 0.475057 0.225006 0.466647 0.223825 0.470414 0.219673 0.462462 0.220269 0.465188 0.214945 0.138129 0.391074 0.141718 0.386907 0.145965 0.389870 0.144106 0.395134 0.150987 0.390480 0.151428 0.396028 0.155823 0.388622 0.158212 0.393519 0.107743 0.081171 0.102314 0.078369 0.103509 0.073011 0.108979 0.074256 0.103826 0.067178 0.109278 0.067179 0.113413 0.059274 0.112815 0.051218 0.160285 0.361574 0.151878 0.358575 0.142482 0.359729 0.135055 0.364662 0.483772 0.228748 0.478693 0.222415 0.473481 0.216429 0.467907 0.210526 0.135059 0.394535 0.142488 0.399466 0.151884 0.400617 0.160290 0.397614 0.112811 0.083141 0.113411 0.075085 0.113565 0.067180 0.118169 0.059261 0.118621 0.051186 0.593426 0.000000 0.598341 0.000001 0.598340 0.008382 0.593424 0.008382 0.598338 0.016764 0.593422 0.016763 0.493151 0.231760 0.489394 0.235029 0.487711 0.225335 0.482202 0.219368 0.476982 0.213372 
						0.471831 0.207095 0.462460 0.204093 0.466215 0.200822 0.843072 0.248011 0.847988 0.248012 0.847986 0.256394 0.843071 0.256393 0.847985 0.264776 0.843069 0.264775 0.118617 0.083174 0.118168 0.075099 0.118087 0.067180 0.122625 0.060064 0.123601 0.053077 0.457523 0.231304 0.459574 0.235414 0.451019 0.238431 0.450575 0.233835 0.441378 0.237246 0.442989 0.232906 0.433812 0.232259 0.436861 0.228780 0.490423 0.220994 0.485300 0.216117 0.480628 0.210752 0.476503 0.205006 0.436861 0.204156 0.433813 0.200677 0.441380 0.195690 0.442991 0.200031 0.451020 0.194506 0.450576 0.199102 0.459575 0.197524 0.457524 0.201633 0.123598 0.081284 0.122624 0.074297 0.122416 0.067181 0.127432 0.060832 0.128399 0.054841 0.455775 0.226959 0.450240 0.229082 0.444522 0.228384 0.439663 0.224989 0.493153 0.216756 0.488685 0.212636 0.484543 0.207878 0.481077 0.202885 0.439664 0.207947 0.444523 0.204553 0.450240 0.203855 0.455775 0.205978 0.128397 0.079521 0.127430 0.073530 0.127192 0.067181 0.155820 0.370568 0.159355 0.374495 0.149698 0.379596 0.150983 0.368712 0.145962 0.369323 0.141716 0.372288 0.139233 0.376961 0.139234 0.382234 0.141718 0.386907 0.145965 0.389870 
						0.150987 0.390480 0.155823 0.388622 0.159357 0.384694 0.160629 0.379594 0.459911 0.222395 0.455775 0.226959 0.448822 0.216468 0.450240 0.229082 0.444522 0.228384 0.439663 0.224989 0.436753 0.219541 0.436753 0.213395 0.439664 0.207947 0.444523 0.204553 0.450240 0.203855 0.455775 0.205978 0.459912 0.210543 0.461400 0.216469 
					</float_array>
					<technique_common>
						<accessor count="146" offset="0" source="#meshId0-tex0-array" stride="2">
							<param name="S" type="float" />
							<param name="T" type="float" />
						</accessor>
					</technique_common>
				</source>
				<vertices id="meshId0-vertices">
					<input semantic="POSITION" source="#meshId0-positions" />
				</vertices>
				<polylist count="156" material="defaultMaterial">
					<input offset="0" semantic="VERTEX" source="#meshId0-vertices" />
					<input offset="0" semantic="NORMAL" source="#meshId0-normals" />
					<input offset="0" semantic="TANGENT" source="#meshId0-tangents" />
					<input offset="0" semantic="BINORMAL" source="#meshId0-bitangents" />
					<input offset="0" semantic="TEXCOORD" source="#meshId0-tex0" set="0" />
					<vcount>
						3 3 3 3 3 3 3 3 3 3 3 3 3 3 3 3 3 3 3 3 3 3 3 3 3 3 3 3 3 3 3 3 3 3 3 3 3 3 3 3 3 3 3 3 3 3 3 3 3 3 3 3 3 3 3 3 3 3 3 3 3 3 3 3 
						3 3 3 3 3 3 3 3 3 3 3 3 3 3 3 3 3 3 3 3 3 3 3 3 3 3 3 3 3 3 3 3 3 3 3 3 3 3 3 3 3 3 3 3 3 3 3 3 3 3 3 3 3 3 3 3 3 3 3 3 3 3 3 3 
						3 3 3 3 3 3 3 3 3 3 3 3 3 3 3 3 3 3 3 3 3 3 3 3 3 3 3 3 
					</vcount>
					<p>
						0 1 2 2 3 0 4 5 6 6 7 4 7 6 8 8 9 7 9 8 10 10 11 9 12 13 14 14 15 12 15 14 16 16 17 15 17 16 18 18 19 17 20 21 22 22 23 20 23 22 24 24 25 23 25 24 26 26 27 25 28 29 30 30 31 28 31 30 32 32 33 31 33 32 1 1 0 33 34 0 3 3 35 34 36 4 7 7 37 36 37 7 9 9 38 37 38 9 11 11 39 38 40 12 15 15 41 40 41 15 17 17 42 41 42 17 19 19 43 42 44 20 23 23 45 44 45 23 25 25 46 45 46 25 27 27 47 46 48 28 31 31 49 48 49 31 33 33 50 49 50 33 0 0 34 50 51 34 35 35 52 51 53 54 55 55 56 53 56 55 57 57 58 56 59 60 40 40 61 59 61 40 41 41 62 61 62 41 42 42 63 62 
						63 42 43 43 64 63 64 43 65 65 66 64 67 68 69 69 70 67 70 69 71 71 72 70 73 48 49 49 74 73 74 49 50 50 75 74 75 50 34 34 51 75 76 51 52 52 77 76 78 79 80 80 81 78 81 80 82 82 83 81 83 82 84 84 85 83 86 61 62 62 87 86 87 62 63 63 88 87 88 63 64 64 89 88 90 91 92 92 93 90 93 92 94 94 95 93 95 94 96 96 97 95 98 73 74 74 99 98 99 74 75 75 100 99 100 75 51 51 76 100 101 76 77 77 102 101 103 78 81 81 104 103 104 81 83 83 105 104 105 83 85 85 106 105 107 86 87 87 108 107 108 87 88 88 109 108 109 88 89 89 110 109 111 90 93 93 112 111 112 93 95 95 113 112 113 95 97 97 114 113 115 98 99 99 116 115 116 99 100 100 117 116 
						117 100 76 76 101 117 118 119 120 121 118 120 122 121 120 123 122 120 124 123 120 125 124 120 126 125 120 127 126 120 128 127 120 129 128 120 130 129 120 131 130 120 119 131 120 132 133 134 133 135 134 135 136 134 136 137 134 137 138 134 138 139 134 139 140 134 140 141 134 141 142 134 142 143 134 143 144 134 144 145 134 145 132 134 
					</p>
				</polylist>
			</mesh>
		</geometry>
		<geometry id="meshId1" name="meshId1_name" >
			<mesh>
				<source id="meshId1-positions" name="meshId1-positions">
					<float_array id="meshId1-positions-array" count="426"> 
						-17.611835 11.006299 31.615120 -17.674183 10.928551 31.648388 -17.739374 10.928551 31.574804 -17.699747 11.006299 31.515888 -17.699747 11.006299 31.515888 -17.739374 10.928551 31.574804 -17.831293 10.928551 31.539944 -17.823704 11.006299 31.468876 -17.928883 10.928551 31.551792 -17.955309 11.006299 31.484856 -18.009789 10.928551 31.607639 -18.064413 11.006299 31.560165 -18.064413 11.006299 31.560165 -18.009789 10.928551 31.607639 -18.055475 10.928551 31.694687 -18.126024 11.006299 31.677553 -18.055475 10.928551 31.792992 -18.126024 11.006299 31.810125 -18.009789 10.928551 31.880039 -18.064415 11.006299 31.927513 -18.064415 11.006299 31.927513 -18.009789 10.928551 31.880039 -17.928883 10.928551 31.935884 -17.955309 11.006299 32.002823 -17.831293 10.928551 31.947735 -17.823704 11.006299 32.018803 -17.739374 10.928551 31.912874 -17.699747 11.006299 31.971790 -17.699747 11.006299 31.971790 -17.739374 10.928551 31.912874 -17.674183 10.928551 31.839291 -17.611835 11.006299 31.872559 -17.650658 10.928551 31.743839 -17.580109 11.006299 31.743839 -17.567244 11.076861 31.591326 -17.671406 11.076861 31.473751 -17.671406 11.076861 31.473751 -17.818275 11.076861 31.418051 -17.974209 11.076861 31.436983 -18.103481 11.076861 31.526215 -18.176479 11.076861 31.665300 -18.176479 11.076861 31.822378 -18.103481 11.076861 31.961464 -18.103481 11.076861 31.961464 -17.974209 11.076861 32.050694 -17.818275 11.076861 32.069626 -17.671406 11.076861 32.013927 -17.671406 11.076861 32.013927 -17.567244 11.076861 31.896353 -17.529652 11.076861 31.743839 -17.567244 11.168983 31.591326 -17.671406 11.168983 31.473751 -17.671406 11.168983 31.473751 -17.671406 11.076861 31.473751 -17.818275 11.076861 31.418051 -17.818275 11.168983 31.418051 -17.974209 11.076861 31.436983 -17.974209 11.168983 31.436983 -17.974209 11.168983 31.436983 -18.103481 11.168983 31.526215 -18.176479 11.168983 31.665300 -18.176479 11.168983 31.822378 -18.103481 11.168983 31.961464 -17.974209 11.076861 32.050694 
						-17.974209 11.168983 32.050694 -17.974209 11.168983 32.050694 -17.974209 11.076861 32.050694 -17.818275 11.076861 32.069626 -17.818275 11.168983 32.069626 -17.671406 11.076861 32.013927 -17.671406 11.168983 32.013927 -17.671406 11.168983 32.013927 -17.567244 11.168983 31.896353 -17.529652 11.168983 31.743839 -17.611835 11.239545 31.615120 -17.699747 11.239545 31.515888 -17.699747 11.239545 31.515888 -17.671406 11.168983 31.473751 -17.818275 11.168983 31.418051 -17.823704 11.239545 31.468876 -17.974209 11.168983 31.436983 -17.955309 11.239545 31.484856 -18.064413 11.239545 31.560165 -18.126024 11.239545 31.677553 -18.126024 11.239545 31.810125 -18.064415 11.239545 31.927513 -18.064415 11.239545 31.927513 -18.103481 11.168983 31.961464 -17.974209 11.168983 32.050694 -17.955309 11.239545 32.002823 -17.818275 11.168983 32.069626 -17.823704 11.239545 32.018803 -17.671406 11.168983 32.013927 -17.699747 11.239545 31.971790 -17.699747 11.239545 31.971790 -17.611835 11.239545 31.872559 -17.580109 11.239545 31.743839 -17.653322 11.317293 31.637257 -17.726114 11.317293 31.555092 -17.726114 11.317293 31.555092 -17.828753 11.317293 31.516167 -17.937725 11.317293 31.529394 -18.028065 11.317293 31.591755 -18.028065 11.317293 31.591755 -18.079079 11.317293 31.688953 -18.079079 11.317293 31.798725 -18.028065 11.317293 31.895924 -18.028065 11.317293 31.895924 -17.937725 11.317293 31.958282 -17.828753 11.317293 31.971512 -17.726114 11.317293 31.932587 -17.726114 11.317293 31.932587 -17.653322 11.317293 31.850422 -17.627052 11.317293 31.743839 -17.739374 10.928551 31.574804 -17.674183 10.928551 31.648388 -17.857090 10.928551 31.743839 -17.831293 10.928551 31.539944 -17.928883 10.928551 31.551792 -18.009789 10.928551 31.607639 -18.055475 10.928551 31.694687 -18.055475 10.928551 31.792992 -18.009789 10.928551 31.880039 -17.928883 10.928551 31.935884 -17.831293 10.928551 31.947735 -17.739374 10.928551 31.912874 -17.674183 10.928551 31.839291 -17.650658 10.928551 31.743839 
						-17.653322 11.317293 31.637257 -17.726114 11.317293 31.555092 -17.857090 11.410622 31.743839 -17.828753 11.317293 31.516167 -17.937725 11.317293 31.529394 -18.028065 11.317293 31.591755 -18.079079 11.317293 31.688953 -18.079079 11.317293 31.798725 -18.028065 11.317293 31.895924 -17.937725 11.317293 31.958282 -17.828753 11.317293 31.971512 -17.726114 11.317293 31.932587 -17.653322 11.317293 31.850422 -17.627052 11.317293 31.743839 
					</float_array>
					<technique_common>
						<accessor count="142" offset="0" source="#meshId1-positions-array" stride="3">
							<param name="X" type="float" />
							<param name="Y" type="float" />
							<param name="Z" type="float" />
						</accessor>
					</technique_common>
				</source>
				<source id="meshId1-normals" name="meshId1-normals">
					<float_array id="meshId1-normals-array" count="426"> 
						0.692384 -0.623335 -0.363397 0.655462 -0.672603 -0.343474 0.420175 -0.674315 -0.607250 0.443396 -0.625096 -0.642382 0.443396 -0.625096 -0.642382 0.420175 -0.674315 -0.607250 0.089749 -0.676720 -0.730749 0.093838 -0.627563 -0.772890 -0.259370 -0.679248 -0.686549 -0.275344 -0.630163 -0.726003 -0.547454 -0.681325 -0.485891 -0.579886 -0.632306 -0.513732 -0.579886 -0.632306 -0.513732 -0.547454 -0.681325 -0.485891 -0.709593 -0.682496 -0.175149 -0.751252 -0.633509 -0.185169 -0.709594 -0.682495 0.175146 -0.751251 -0.633510 0.185166 -0.547448 -0.681330 0.485891 -0.579884 -0.632310 0.513730 -0.579884 -0.632310 0.513730 -0.547448 -0.681330 0.485891 -0.259367 -0.679249 0.686549 -0.275342 -0.630162 0.726004 0.089743 -0.676719 0.730752 0.093838 -0.627558 0.772894 0.420175 -0.674315 0.607250 0.443396 -0.625096 0.642383 0.443396 -0.625096 0.642383 0.420175 -0.674315 0.607250 0.655460 -0.672607 0.343470 0.692382 -0.623338 0.363395 0.740564 -0.671985 -0.000003 0.782464 -0.622696 -0.000001 0.852451 -0.270005 -0.447689 0.546418 -0.271126 -0.792413 0.546418 -0.271126 -0.792413 0.115430 -0.272701 -0.955149 -0.341468 -0.274373 -0.898954 -0.719725 -0.275759 -0.637145 -0.933108 -0.276538 -0.229860 -0.933108 -0.276539 0.229859 -0.719725 -0.275761 0.637144 -0.719725 -0.275761 0.637144 -0.341466 -0.274371 0.898956 0.115434 -0.272697 0.955150 0.546417 -0.271126 0.792413 0.546417 -0.271126 0.792413 0.852449 -0.270007 0.447690 0.962973 -0.269597 0.000000 0.852451 0.270005 -0.447688 0.546419 0.271127 -0.792412 0.546419 0.271127 -0.792412 0.546418 -0.271126 -0.792413 0.115430 -0.272701 -0.955149 0.115430 0.272698 -0.955150 -0.341468 -0.274373 -0.898954 -0.341469 0.274371 -0.898955 -0.341469 0.274371 -0.898955 -0.719725 0.275759 -0.637144 -0.933109 0.276538 -0.229859 -0.933109 0.276539 0.229857 -0.719726 0.275761 0.637142 -0.341466 -0.274371 0.898956 
						-0.341467 0.274370 0.898956 -0.341467 0.274370 0.898956 -0.341466 -0.274371 0.898956 0.115434 -0.272697 0.955150 0.115435 0.272697 0.955150 0.546417 -0.271126 0.792413 0.546416 0.271126 0.792414 0.546416 0.271126 0.792414 0.852449 0.270007 0.447690 0.962973 0.269597 -0.000001 0.736503 0.555146 -0.386492 0.471878 0.556944 -0.683480 0.471878 0.556944 -0.683480 0.546419 0.271127 -0.792412 0.115430 0.272698 -0.955150 0.100008 0.559461 -0.822801 -0.341469 0.274371 -0.898955 -0.293187 0.562119 -0.773346 -0.617894 0.564320 -0.547495 -0.800738 0.565558 -0.197390 -0.800738 0.565559 0.197388 -0.617893 0.564322 0.547493 -0.617893 0.564322 0.547493 -0.719726 0.275761 0.637142 -0.341467 0.274370 0.898956 -0.293187 0.562119 0.773346 0.115435 0.272697 0.955150 0.100011 0.559458 0.822803 0.546416 0.271126 0.792414 0.471876 0.556942 0.683483 0.471876 0.556942 0.683483 0.736502 0.555146 0.386495 0.832186 0.554497 0.000000 0.757866 0.517509 -0.397270 0.486102 0.519280 -0.702889 0.486102 0.519280 -0.702889 0.103743 0.521770 -0.846754 -0.301137 0.524383 -0.796454 -0.635944 0.526551 -0.564198 -0.635944 0.526551 -0.564198 -0.824647 0.527780 -0.203485 -0.824648 0.527777 0.203488 -0.635939 0.526551 0.564204 -0.635939 0.526551 0.564204 -0.301136 0.524385 0.796453 0.103743 0.521766 0.846757 0.486099 0.519276 0.702894 0.486099 0.519276 0.702894 0.757866 0.517506 0.397274 0.856060 0.516877 0.000002 0.000000 -1.000000 0.000003 0.000000 -1.000000 -0.000006 0.000000 -1.000000 0.000000 0.000000 -1.000000 0.000003 0.000000 -1.000000 0.000006 0.000000 -1.000000 0.000006 0.000000 -1.000000 0.000000 0.000000 -1.000000 0.000000 0.000000 -1.000000 -0.000003 0.000000 -1.000000 -0.000003 0.000000 -1.000000 0.000000 0.000000 -1.000000 0.000000 0.000000 -1.000000 0.000000 0.000000 -1.000000 -0.000006 
						0.333021 0.926597 -0.174683 0.213928 0.926472 -0.309651 -0.000536 1.000000 0.000002 0.045612 0.926294 -0.374030 -0.133612 0.926106 -0.352811 -0.282596 0.925947 -0.250524 -0.366880 0.925858 -0.090474 -0.366881 0.925858 0.090471 -0.282593 0.925948 0.250522 -0.133611 0.926104 0.352816 0.045613 0.926291 0.374037 0.213935 0.926470 0.309655 0.333018 0.926598 0.174685 0.375941 0.926644 0.000000 
					</float_array>
					<technique_common>
						<accessor count="142" offset="0" source="#meshId1-normals-array" stride="3">
							<param name="X" type="float" />
							<param name="Y" type="float" />
							<param name="Z" type="float" />
						</accessor>
					</technique_common>
				</source>
				<source id="meshId1-tangents" name="meshId1-tangents">
					<float_array id="meshId1-tangents-array" count="426"> 
						0.631178 0.767284 -0.113531 0.685080 0.720945 -0.104422 0.730666 0.648242 -0.214264 0.681199 0.700805 -0.211758 -0.051248 0.697831 -0.714426 -0.036422 0.656117 -0.753780 -0.035393 0.731080 -0.681373 -0.034971 0.773759 -0.632514 0.038337 0.703075 -0.710082 0.063146 0.741708 -0.667744 0.005524 0.577674 -0.816249 0.029387 0.613936 -0.788809 -0.320207 0.756725 -0.569943 -0.390215 0.721479 -0.572014 -0.504324 0.665543 -0.550191 -0.455347 0.700568 -0.549421 -0.674800 0.586706 -0.447684 -0.638006 0.625188 -0.449542 -0.836839 0.446206 -0.317175 -0.813280 0.486476 -0.319242 -0.075393 -0.586221 -0.806635 -0.063489 -0.545138 -0.835939 -0.106128 -0.686525 -0.719319 -0.106371 -0.730588 -0.674483 -0.032311 -0.735304 -0.676967 -0.007158 -0.776725 -0.629799 -0.023325 -0.676992 -0.735620 0.005464 -0.714786 -0.699322 0.679560 0.701767 0.213825 0.713207 0.659147 0.238454 0.671564 0.727142 0.142362 0.632047 0.766905 0.111238 0.671749 0.740304 0.026530 0.622692 0.782459 -0.003476 0.279200 0.959091 -0.046807 0.322041 0.941425 -0.100044 -0.225322 0.863675 -0.450883 -0.068568 0.957096 -0.281543 0.284435 0.881429 -0.377067 0.153581 0.831756 -0.533474 -0.115267 0.835508 -0.537253 -0.356859 0.790831 -0.497230 -0.574160 0.752359 -0.322950 -0.263774 -0.740299 -0.618369 -0.223776 -0.905208 -0.361280 0.066242 -0.957324 -0.281323 0.206430 -0.873360 -0.441168 0.324344 0.940823 0.098250 0.283520 0.958211 0.038055 0.269587 0.962937 -0.008689 -0.280760 0.958785 0.043651 -0.313260 0.943637 0.106856 0.154061 -0.962544 -0.223104 -0.153802 -0.962544 0.223280 -0.032476 -0.962099 0.270760 0.032960 -0.962100 -0.270699 0.097595 -0.961623 0.256429 -0.097302 -0.961624 -0.256538 0.601092 0.799029 0.015547 0.590941 0.725022 -0.353741 0.356644 0.793420 -0.493245 0.113753 0.833386 -0.540858 -0.128165 0.849182 -0.512312 -0.602423 0.798041 0.014742 
						-0.403915 0.820784 -0.403938 -0.097634 -0.961624 0.256411 0.097179 -0.961624 -0.256585 -0.032871 -0.962100 -0.270709 0.032588 -0.962100 0.270743 -0.154023 -0.962544 -0.223128 0.153802 -0.962544 0.223281 -0.311220 0.944132 -0.108432 -0.276194 0.959646 -0.052870 -0.269587 0.962936 -0.008738 -0.560290 0.820790 0.111265 -0.600072 0.770836 0.213835 0.873407 -0.401136 0.276134 0.812287 -0.402025 0.422570 0.991019 -0.096969 0.092080 0.993942 -0.094060 0.056854 0.910592 0.333530 -0.244092 0.943244 0.302050 -0.138048 0.774785 0.555546 -0.301791 0.586661 0.673846 -0.449177 0.387302 0.740191 -0.549650 0.233410 0.796585 -0.557648 0.773628 0.560678 0.295194 0.641319 0.615573 0.458018 0.910621 0.333417 0.244136 0.943547 0.300543 0.139258 0.990622 -0.102365 -0.090497 0.993637 -0.099212 -0.053317 0.812129 -0.402709 -0.422223 0.872999 -0.403578 -0.273858 -0.603388 0.769235 -0.210239 -0.560740 0.820629 -0.110176 -0.554497 0.832186 -0.000168 -0.516217 0.848022 0.119908 -0.552762 0.805675 0.212938 0.863686 -0.408096 0.295812 0.992956 -0.103329 0.057984 0.939835 0.304514 -0.154858 0.757173 0.567066 -0.324231 0.754236 0.578864 -0.309910 0.557041 0.695216 -0.454290 0.353719 0.761886 -0.542598 0.205626 0.820262 -0.533750 0.757380 0.566195 0.325267 0.939877 0.304309 0.155007 0.992665 -0.107460 -0.055403 0.863164 -0.411002 -0.293301 -0.569490 0.798308 -0.195924 -0.528088 0.844166 -0.092232 -0.516777 0.855894 0.019694 -0.006935 -0.000003 -0.999976 -0.007347 0.000006 -0.999973 -0.018257 0.000000 -0.999833 -0.013378 -0.000003 -0.999911 -0.017799 -0.000006 -0.999842 -0.026666 -0.000006 -0.999644 -0.025337 0.000000 -0.999679 -0.011126 0.000000 -0.999938 -0.009879 0.000003 -0.999951 -0.019089 0.000003 -0.999818 -0.023516 0.000000 -0.999724 -0.029307 0.000000 -0.999570 -0.028788 0.000000 -0.999586 -0.018158 0.000006 -0.999835 
						0.941150 -0.337987 0.001404 0.974687 -0.223525 0.004596 0.999999 0.000536 0.001158 0.998812 -0.048724 0.001136 0.990132 0.139929 -0.007666 0.956785 0.290760 -0.004611 0.929631 0.368491 0.001189 0.929703 0.368309 0.000979 0.956940 0.290206 0.006820 0.990232 0.139079 0.009932 0.998767 -0.049635 0.001122 0.974529 -0.224247 -0.002349 0.941017 -0.338357 0.000831 0.926643 -0.375941 0.001088 
					</float_array>
					<technique_common>
						<accessor count="142" offset="0" source="#meshId1-tangents-array" stride="3">
							<param name="X" type="float" />
							<param name="Y" type="float" />
							<param name="Z" type="float" />
						</accessor>
					</technique_common>
				</source>
				<source id="meshId1-bitangents" name="meshId1-bitangents">
					<float_array id="meshId1-bitangents-array" count="426"> 
						0.349597 -0.150761 0.924691 0.317861 -0.166862 0.933339 0.538126 -0.353668 0.765074 0.582553 -0.343697 0.736549 0.894860 0.349694 0.277381 0.906712 0.338836 0.251124 0.995335 0.087016 0.041663 0.994973 0.086383 0.050661 0.965017 -0.210494 -0.156316 0.959270 -0.229703 -0.164433 0.836817 -0.449543 -0.312486 0.814167 -0.472516 -0.337431 0.749133 -0.166002 -0.641283 0.740288 -0.123549 -0.660840 0.492073 -0.302080 -0.816463 0.477786 -0.328437 -0.814770 0.202783 -0.435863 -0.876871 0.169026 -0.455856 -0.873857 -0.000707 -0.580249 -0.814439 -0.048057 -0.602930 -0.796345 0.811203 -0.506487 0.292268 0.834428 -0.488482 0.255178 0.959930 -0.259430 0.105974 0.955443 -0.262939 0.134130 0.995441 0.037142 -0.087854 0.995562 0.053567 -0.077378 0.907143 0.294925 -0.300184 0.896309 0.313586 -0.313518 -0.584464 0.341728 0.735951 -0.561060 0.332903 0.757883 -0.345505 0.137349 0.928311 -0.348028 0.152664 0.924970 -0.017825 -0.019649 0.999648 0.002165 0.002719 0.999994 0.442013 -0.085094 0.892964 0.773121 -0.200524 0.601726 0.806633 0.424919 0.410837 0.990946 0.097992 0.091779 0.895822 -0.384451 -0.222939 0.677059 -0.481807 -0.556284 0.340621 -0.474820 -0.811495 -0.044276 -0.545997 -0.836616 -0.390304 -0.598258 -0.699822 0.642199 -0.613118 0.460073 0.912867 -0.324530 0.247700 0.991104 0.095745 -0.092444 0.811674 0.404640 -0.421250 -0.772159 0.203329 0.602020 -0.439256 0.094489 0.893379 0.002343 0.008367 0.999962 0.441023 0.088482 0.893124 0.776720 0.189843 0.600554 -0.823220 -0.000171 -0.567722 -0.823269 -0.000130 -0.567652 -0.992785 -0.000235 -0.119911 -0.992769 -0.000235 -0.120043 -0.934813 -0.000171 0.355141 -0.934843 -0.000130 0.355061 0.722556 -0.535045 -0.437766 0.364396 -0.631111 -0.684774 0.045974 -0.542229 -0.838972 -0.341128 -0.478532 -0.809097 -0.682325 -0.450384 -0.575836 -0.721448 -0.536518 -0.437791 
						-0.848677 -0.501034 -0.169448 0.934809 -0.000213 0.355151 0.934857 -0.000256 0.355025 0.992771 -0.000147 -0.120023 0.992780 -0.000127 -0.119947 0.823228 -0.000129 -0.567710 0.823271 -0.000130 -0.567649 -0.777542 -0.187366 0.600269 -0.443900 -0.078580 0.892624 -0.002355 0.008415 0.999962 0.378997 0.134601 0.915557 0.645945 0.309233 0.697947 -0.120377 -0.727258 -0.675726 -0.204000 -0.874566 -0.439907 -0.067510 -0.957201 -0.281442 -0.045585 -0.823502 -0.565479 0.232856 -0.901930 -0.363730 0.155990 -0.769927 -0.618772 0.133851 -0.610666 -0.780494 -0.121025 -0.475474 -0.871365 -0.456964 -0.363677 -0.811741 -0.750818 -0.216777 -0.623923 -0.140383 0.605955 -0.783015 -0.265904 0.738259 -0.619895 -0.232744 0.901972 -0.363698 -0.154144 0.770517 -0.618501 0.073095 0.956639 -0.281956 0.051803 0.822900 -0.565820 0.204636 0.874252 -0.440236 0.123315 0.725907 -0.676648 -0.642850 -0.313199 0.699036 -0.378332 -0.135579 0.915687 -0.000093 0.000140 1.000000 0.398947 0.114204 0.909834 0.676874 0.285021 0.678678 -0.133237 -0.750870 -0.646871 -0.057240 -0.846805 -0.528814 0.161327 -0.795169 -0.584534 0.149213 -0.633388 -0.759312 0.163410 -0.622624 -0.765269 -0.098299 -0.487978 -0.867303 -0.441405 -0.375475 -0.814972 -0.743841 -0.223417 -0.629909 -0.148179 0.634167 -0.758864 -0.161084 0.795246 -0.584496 0.062085 0.846293 -0.529087 0.136587 0.749286 -0.648008 -0.662864 -0.305052 0.683779 -0.383096 -0.139896 0.913053 0.010178 -0.016861 0.999806 0.999976 -0.000000 -0.006935 0.999973 0.000000 -0.007347 0.999833 0.000000 -0.018257 0.999911 -0.000000 -0.013378 0.999842 -0.000000 -0.017799 0.999644 -0.000000 -0.026666 0.999679 0.000000 -0.025337 0.999938 0.000000 -0.011126 0.999951 0.000000 -0.009879 0.999818 0.000000 -0.019089 0.999724 0.000000 -0.023516 0.999570 0.000000 -0.029307 0.999586 0.000000 -0.028788 0.999835 0.000000 -0.018158 
						-0.057740 -0.164870 -0.984624 -0.064956 -0.302796 -0.950839 0.001158 0.000003 -0.999999 -0.017172 -0.373637 -0.927416 0.042269 -0.350354 -0.935663 0.068573 -0.241001 -0.968099 0.034439 -0.083671 -0.995898 -0.032415 0.084470 -0.995899 -0.066389 0.241662 -0.968087 -0.039871 0.350697 -0.935640 0.019605 0.373524 -0.927413 0.067263 0.302270 -0.950846 0.059876 0.164105 -0.984624 0.001008 -0.000409 -0.999999 
					</float_array>
					<technique_common>
						<accessor count="142" offset="0" source="#meshId1-bitangents-array" stride="3">
							<param name="X" type="float" />
							<param name="Y" type="float" />
							<param name="Z" type="float" />
						</accessor>
					</technique_common>
				</source>
				<source id="meshId1-tex0" name="meshId1-tex0">
					<float_array id="meshId1-tex0-array" count="284"> 
						0.869721 0.013753 0.861284 0.015670 0.859443 0.007407 0.867817 0.003086 0.049516 0.099797 0.042615 0.096277 0.045379 0.089449 0.053255 0.090217 0.044639 0.082294 0.052170 0.079785 0.040534 0.076183 0.046549 0.071186 0.043990 0.068853 0.035128 0.070405 0.031879 0.062812 0.039518 0.059244 0.027321 0.055452 0.033918 0.050203 0.021970 0.049161 0.027308 0.041919 0.013920 0.070600 0.019752 0.075809 0.015430 0.081770 0.007994 0.078992 0.014434 0.088893 0.006535 0.089378 0.016950 0.095816 0.009928 0.099086 0.867812 0.046248 0.859439 0.041926 0.861282 0.033663 0.869718 0.035582 0.861772 0.024666 0.870180 0.024667 0.876557 0.012475 0.875635 0.000050 0.055286 0.102856 0.059767 0.090982 0.058368 0.077594 0.051546 0.066910 0.045541 0.056279 0.039256 0.046131 0.032413 0.036020 0.009080 0.066147 0.001878 0.076580 0.000000 0.089908 0.004052 0.101936 0.875629 0.049286 0.876555 0.036862 0.876792 0.024668 0.883894 0.012454 0.884590 0.000000 0.879907 0.263409 0.887489 0.263410 0.887486 0.276338 0.879905 0.276336 0.887484 0.289265 0.879902 0.289264 0.064738 0.073653 0.061899 0.062801 0.051489 0.052606 0.045194 0.042442 0.039069 0.031877 0.025887 0.025151 
						0.032253 0.021205 0.630261 0.318932 0.637842 0.318934 0.637840 0.331861 0.630258 0.331860 0.637837 0.344788 0.630256 0.344787 0.884585 0.049338 0.883891 0.036883 0.883767 0.024669 0.890767 0.013694 0.892271 0.002918 0.097681 0.061253 0.101086 0.068096 0.086842 0.073101 0.086112 0.065451 0.070800 0.071110 0.073490 0.063890 0.066978 0.057017 0.056874 0.048532 0.051241 0.039436 0.046510 0.029908 0.063347 0.016032 0.058281 0.010236 0.070883 0.001952 0.073555 0.009179 0.086929 0.000000 0.086181 0.007648 0.101161 0.005039 0.097739 0.011873 0.892266 0.046422 0.890764 0.035645 0.890444 0.024670 0.898179 0.014878 0.899672 0.005638 0.094779 0.054018 0.085563 0.057540 0.076050 0.056368 0.067969 0.050709 0.068376 0.051383 0.062742 0.044185 0.057747 0.036119 0.053812 0.027869 0.068003 0.022347 0.076097 0.016707 0.085613 0.015558 0.094821 0.019101 0.899668 0.043704 0.898177 0.034463 0.897809 0.024670 0.042615 0.096277 0.036942 0.101202 0.029939 0.087341 0.045379 0.089449 0.044639 0.082294 0.040534 0.076183 0.033955 0.072532 0.026458 0.072398 0.019752 0.075809 0.015430 0.081770 0.014434 0.088893 0.016950 0.095816 0.022443 0.100941 0.029660 0.102881 
						0.101672 0.046431 0.094779 0.054018 0.083228 0.036546 0.085563 0.057540 0.076050 0.056368 0.067969 0.050709 0.063137 0.041636 0.063149 0.031408 0.068003 0.022347 0.076097 0.016707 0.085613 0.015558 0.094821 0.019101 0.101696 0.026705 0.104161 0.036571 
					</float_array>
					<technique_common>
						<accessor count="142" offset="0" source="#meshId1-tex0-array" stride="2">
							<param name="S" type="float" />
							<param name="T" type="float" />
						</accessor>
					</technique_common>
				</source>
				<vertices id="meshId1-vertices">
					<input semantic="POSITION" source="#meshId1-positions" />
				</vertices>
				<polylist count="156" material="defaultMaterial">
					<input offset="0" semantic="VERTEX" source="#meshId1-vertices" />
					<input offset="0" semantic="NORMAL" source="#meshId1-normals" />
					<input offset="0" semantic="TANGENT" source="#meshId1-tangents" />
					<input offset="0" semantic="BINORMAL" source="#meshId1-bitangents" />
					<input offset="0" semantic="TEXCOORD" source="#meshId1-tex0" set="0" />
					<vcount>
						3 3 3 3 3 3 3 3 3 3 3 3 3 3 3 3 3 3 3 3 3 3 3 3 3 3 3 3 3 3 3 3 3 3 3 3 3 3 3 3 3 3 3 3 3 3 3 3 3 3 3 3 3 3 3 3 3 3 3 3 3 3 3 3 
						3 3 3 3 3 3 3 3 3 3 3 3 3 3 3 3 3 3 3 3 3 3 3 3 3 3 3 3 3 3 3 3 3 3 3 3 3 3 3 3 3 3 3 3 3 3 3 3 3 3 3 3 3 3 3 3 3 3 3 3 3 3 3 3 
						3 3 3 3 3 3 3 3 3 3 3 3 3 3 3 3 3 3 3 3 3 3 3 3 3 3 3 3 
					</vcount>
					<p>
						0 1 2 2 3 0 4 5 6 6 7 4 7 6 8 8 9 7 9 8 10 10 11 9 12 13 14 14 15 12 15 14 16 16 17 15 17 16 18 18 19 17 20 21 22 22 23 20 23 22 24 24 25 23 25 24 26 26 27 25 28 29 30 30 31 28 31 30 32 32 33 31 33 32 1 1 0 33 34 0 3 3 35 34 36 4 7 7 37 36 37 7 9 9 38 37 38 9 11 11 39 38 39 12 15 15 40 39 40 15 17 17 41 40 41 17 19 19 42 41 43 20 23 23 44 43 44 23 25 25 45 44 45 25 27 27 46 45 47 28 31 31 48 47 48 31 33 33 49 48 49 33 0 0 34 49 50 34 35 35 51 50 52 53 54 54 55 52 55 54 56 56 57 55 58 38 39 39 59 58 59 39 40 40 60 59 60 40 41 41 61 60 
						61 41 42 42 62 61 62 42 63 63 64 62 65 66 67 67 68 65 68 67 69 69 70 68 71 47 48 48 72 71 72 48 49 49 73 72 73 49 34 34 50 73 74 50 51 51 75 74 76 77 78 78 79 76 79 78 80 80 81 79 81 80 59 59 82 81 82 59 60 60 83 82 83 60 61 61 84 83 84 61 62 62 85 84 86 87 88 88 89 86 89 88 90 90 91 89 91 90 92 92 93 91 94 71 72 72 95 94 95 72 73 73 96 95 96 73 50 50 74 96 97 74 75 75 98 97 99 76 79 79 100 99 100 79 81 81 101 100 101 81 82 82 102 101 103 82 83 83 104 103 104 83 84 84 105 104 105 84 85 85 106 105 107 86 89 89 108 107 108 89 91 91 109 108 109 91 93 93 110 109 111 94 95 95 112 111 112 95 96 96 113 112 
						113 96 74 74 97 113 114 115 116 117 114 116 118 117 116 119 118 116 120 119 116 121 120 116 122 121 116 123 122 116 124 123 116 125 124 116 126 125 116 127 126 116 115 127 116 128 129 130 129 131 130 131 132 130 132 133 130 133 134 130 134 135 130 135 136 130 136 137 130 137 138 130 138 139 130 139 140 130 140 141 130 141 128 130 
					</p>
				</polylist>
			</mesh>
		</geometry>
		<geometry id="meshId2" name="meshId2_name" >
			<mesh>
				<source id="meshId2-positions" name="meshId2-positions">
					<float_array id="meshId2-positions-array" count="423"> 
						-17.743662 11.220967 31.681156 -17.774025 11.167115 31.697357 -17.805773 11.167115 31.661522 -17.786474 11.220967 31.632832 -17.786474 11.220967 31.632832 -17.805773 11.167115 31.661522 -17.850534 11.167115 31.644547 -17.846840 11.220967 31.609936 -17.898060 11.167115 31.650316 -17.910929 11.220967 31.617718 -17.937460 11.167115 31.677513 -17.964062 11.220967 31.654392 -17.964062 11.220967 31.654392 -17.937460 11.167115 31.677513 -17.959707 11.167115 31.719900 -17.994064 11.220967 31.711559 -17.959707 11.167115 31.767776 -17.994064 11.220967 31.776119 -17.937460 11.167115 31.810165 -17.964062 11.220967 31.833286 -17.964062 11.220967 31.833286 -17.937460 11.167115 31.810165 -17.898060 11.167115 31.837362 -17.910929 11.220967 31.869961 -17.850534 11.167115 31.843130 -17.846840 11.220967 31.877743 -17.805773 11.167115 31.826157 -17.786474 11.220967 31.854847 -17.786474 11.220967 31.854847 -17.805773 11.167115 31.826157 -17.774025 11.167115 31.790321 -17.743662 11.220967 31.806524 -17.762569 11.167115 31.743839 -17.728212 11.220967 31.743839 -17.721947 11.269841 31.669567 -17.772673 11.269841 31.612310 -17.772673 11.269841 31.612310 -17.786474 11.220967 31.632832 -17.846840 11.220967 31.609936 -17.844196 11.269841 31.585184 -17.910929 11.220967 31.617718 -17.920134 11.269841 31.594406 -17.920134 11.269841 31.594406 -17.910929 11.220967 31.617718 -17.983088 11.269841 31.637859 -18.018635 11.269841 31.705593 -18.018635 11.269841 31.782085 -17.983088 11.269841 31.849819 -17.910929 11.220967 31.869961 -17.920134 11.269841 31.893272 -17.920134 11.269841 31.893272 -17.910929 11.220967 31.869961 -17.846840 11.220967 31.877743 -17.844196 11.269841 31.902493 -17.786474 11.220967 31.854847 -17.772673 11.269841 31.875368 -17.772673 11.269841 31.875368 -17.721947 11.269841 31.818111 -17.703642 11.269841 31.743839 -17.721947 11.333648 31.669567 -17.772673 11.333648 31.612310 -17.772673 11.333648 31.612310 -17.844196 11.333648 31.585184 -17.920134 11.333648 31.594406 
						-17.920134 11.333648 31.594406 -17.983088 11.333648 31.637859 -18.018635 11.333648 31.705593 -18.018635 11.333648 31.782085 -17.983088 11.333648 31.849819 -17.920134 11.333648 31.893272 -17.920134 11.333648 31.893272 -17.844196 11.333648 31.902493 -17.772673 11.333648 31.875368 -17.772673 11.333648 31.875368 -17.721947 11.333648 31.818111 -17.703642 11.333648 31.743839 -17.743662 11.382522 31.681156 -17.786474 11.382522 31.632832 -17.786474 11.382522 31.632832 -17.846840 11.382522 31.609936 -17.910929 11.382522 31.617718 -17.910929 11.382522 31.617718 -17.964062 11.382522 31.654392 -17.994064 11.382522 31.711559 -17.994064 11.382522 31.776119 -17.964062 11.382522 31.833286 -17.910929 11.382522 31.869961 -17.910929 11.382522 31.869961 -17.846840 11.382522 31.877743 -17.786474 11.382522 31.854847 -17.786474 11.382522 31.854847 -17.743662 11.382522 31.806524 -17.728212 11.382522 31.743839 -17.763866 11.436374 31.691936 -17.799314 11.436374 31.651922 -17.799314 11.436374 31.651922 -17.849298 11.436374 31.632965 -17.902367 11.436374 31.639408 -17.902367 11.436374 31.639408 -17.946360 11.436374 31.669777 -17.971203 11.436374 31.717110 -17.971203 11.436374 31.770569 -17.946360 11.436374 31.817902 -17.902367 11.436374 31.848270 -17.902367 11.436374 31.848270 -17.849298 11.436374 31.854713 -17.799314 11.436374 31.835756 -17.799314 11.436374 31.835756 -17.763866 11.436374 31.795740 -17.751074 11.436374 31.743839 -17.805773 11.167115 31.661522 -17.774025 11.167115 31.697357 -17.863098 11.167115 31.743839 -17.850534 11.167115 31.644547 -17.898060 11.167115 31.650316 -17.937460 11.167115 31.677513 -17.959707 11.167115 31.719900 -17.959707 11.167115 31.767776 -17.937460 11.167115 31.810165 -17.898060 11.167115 31.837362 -17.850534 11.167115 31.843130 -17.805773 11.167115 31.826157 -17.774025 11.167115 31.790321 -17.762569 11.167115 31.743839 -17.763866 11.436374 31.691936 -17.799314 11.436374 31.651922 -17.863098 11.501016 31.743839 -17.849298 11.436374 31.632965 
						-17.902367 11.436374 31.639408 -17.946360 11.436374 31.669777 -17.971203 11.436374 31.717110 -17.971203 11.436374 31.717110 -17.971203 11.436374 31.770569 -17.863098 11.501016 31.743839 -17.971203 11.436374 31.770569 -17.946360 11.436374 31.817902 -17.902367 11.436374 31.848270 -17.849298 11.436374 31.854713 -17.799314 11.436374 31.835756 -17.763866 11.436374 31.795740 -17.751074 11.436374 31.743839 
					</float_array>
					<technique_common>
						<accessor count="141" offset="0" source="#meshId2-positions-array" stride="3">
							<param name="X" type="float" />
							<param name="Y" type="float" />
							<param name="Z" type="float" />
						</accessor>
					</technique_common>
				</source>
				<source id="meshId2-normals" name="meshId2-normals">
					<float_array id="meshId2-normals-array" count="423"> 
						0.771959 -0.489816 -0.405167 0.746318 -0.538487 -0.391205 0.478666 -0.540255 -0.692101 0.494687 -0.491544 -0.716707 0.494687 -0.491544 -0.716707 0.478666 -0.540255 -0.692101 0.102176 -0.542773 -0.833641 0.104784 -0.493966 -0.863144 -0.296389 -0.545428 -0.784004 -0.307820 -0.496527 -0.811608 -0.625894 -0.547610 -0.555321 -0.648827 -0.498647 -0.574783 -0.648827 -0.498647 -0.574783 -0.625894 -0.547610 -0.555321 -0.811598 -0.548818 -0.200267 -0.840960 -0.499827 -0.207267 -0.811600 -0.548815 0.200268 -0.840960 -0.499826 0.207269 -0.625898 -0.547606 0.555319 -0.648825 -0.498646 0.574785 -0.648825 -0.498646 0.574785 -0.625898 -0.547606 0.555319 -0.296392 -0.545427 0.784003 -0.307822 -0.496527 0.811608 0.102178 -0.542774 0.833640 0.104781 -0.493967 0.863144 0.478657 -0.540262 0.692101 0.494678 -0.491547 0.716712 0.494678 -0.491547 0.716712 0.478657 -0.540262 0.692101 0.746316 -0.538493 0.391201 0.771956 -0.489818 0.405170 0.843044 -0.537844 0.000000 0.872183 -0.489180 0.000002 0.868203 -0.195931 -0.455889 0.556663 -0.196791 -0.807093 0.556663 -0.196791 -0.807093 0.494687 -0.491544 -0.716707 0.104784 -0.493966 -0.863144 0.117732 -0.197977 -0.973111 -0.307820 -0.496527 -0.811608 -0.347859 -0.199239 -0.916132 -0.347859 -0.199239 -0.916132 -0.307820 -0.496527 -0.811608 -0.733537 -0.200297 -0.649465 -0.951175 -0.200889 -0.234330 -0.951174 -0.200890 0.234332 -0.733535 -0.200297 0.649468 -0.307822 -0.496527 0.811608 -0.347863 -0.199240 0.916130 -0.347863 -0.199240 0.916130 -0.307822 -0.496527 0.811608 0.104781 -0.493967 0.863144 0.117733 -0.197977 0.973110 0.494678 -0.491547 0.716712 0.556662 -0.196788 0.807095 0.556662 -0.196788 0.807095 0.868204 -0.195931 0.455888 0.980681 -0.195613 0.000002 0.868204 0.195930 -0.455888 0.556663 0.196790 -0.807093 0.556663 0.196790 -0.807093 0.117733 0.197978 -0.973110 -0.347859 0.199241 -0.916131 
						-0.347859 0.199241 -0.916131 -0.733534 0.200298 -0.649468 -0.951174 0.200889 -0.234331 -0.951174 0.200890 0.234331 -0.733534 0.200298 0.649468 -0.347864 0.199240 0.916130 -0.347864 0.199240 0.916130 0.117733 0.197976 0.973111 0.556664 0.196790 0.807093 0.556664 0.196790 0.807093 0.868205 0.195934 0.455884 0.980681 0.195612 0.000000 0.801847 0.424239 -0.420788 0.514044 0.425872 -0.744575 0.514044 0.425872 -0.744575 0.109031 0.428162 -0.897101 -0.319966 0.430593 -0.843926 -0.319966 0.430593 -0.843926 -0.674808 0.432602 -0.597904 -0.874858 0.433724 -0.215653 -0.874858 0.433726 0.215650 -0.674807 0.432603 0.597905 -0.319968 0.430588 0.843928 -0.319968 0.430588 0.843928 0.109027 0.428156 0.897104 0.514039 0.425877 0.744576 0.514039 0.425877 0.744576 0.801844 0.424248 0.420785 0.905830 0.423641 -0.000001 0.815010 0.391315 -0.427354 0.522920 0.392848 -0.756456 0.522920 0.392848 -0.756456 0.111503 0.395037 -0.911873 -0.324753 0.397366 -0.858275 -0.324753 0.397366 -0.858275 -0.685932 0.399266 -0.608345 -0.889701 0.400325 -0.219483 -0.889700 0.400328 0.219480 -0.685932 0.399266 0.608346 -0.324753 0.397357 0.858279 -0.324753 0.397357 0.858279 0.111503 0.395026 0.911878 0.522916 0.392855 0.756455 0.522916 0.392855 0.756455 0.815010 0.391327 0.427343 0.920489 0.390769 -0.000002 0.000000 -1.000000 0.000003 0.000000 -1.000000 0.000013 0.000000 -1.000000 0.000002 0.000000 -1.000000 0.000003 0.000000 -1.000000 0.000000 0.000000 -1.000000 0.000000 0.000000 -1.000000 0.000000 0.000000 -1.000000 0.000000 0.000000 -1.000000 0.000000 0.000000 -1.000000 -0.000003 0.000000 -1.000000 -0.000003 0.000000 -1.000000 0.000000 0.000000 -1.000000 0.000000 0.000000 -1.000000 0.000013 0.442708 0.866070 -0.232232 0.284352 0.865865 -0.411608 -0.000665 1.000000 0.000002 0.060599 0.865573 -0.497103 
						-0.177567 0.865260 -0.468824 -0.375492 0.864991 -0.332860 -0.487418 0.864856 -0.120203 -0.487418 0.864856 -0.120203 -0.487416 0.864857 0.120202 -0.000665 1.000000 0.000002 -0.487416 0.864857 0.120202 -0.375482 0.864994 0.332864 -0.177566 0.865259 0.468826 0.060604 0.865570 0.497107 0.284362 0.865860 0.411613 0.442701 0.866074 0.232233 0.499790 0.866147 0.000000 
					</float_array>
					<technique_common>
						<accessor count="141" offset="0" source="#meshId2-normals-array" stride="3">
							<param name="X" type="float" />
							<param name="Y" type="float" />
							<param name="Z" type="float" />
						</accessor>
					</technique_common>
				</source>
				<source id="meshId2-tangents" name="meshId2-tangents">
					<float_array id="meshId2-tangents-array" count="423"> 
						-0.419881 0.085644 -0.903529 -0.402275 0.103331 -0.909669 -0.691714 0.253446 -0.676238 -0.731696 0.209422 -0.648662 0.857528 0.410041 0.310663 0.869161 0.403125 0.286443 0.993100 0.104142 0.053915 0.992963 0.100123 0.063244 0.943244 -0.295938 -0.150706 0.934422 -0.318405 -0.159606 0.767139 -0.560594 -0.311822 0.741018 -0.585747 -0.328319 -0.743983 0.574268 0.341623 -0.777656 0.492281 0.391038 -0.562074 0.640046 0.523846 -0.524756 0.659929 0.537704 -0.336168 0.719076 0.608212 -0.277381 0.727110 0.627989 -0.163477 0.788334 0.593131 -0.048767 0.781061 0.622548 0.743162 -0.577559 0.337839 0.767470 -0.559104 0.313675 0.942802 -0.298225 0.148952 0.935167 -0.315005 0.161971 0.993460 0.098604 -0.057567 0.993159 0.096956 -0.065077 0.869054 0.403785 -0.285838 0.857279 0.411411 -0.309538 0.716899 -0.235381 -0.656240 0.683598 -0.265353 -0.679914 0.406971 -0.095890 -0.908394 0.427125 -0.072382 -0.901291 0.002340 0.003667 -0.999991 0.002814 0.005012 -0.999984 -0.456129 0.046612 -0.888692 -0.812061 0.075952 -0.578609 0.829363 0.075775 0.553547 0.858395 0.147491 0.491328 0.992836 0.001846 0.119472 0.992599 -0.005918 0.121294 0.950526 -0.123019 -0.285247 0.937395 -0.056307 -0.343687 -0.766273 0.623447 0.155371 -0.881193 0.470475 0.046383 -0.567597 0.706158 0.423290 -0.303162 0.750632 0.587064 -0.011776 0.782269 0.622830 0.256136 0.803663 0.537141 0.156667 0.814932 0.557980 0.445545 0.824636 0.348519 0.937517 -0.066282 0.341569 0.950831 -0.129923 0.281141 0.993490 0.012969 -0.113182 0.992955 0.010259 -0.118047 0.856107 0.133674 -0.499211 0.828096 0.054012 -0.557978 0.802295 -0.124701 -0.583757 0.460293 -0.025167 -0.887410 0.001509 0.007553 -0.999970 -0.461855 -0.016823 -0.886796 -0.805221 -0.111132 -0.582469 0.828687 -0.063299 0.556122 0.993037 -0.019498 0.116177 0.937442 0.059272 -0.343060 
						-0.439182 0.828687 0.346983 -0.252492 0.806888 0.534021 0.011387 0.781525 0.623770 0.303228 0.749931 0.587925 0.568406 0.704689 0.424651 0.776939 0.608177 0.162745 0.937244 0.049135 0.345195 0.992816 -0.002425 -0.119624 0.829839 -0.086542 -0.551251 0.813688 0.066660 -0.577466 0.458142 0.036368 -0.888135 -0.001378 0.006910 -0.999975 -0.438899 -0.059701 -0.896551 -0.747631 -0.203072 -0.632304 0.851000 -0.144411 0.504920 0.993697 -0.023314 0.109644 0.946872 0.114787 -0.300429 -0.175526 0.848392 0.499421 -0.022725 0.797611 0.602744 0.217583 0.749658 0.625036 0.476590 0.691257 0.543163 0.703924 0.620625 0.345420 0.871794 0.482561 0.084322 0.946703 0.110466 0.302572 0.993436 -0.015515 -0.113330 0.852224 -0.155049 -0.499674 0.756879 0.183241 -0.627341 0.434511 0.069416 -0.897988 -0.001870 0.003996 -0.999990 -0.433195 -0.078347 -0.897889 -0.748159 -0.213700 -0.628164 0.848265 -0.152727 0.507071 0.993519 -0.023925 0.111122 0.945385 0.109540 -0.306999 -0.167941 0.868813 0.465790 -0.028554 0.820610 0.570774 0.201923 0.776216 0.597257 0.453039 0.714685 0.532899 0.680465 0.648151 0.341858 0.848211 0.523819 0.078431 0.945365 0.108886 0.307293 0.993482 -0.022450 -0.111756 0.848568 -0.156049 -0.505549 0.751049 0.207325 -0.626850 0.431970 0.081235 -0.898222 -0.001073 0.002524 -0.999996 1.000000 0.000000 0.000771 1.000000 0.000000 0.000399 1.000000 0.000000 0.000205 0.999999 -0.000000 -0.001111 0.999994 0.000000 -0.003534 0.999998 0.000000 -0.001798 1.000000 0.000000 0.000228 1.000000 0.000000 0.000146 0.999997 0.000000 0.002257 0.999992 -0.000000 0.004049 0.999999 -0.000000 0.001382 1.000000 0.000000 -0.000470 1.000000 0.000000 0.000105 1.000000 0.000000 0.000241 0.890340 -0.455296 -0.000680 0.949426 -0.313959 -0.004555 1.000000 0.000665 0.000007 0.996656 -0.079816 -0.017481 
						0.982779 0.180665 -0.038793 0.923980 0.377487 -0.061360 0.873127 0.481406 -0.076795 0.657369 0.454069 0.601404 0.730756 0.328685 0.598300 0.747235 0.000495 0.664560 0.873128 0.481404 0.076794 0.923984 0.377478 0.061356 0.982780 0.180664 0.038792 0.996650 -0.079879 0.017581 0.949415 -0.313990 0.004602 0.890350 -0.455277 0.000623 0.866147 -0.499790 0.000000 
					</float_array>
					<technique_common>
						<accessor count="141" offset="0" source="#meshId2-tangents-array" stride="3">
							<param name="X" type="float" />
							<param name="Y" type="float" />
							<param name="Z" type="float" />
						</accessor>
					</technique_common>
				</source>
				<source id="meshId2-bitangents" name="meshId2-bitangents">
					<float_array id="meshId2-bitangents-array" count="423"> 
						0.477263 0.867609 -0.139551 0.530269 0.836274 -0.139502 0.540751 0.802428 -0.252386 0.468941 0.845297 -0.256062 0.141175 -0.768278 0.624355 0.124250 -0.738658 0.662530 0.057554 -0.833398 0.549669 0.055180 -0.863697 0.500981 -0.149817 -0.784174 0.602184 -0.179171 -0.807514 0.561977 -0.140553 -0.621175 0.770965 -0.172962 -0.638946 0.749554 0.159730 0.649283 -0.743585 0.059238 0.676596 -0.733967 -0.159316 0.537717 -0.827936 -0.131977 0.560952 -0.817261 -0.477803 0.426301 -0.768096 -0.464593 0.470621 -0.750113 -0.762579 0.280458 -0.582938 -0.759373 0.375894 -0.531089 0.163511 0.646357 0.745310 0.138711 0.622519 0.770214 0.152567 0.783308 0.602621 0.175238 0.808847 0.561301 -0.050955 0.834070 0.549300 -0.051541 0.864058 0.500747 -0.125033 0.738291 0.662792 -0.142710 0.767544 0.624908 0.491273 0.838438 0.235952 0.550982 0.798564 0.242309 0.526676 0.837156 0.147587 0.470795 0.868815 0.153338 0.537839 0.843036 0.004350 0.489172 0.872168 0.005748 0.195372 0.979509 -0.048901 0.175165 0.977499 -0.117527 -0.047775 -0.977513 0.205393 -0.135802 -0.858272 0.494901 -0.057422 -0.869479 0.490620 -0.029772 -0.980189 0.195815 0.041789 -0.859260 0.509830 0.016891 -0.978332 0.206353 0.540204 0.756054 -0.369543 0.358811 0.729461 -0.582358 0.373841 0.679133 -0.631681 0.057961 0.629440 -0.774884 -0.308431 0.589660 -0.746439 -0.629541 0.560363 -0.538212 -0.938457 0.298911 -0.173064 -0.824913 0.529414 -0.198090 -0.007331 0.977706 0.209848 -0.034147 0.858243 0.512106 0.044715 0.869384 0.492110 0.013387 0.980153 0.197790 0.149579 0.860531 0.486943 0.066210 0.978957 0.193026 0.215522 0.972484 0.088466 0.185344 0.980295 0.068336 0.195607 0.980652 0.007702 -0.181420 0.980474 0.075885 -0.204318 0.974127 0.096596 0.058351 -0.978400 -0.198314 0.004027 -0.980012 -0.198895 -0.014051 -0.978156 -0.207395 
						0.828319 0.523050 -0.200763 0.631012 0.555708 -0.541306 0.308444 0.590645 -0.745654 -0.057624 0.630275 -0.774231 -0.372616 0.680657 -0.630764 -0.524744 0.768390 -0.366360 0.023763 0.978718 -0.203829 -0.021323 0.980204 -0.196839 -0.038633 0.976619 -0.211479 -0.167441 0.978177 -0.123018 -0.190595 0.979942 -0.058190 -0.195607 0.980657 0.007046 -0.405473 0.903580 0.138327 -0.420483 0.881700 0.214007 0.107507 -0.893185 -0.436650 0.026030 -0.903401 -0.428005 -0.032491 -0.895217 -0.444444 0.931027 0.307929 -0.195876 0.737643 0.420324 -0.528403 0.432759 0.499896 -0.750216 0.086514 0.577967 -0.811461 -0.221645 0.653972 -0.723322 -0.370938 0.762712 -0.529788 0.037058 0.895763 -0.442985 -0.034604 0.903572 -0.427037 -0.097354 0.891397 -0.442644 -0.403607 0.886031 -0.228144 -0.410179 0.902882 -0.128679 -0.423637 0.905821 0.004412 -0.384839 0.916916 0.105662 -0.408428 0.894429 0.182165 0.083670 -0.906832 -0.413103 0.022081 -0.918354 -0.395144 -0.027976 -0.911099 -0.411237 0.930769 0.295406 -0.215416 0.727105 0.408883 -0.551482 0.409463 0.487062 -0.771434 0.056475 0.573553 -0.817219 -0.257808 0.648449 -0.716274 -0.418418 0.753473 -0.507154 0.028650 0.911181 -0.411009 -0.023675 0.918396 -0.394955 -0.080563 0.906264 -0.414965 -0.403093 0.895925 -0.186640 -0.386214 0.916659 -0.102834 -0.390767 0.920485 0.002742 -0.000771 0.000003 1.000000 -0.000399 0.000013 1.000000 -0.000205 0.000002 1.000000 0.001111 0.000003 0.999999 0.003534 0.000000 0.999994 0.001798 0.000000 0.999998 -0.000228 0.000000 1.000000 -0.000146 0.000000 1.000000 -0.002257 0.000000 0.999997 -0.004049 -0.000003 0.999992 -0.001382 -0.000003 0.999999 0.000470 0.000000 1.000000 -0.000105 0.000000 1.000000 -0.000241 0.000013 1.000000 -0.106324 -0.206464 -0.972660 -0.133172 -0.389496 -0.911350 0.000007 0.000002 -1.000000 -0.054808 -0.494381 -0.867515 
						0.051134 -0.467639 -0.882439 0.072574 -0.330596 -0.940978 -0.008550 -0.142384 -0.989775 0.574708 0.214117 -0.789851 0.477935 0.379459 -0.792205 0.664560 0.000443 -0.747235 0.008550 0.142382 -0.989775 -0.072576 0.330599 -0.940977 -0.051135 0.467641 -0.882438 0.054926 0.494376 -0.867511 0.133227 0.389483 -0.911347 0.106270 0.206493 -0.972660 0.000000 0.000000 -1.000000 
					</float_array>
					<technique_common>
						<accessor count="141" offset="0" source="#meshId2-bitangents-array" stride="3">
							<param name="X" type="float" />
							<param name="Y" type="float" />
							<param name="Z" type="float" />
						</accessor>
					</technique_common>
				</source>
				<source id="meshId2-tex0" name="meshId2-tex0">
					<float_array id="meshId2-tex0-array" count="282"> 
						0.197481 0.600219 0.196527 0.595034 0.200586 0.594286 0.202725 0.599423 0.650368 0.440191 0.648241 0.444871 0.644599 0.443476 0.645031 0.438294 0.640806 0.443939 0.639065 0.439027 0.637608 0.446168 0.634348 0.442152 0.237128 0.017162 0.234077 0.012479 0.237017 0.009549 0.240790 0.013210 0.239717 0.006168 0.244122 0.009037 0.241923 0.002652 0.247165 0.004590 0.634352 0.461168 0.637610 0.457151 0.640809 0.459378 0.639069 0.464291 0.644602 0.459839 0.645036 0.465021 0.648244 0.458444 0.650372 0.463123 0.181608 0.599426 0.183746 0.594288 0.187805 0.595035 0.186852 0.600221 0.192166 0.595251 0.192167 0.600430 0.198130 0.604604 0.204238 0.604215 0.061553 0.117523 0.060652 0.122088 0.055254 0.121823 0.055338 0.117383 0.049842 0.121970 0.049111 0.117476 0.235948 0.025213 0.233276 0.020931 0.240081 0.020678 0.243950 0.016112 0.247652 0.011476 0.251248 0.006691 0.249988 0.000000 0.254755 0.001657 0.049111 0.274034 0.049844 0.269540 0.055255 0.269689 0.055338 0.274129 0.060653 0.269426 0.061553 0.273991 0.180097 0.604219 0.186205 0.604606 0.192167 0.604710 0.198144 0.609748 0.204263 0.610069 0.061516 0.112045 0.055321 0.112244 0.049112 0.112195 
						0.240751 0.029004 0.244184 0.023941 0.247796 0.019178 0.251493 0.014547 0.255338 0.009970 0.259516 0.005502 0.049111 0.279315 0.055319 0.279268 0.061514 0.279469 0.180073 0.610073 0.186192 0.609750 0.192168 0.609676 0.197522 0.614151 0.202810 0.614789 0.060529 0.107466 0.055208 0.107813 0.049871 0.107700 0.245641 0.030646 0.248229 0.025996 0.251339 0.021623 0.254662 0.017461 0.258238 0.013460 0.262199 0.009907 0.049868 0.283810 0.055205 0.283699 0.060526 0.284048 0.181527 0.614792 0.186815 0.614153 0.192169 0.613993 0.196921 0.618951 0.201442 0.619553 0.059604 0.102682 0.055102 0.102998 0.050587 0.102902 0.250387 0.032339 0.252544 0.028310 0.255298 0.024340 0.258188 0.020720 0.261450 0.017156 0.264901 0.014160 0.050582 0.288608 0.055098 0.288514 0.059599 0.288832 0.182898 0.619556 0.187418 0.618952 0.192170 0.618779 0.648241 0.444871 0.650894 0.447823 0.643624 0.451658 0.644599 0.443476 0.640806 0.443939 0.637608 0.446168 0.635745 0.449678 0.635746 0.453641 0.637610 0.457151 0.640809 0.459378 0.644602 0.459839 0.648244 0.458444 0.650896 0.455490 0.651851 0.451656 0.206480 0.041744 0.203348 0.045348 0.197661 0.037097 0.198935 0.047106 
						0.194257 0.046649 0.190398 0.044126 0.188258 0.040187 0.255298 0.024340 0.258188 0.020720 0.264901 0.029043 0.188258 0.034007 0.190398 0.030068 0.194258 0.027545 0.198935 0.027088 0.203349 0.028847 0.206480 0.032450 0.207611 0.037097 
					</float_array>
					<technique_common>
						<accessor count="141" offset="0" source="#meshId2-tex0-array" stride="2">
							<param name="S" type="float" />
							<param name="T" type="float" />
						</accessor>
					</technique_common>
				</source>
				<vertices id="meshId2-vertices">
					<input semantic="POSITION" source="#meshId2-positions" />
				</vertices>
				<polylist count="156" material="defaultMaterial">
					<input offset="0" semantic="VERTEX" source="#meshId2-vertices" />
					<input offset="0" semantic="NORMAL" source="#meshId2-normals" />
					<input offset="0" semantic="TANGENT" source="#meshId2-tangents" />
					<input offset="0" semantic="BINORMAL" source="#meshId2-bitangents" />
					<input offset="0" semantic="TEXCOORD" source="#meshId2-tex0" set="0" />
					<vcount>
						3 3 3 3 3 3 3 3 3 3 3 3 3 3 3 3 3 3 3 3 3 3 3 3 3 3 3 3 3 3 3 3 3 3 3 3 3 3 3 3 3 3 3 3 3 3 3 3 3 3 3 3 3 3 3 3 3 3 3 3 3 3 3 3 
						3 3 3 3 3 3 3 3 3 3 3 3 3 3 3 3 3 3 3 3 3 3 3 3 3 3 3 3 3 3 3 3 3 3 3 3 3 3 3 3 3 3 3 3 3 3 3 3 3 3 3 3 3 3 3 3 3 3 3 3 3 3 3 3 
						3 3 3 3 3 3 3 3 3 3 3 3 3 3 3 3 3 3 3 3 3 3 3 3 3 3 3 3 
					</vcount>
					<p>
						0 1 2 2 3 0 4 5 6 6 7 4 7 6 8 8 9 7 9 8 10 10 11 9 12 13 14 14 15 12 15 14 16 16 17 15 17 16 18 18 19 17 20 21 22 22 23 20 23 22 24 24 25 23 25 24 26 26 27 25 28 29 30 30 31 28 31 30 32 32 33 31 33 32 1 1 0 33 34 0 3 3 35 34 36 37 38 38 39 36 39 38 40 40 41 39 42 43 12 12 44 42 44 12 15 15 45 44 45 15 17 17 46 45 46 17 19 19 47 46 47 19 48 48 49 47 50 51 52 52 53 50 53 52 54 54 55 53 56 28 31 31 57 56 57 31 33 33 58 57 58 33 0 0 34 58 59 34 35 35 60 59 61 36 39 39 62 61 62 39 41 41 63 62 64 42 44 44 65 64 65 44 45 45 66 65 66 45 46 46 67 66 
						67 46 47 47 68 67 68 47 49 49 69 68 70 50 53 53 71 70 71 53 55 55 72 71 73 56 57 57 74 73 74 57 58 58 75 74 75 58 34 34 59 75 76 59 60 60 77 76 78 61 62 62 79 78 79 62 63 63 80 79 81 64 65 65 82 81 82 65 66 66 83 82 83 66 67 67 84 83 84 67 68 68 85 84 85 68 69 69 86 85 87 70 71 71 88 87 88 71 72 72 89 88 90 73 74 74 91 90 91 74 75 75 92 91 92 75 59 59 76 92 93 76 77 77 94 93 95 78 79 79 96 95 96 79 80 80 97 96 98 81 82 82 99 98 99 82 83 83 100 99 100 83 84 84 101 100 101 84 85 85 102 101 102 85 86 86 103 102 104 87 88 88 105 104 105 88 89 89 106 105 107 90 91 91 108 107 108 91 92 92 109 108 
						109 92 76 76 93 109 110 111 112 113 110 112 114 113 112 115 114 112 116 115 112 117 116 112 118 117 112 119 118 112 120 119 112 121 120 112 122 121 112 123 122 112 111 123 112 124 125 126 125 127 126 127 128 126 128 129 126 129 130 126 131 132 133 134 135 126 135 136 126 136 137 126 137 138 126 138 139 126 139 140 126 140 124 126 
					</p>
				</polylist>
			</mesh>
		</geometry>
		<geometry id="meshId3" name="meshId3_name" >
			<mesh>
				<source id="meshId3-positions" name="meshId3-positions">
					<float_array id="meshId3-positions-array" count="72"> 
						-17.893969 14.203990 32.747837 -17.893969 14.107427 32.747837 -17.797407 14.107427 32.747837 -17.797407 14.203990 32.747837 -17.893969 14.203990 30.796326 -17.893969 14.203990 32.747837 -17.797407 14.203990 32.747837 -17.797407 14.203990 30.796326 -17.893969 14.107427 30.796326 -17.893969 14.203990 30.796326 -17.797407 14.203990 30.796326 -17.797407 14.107427 30.796326 -17.893969 14.107427 32.747837 -17.893969 14.107427 30.796326 -17.797407 14.107427 30.796326 -17.797407 14.107427 32.747837 -17.797407 14.203990 32.747837 -17.797407 14.107427 32.747837 -17.797407 14.107427 30.796326 -17.797407 14.203990 30.796326 -17.893969 14.203990 30.796326 -17.893969 14.107427 30.796326 -17.893969 14.107427 32.747837 -17.893969 14.203990 32.747837 
					</float_array>
					<technique_common>
						<accessor count="24" offset="0" source="#meshId3-positions-array" stride="3">
							<param name="X" type="float" />
							<param name="Y" type="float" />
							<param name="Z" type="float" />
						</accessor>
					</technique_common>
				</source>
				<source id="meshId3-normals" name="meshId3-normals">
					<float_array id="meshId3-normals-array" count="72"> 
						0.000000 0.000000 1.000000 0.000000 0.000000 1.000000 0.000000 0.000000 1.000000 0.000000 0.000000 1.000000 0.000000 1.000000 0.000000 0.000000 1.000000 0.000000 0.000000 1.000000 0.000000 0.000000 1.000000 0.000000 0.000000 0.000000 -1.000000 0.000000 0.000000 -1.000000 0.000000 0.000000 -1.000000 0.000000 0.000000 -1.000000 0.000000 -1.000000 0.000000 0.000000 -1.000000 0.000000 0.000000 -1.000000 0.000000 0.000000 -1.000000 0.000000 1.000000 0.000000 0.000000 1.000000 0.000000 0.000000 1.000000 0.000000 0.000000 1.000000 0.000000 0.000000 -1.000000 0.000000 0.000000 -1.000000 0.000000 0.000000 -1.000000 0.000000 0.000000 -1.000000 0.000000 0.000000 
					</float_array>
					<technique_common>
						<accessor count="24" offset="0" source="#meshId3-normals-array" stride="3">
							<param name="X" type="float" />
							<param name="Y" type="float" />
							<param name="Z" type="float" />
						</accessor>
					</technique_common>
				</source>
				<source id="meshId3-tangents" name="meshId3-tangents">
					<float_array id="meshId3-tangents-array" count="72"> 
						1.000000 0.000000 0.000000 1.000000 0.000000 0.000000 1.000000 0.000000 0.000000 1.000000 0.000000 0.000000 1.000000 0.000000 0.000000 1.000000 0.000000 0.000000 1.000000 0.000000 0.000000 1.000000 0.000000 0.000000 1.000000 0.000000 0.000000 1.000000 0.000000 0.000000 1.000000 0.000000 0.000000 1.000000 0.000000 0.000000 1.000000 0.000000 0.000000 1.000000 0.000000 0.000000 1.000000 0.000000 0.000000 1.000000 0.000000 0.000000 0.000000 1.000000 0.000000 0.000000 1.000000 0.000000 0.000000 1.000000 0.000000 0.000000 1.000000 0.000000 0.000000 1.000000 0.000000 0.000000 1.000000 0.000000 0.000000 1.000000 0.000000 0.000000 1.000000 0.000000 
					</float_array>
					<technique_common>
						<accessor count="24" offset="0" source="#meshId3-tangents-array" stride="3">
							<param name="X" type="float" />
							<param name="Y" type="float" />
							<param name="Z" type="float" />
						</accessor>
					</technique_common>
				</source>
				<source id="meshId3-bitangents" name="meshId3-bitangents">
					<float_array id="meshId3-bitangents-array" count="72"> 
						0.000000 1.000000 0.000000 0.000000 1.000000 0.000000 0.000000 1.000000 0.000000 0.000000 1.000000 0.000000 0.000000 0.000000 -1.000000 0.000000 0.000000 -1.000000 0.000000 0.000000 -1.000000 0.000000 0.000000 -1.000000 0.000000 -1.000000 0.000000 0.000000 -1.000000 0.000000 0.000000 -1.000000 0.000000 0.000000 -1.000000 0.000000 0.000000 0.000000 1.000000 0.000000 0.000000 1.000000 0.000000 0.000000 1.000000 0.000000 0.000000 1.000000 0.000000 0.000000 1.000000 0.000000 0.000000 1.000000 0.000000 0.000000 1.000000 0.000000 0.000000 1.000000 0.000000 0.000000 -1.000000 0.000000 0.000000 -1.000000 0.000000 0.000000 -1.000000 0.000000 0.000000 -1.000000 
					</float_array>
					<technique_common>
						<accessor count="24" offset="0" source="#meshId3-bitangents-array" stride="3">
							<param name="X" type="float" />
							<param name="Y" type="float" />
							<param name="Z" type="float" />
						</accessor>
					</technique_common>
				</source>
				<source id="meshId3-tex0" name="meshId3-tex0">
					<float_array id="meshId3-tex0-array" count="48"> 
						0.315128 0.007947 0.315128 0.000000 0.323075 0.000000 0.323075 0.007947 0.597515 0.952087 0.597515 0.791479 0.605462 0.791479 0.605462 0.952087 0.306943 0.007947 0.306943 0.000000 0.314890 0.000000 0.314890 0.007947 0.605700 0.877404 0.605700 0.716795 0.613647 0.716795 0.613647 0.877404 0.675036 0.859966 0.667089 0.859966 0.667089 0.699357 0.675036 0.699357 0.007947 0.972394 0.000000 0.972394 0.000000 0.811784 0.007947 0.811784 
					</float_array>
					<technique_common>
						<accessor count="24" offset="0" source="#meshId3-tex0-array" stride="2">
							<param name="S" type="float" />
							<param name="T" type="float" />
						</accessor>
					</technique_common>
				</source>
				<vertices id="meshId3-vertices">
					<input semantic="POSITION" source="#meshId3-positions" />
				</vertices>
				<polylist count="12" material="defaultMaterial">
					<input offset="0" semantic="VERTEX" source="#meshId3-vertices" />
					<input offset="0" semantic="NORMAL" source="#meshId3-normals" />
					<input offset="0" semantic="TANGENT" source="#meshId3-tangents" />
					<input offset="0" semantic="BINORMAL" source="#meshId3-bitangents" />
					<input offset="0" semantic="TEXCOORD" source="#meshId3-tex0" set="0" />
					<vcount>
						3 3 3 3 3 3 3 3 3 3 3 3 
					</vcount>
					<p>
						0 1 2 2 3 0 4 5 6 6 7 4 8 9 10 10 11 8 12 13 14 14 15 12 16 17 18 18 19 16 20 21 22 22 23 20 
					</p>
				</polylist>
			</mesh>
		</geometry>
		<geometry id="meshId4" name="meshId4_name" >
			<mesh>
				<source id="meshId4-positions" name="meshId4-positions">
					<float_array id="meshId4-positions-array" count="420"> 
						-17.707047 3.956194 31.669258 -17.743172 3.359853 31.688534 -17.780943 3.359853 31.645899 -17.757984 3.956194 31.611761 -17.757984 3.956194 31.611761 -17.780943 3.359853 31.645899 -17.834202 3.359853 31.625698 -17.829805 3.956194 31.584522 -17.890747 3.359853 31.632566 -17.906059 3.956194 31.593782 -17.906059 3.956194 31.593782 -17.890747 3.359853 31.632566 -17.937624 3.359853 31.664925 -17.969275 3.956194 31.637417 -17.964096 3.359853 31.715359 -18.004972 3.956194 31.705433 -17.964096 3.359853 31.772320 -18.004972 3.956194 31.782246 -17.937624 3.359853 31.822754 -17.969275 3.956194 31.850262 -17.890747 3.359853 31.855112 -17.906059 3.956194 31.893896 -17.906059 3.956194 31.893896 -17.890747 3.359853 31.855112 -17.834202 3.359853 31.861979 -17.829805 3.956194 31.903156 -17.780943 3.359853 31.841780 -17.757984 3.956194 31.875916 -17.757984 3.956194 31.875916 -17.780943 3.359853 31.841780 -17.743172 3.359853 31.799145 -17.707047 3.956194 31.818420 -17.729540 3.359853 31.743839 -17.688663 3.956194 31.743839 -17.695154 4.225146 31.662910 -17.750425 4.225146 31.600525 -17.750425 4.225146 31.600525 -17.828358 4.225146 31.570969 -17.911100 4.225146 31.581013 -17.911100 4.225146 31.581013 -17.979694 4.225146 31.628361 -18.018429 4.225146 31.702164 -18.018429 4.225146 31.785515 -17.979694 4.225146 31.859318 -17.911100 4.225146 31.906666 -17.828358 4.225146 31.916710 -17.750425 4.225146 31.887154 -17.750425 4.225146 31.887154 -17.695154 4.225146 31.824766 -17.675207 4.225146 31.743839 -17.695154 5.984795 31.662910 -17.750425 5.984795 31.600525 -17.750425 5.984795 31.600525 -17.828358 5.984795 31.570969 -17.911100 5.984795 31.581013 -17.911100 5.984795 31.581013 -17.979694 5.984795 31.628361 -18.018429 5.984795 31.702164 -18.018429 5.984795 31.785515 -17.979694 5.984795 31.859318 -17.911100 5.984795 31.906666 -17.828358 5.984795 31.916710 -17.750425 5.984795 31.887154 -17.750425 5.984795 31.887154 
						-17.695154 5.984795 31.824766 -17.675207 5.984795 31.743839 -17.695293 6.144319 31.662987 -17.750513 6.144319 31.600657 -17.750513 6.144319 31.600657 -17.828375 6.144319 31.571129 -17.911039 6.144319 31.581165 -17.911039 6.144319 31.581165 -17.979572 6.144319 31.628469 -18.018270 6.144319 31.702202 -18.018270 6.144319 31.785477 -17.979572 6.144319 31.859207 -17.911039 6.144319 31.906513 -17.828375 6.144319 31.916550 -17.750513 6.144319 31.887020 -17.750513 6.144319 31.887020 -17.695293 6.144319 31.824692 -17.675365 6.144319 31.743839 -17.731085 6.740660 31.682083 -17.773262 6.740660 31.634476 -17.773262 6.740660 31.634476 -17.832731 6.740660 31.611923 -17.895870 6.740660 31.619591 -17.895870 6.740660 31.619591 -17.948215 6.740660 31.655720 -17.977772 6.740660 31.712036 -17.977772 6.740660 31.775640 -17.948215 6.740660 31.831959 -17.895870 6.740660 31.868088 -17.832731 6.740660 31.875755 -17.773262 6.740660 31.853203 -17.773262 6.740660 31.853203 -17.731085 6.740660 31.805595 -17.715864 6.740660 31.743839 -17.780943 3.359853 31.645899 -17.743172 3.359853 31.688534 -17.849150 3.281231 31.743839 -17.834202 3.359853 31.625698 -17.890747 3.359853 31.632566 -17.937624 3.359853 31.664925 -17.964096 3.359853 31.715359 -17.964096 3.359853 31.772320 -17.964096 3.359853 31.715359 -17.849150 3.281231 31.743839 -17.937624 3.359853 31.822754 -17.964096 3.359853 31.772320 -17.849150 3.281231 31.743839 -17.890747 3.359853 31.855112 -17.834202 3.359853 31.861979 -17.780943 3.359853 31.841780 -17.743172 3.359853 31.799145 -17.729540 3.359853 31.743839 -17.743172 3.359853 31.799145 -17.849150 3.281231 31.743839 -17.743172 3.359853 31.688534 -17.731085 6.740660 31.682083 -17.773262 6.740660 31.634476 -17.849150 7.456497 31.743839 -17.773262 6.740660 31.634476 -17.832731 6.740660 31.611923 -17.849150 7.456497 31.743839 -17.895870 6.740660 31.619591 -17.895870 6.740660 31.619591 -17.948215 6.740660 31.655720 
						-17.849150 7.456497 31.743839 -17.977772 6.740660 31.712036 -17.977772 6.740660 31.775640 -17.948215 6.740660 31.831959 -17.895870 6.740660 31.868088 -17.895870 6.740660 31.868088 -17.832731 6.740660 31.875755 -17.849150 7.456497 31.743839 -17.773262 6.740660 31.853203 -17.773262 6.740660 31.853203 -17.731085 6.740660 31.805595 -17.715864 6.740660 31.743839 
					</float_array>
					<technique_common>
						<accessor count="140" offset="0" source="#meshId4-positions-array" stride="3">
							<param name="X" type="float" />
							<param name="Y" type="float" />
							<param name="Z" type="float" />
						</accessor>
					</technique_common>
				</source>
				<source id="meshId4-normals" name="meshId4-normals">
					<float_array id="meshId4-normals-array" count="420"> 
						0.883739 -0.061963 -0.463860 0.883407 -0.068500 -0.463573 0.566823 -0.068819 -0.820960 0.566923 -0.062252 -0.821416 0.566923 -0.062252 -0.821416 0.566823 -0.068819 -0.820960 0.120398 -0.069269 -0.990306 0.120246 -0.062658 -0.990765 -0.353618 -0.069745 -0.932786 -0.353957 -0.063090 -0.933131 -0.353957 -0.063090 -0.933131 -0.353618 -0.069745 -0.932786 -0.746599 -0.070141 -0.661566 -0.747030 -0.063448 -0.661756 -0.968524 -0.070364 -0.238767 -0.968975 -0.063649 -0.238822 -0.968524 -0.070364 0.238767 -0.968975 -0.063649 0.238822 -0.746597 -0.070143 0.661569 -0.747028 -0.063449 0.661758 -0.353618 -0.069746 0.932786 -0.353955 -0.063090 0.933132 -0.353955 -0.063090 0.933132 -0.353618 -0.069746 0.932786 0.120398 -0.069268 0.990306 0.120244 -0.062658 0.990765 0.566827 -0.068817 0.820958 0.566925 -0.062251 0.821414 0.566925 -0.062251 0.821414 0.566827 -0.068817 0.820958 0.883406 -0.068498 0.463576 0.883738 -0.061963 0.463861 0.997659 -0.068385 0.000000 0.998085 -0.061859 0.000000 0.885433 -0.006375 -0.464724 0.568036 -0.006404 -0.822979 0.568036 -0.006404 -0.822979 0.120535 -0.006446 -0.992688 -0.354595 -0.006490 -0.934997 -0.354595 -0.006490 -0.934997 -0.748506 -0.006527 -0.663096 -0.970923 -0.006548 -0.239304 -0.970923 -0.006548 0.239304 -0.748506 -0.006527 0.663096 -0.354599 -0.006490 0.934996 0.120535 -0.006446 0.992688 0.568040 -0.006404 0.822976 0.568040 -0.006404 0.822976 0.885432 -0.006375 0.464726 0.999980 -0.006364 0.000000 0.885454 0.000083 -0.464727 0.568057 0.000083 -0.822989 0.568057 0.000083 -0.822989 0.120551 0.000084 -0.992707 -0.354588 0.000085 -0.935023 -0.354588 0.000085 -0.935023 -0.748515 0.000086 -0.663117 -0.970943 0.000085 -0.239311 -0.970943 0.000085 0.239312 -0.748515 0.000086 0.663117 -0.354594 0.000085 0.935020 0.120551 0.000084 0.992707 0.568061 0.000083 0.822987 0.568061 0.000083 0.822987 
						0.885453 0.000083 0.464729 1.000000 0.000083 0.000000 0.884225 0.052223 -0.464133 0.567196 0.052465 -0.821910 0.567196 0.052465 -0.821910 0.120249 0.052807 -0.991338 -0.354198 0.053171 -0.933658 -0.354198 0.053171 -0.933658 -0.747490 0.053473 -0.662118 -0.969552 0.053641 -0.238937 -0.969552 0.053642 0.238939 -0.747488 0.053474 0.662120 -0.354200 0.053172 0.933657 0.120251 0.052807 0.991338 0.567196 0.052464 0.821910 0.567196 0.052464 0.821910 0.884223 0.052223 0.464136 0.998640 0.052136 0.000000 0.883449 0.067868 -0.463586 0.566836 0.068183 -0.821004 0.566836 0.068183 -0.821004 0.120393 0.068628 -0.990351 -0.353621 0.069099 -0.932833 -0.353621 0.069099 -0.932833 -0.746632 0.069491 -0.661598 -0.968573 0.069714 -0.238760 -0.968572 0.069714 0.238762 -0.746630 0.069492 0.661600 -0.353620 0.069101 0.932833 0.120393 0.068629 0.990351 0.566836 0.068183 0.821004 0.566836 0.068183 0.821004 0.883448 0.067868 0.463588 0.997702 0.067756 0.000000 0.312781 -0.835085 -0.452550 0.486643 -0.835497 -0.255194 -0.001181 -0.999999 -0.000001 0.066828 -0.834519 -0.546911 -0.195354 -0.833903 -0.516180 -0.413512 -0.833383 -0.366715 -0.537019 -0.833103 -0.132477 -0.537016 -0.833106 0.132471 -0.537019 -0.833103 -0.132477 -0.001181 -0.999999 -0.000001 -0.413509 -0.833387 0.366711 -0.537016 -0.833106 0.132471 -0.001181 -0.999999 -0.000001 -0.195354 -0.833903 0.516180 0.066828 -0.834519 0.546911 0.312784 -0.835082 0.452553 0.486646 -0.835495 0.255195 0.549274 -0.835642 -0.000004 0.486646 -0.835495 0.255195 -0.001181 -0.999999 -0.000001 0.486643 -0.835497 -0.255194 0.870522 0.182994 -0.456842 0.558535 0.182821 -0.809083 -0.000235 1.000000 0.000000 0.558535 0.182821 -0.809083 0.118589 0.182577 -0.976013 -0.000235 1.000000 0.000000 -0.348580 0.182324 -0.919375 -0.348580 0.182324 -0.919375 -0.735955 0.182121 -0.652076 
						-0.000235 1.000000 0.000000 -0.954722 0.182005 -0.235331 -0.954724 0.182001 0.235327 -0.735954 0.182123 0.652075 -0.348580 0.182327 0.919374 -0.348580 0.182327 0.919374 0.118568 0.182578 0.976016 -0.000235 1.000000 0.000000 0.558535 0.182819 0.809084 0.558535 0.182819 0.809084 0.870527 0.182988 0.456835 0.983104 0.183048 0.000000 
					</float_array>
					<technique_common>
						<accessor count="140" offset="0" source="#meshId4-normals-array" stride="3">
							<param name="X" type="float" />
							<param name="Y" type="float" />
							<param name="Z" type="float" />
						</accessor>
					</technique_common>
				</source>
				<source id="meshId4-tangents" name="meshId4-tangents">
					<float_array id="meshId4-tangents-array" count="420"> 
						-0.463865 0.015185 -0.885776 -0.462795 0.027779 -0.886030 -0.820494 0.042554 -0.570069 -0.821150 0.036783 -0.569526 0.823665 0.026869 0.566439 0.823709 0.029630 0.566237 0.992718 0.004341 0.120388 0.992736 0.003420 0.120269 0.935377 -0.021060 -0.353025 0.935250 -0.018954 -0.353479 -0.935209 0.034427 0.352418 -0.935385 0.029518 0.352396 -0.665112 0.056769 0.744582 -0.664750 0.060346 0.744624 -0.243833 0.075265 0.966892 -0.243330 0.076261 0.966941 0.232000 0.092435 0.968314 0.232678 0.090969 0.968290 0.653297 0.110570 0.748985 0.654213 0.106721 0.748743 0.922821 0.136916 0.360078 0.923052 0.137126 0.359403 0.934960 -0.049231 0.351320 0.935089 -0.051652 0.350629 0.992136 -0.025996 -0.122439 0.992308 -0.022005 -0.121823 0.822882 -0.000669 -0.568212 0.822845 -0.004435 -0.568249 0.821019 -0.038718 -0.569587 0.820478 -0.042737 -0.570078 0.462739 -0.028576 -0.886034 0.463889 -0.014806 -0.885770 0.000068 0.000989 -0.999999 0.000041 0.000654 -1.000000 -0.464716 0.002757 -0.885456 -0.822973 0.004226 -0.568065 0.823004 0.003936 0.568023 0.992709 0.000370 0.120535 0.935020 -0.002038 -0.354589 -0.932543 0.075194 0.353142 -0.661390 0.079697 0.745796 -0.239021 0.082229 0.967526 0.237907 0.084841 0.967576 0.657034 0.127959 0.742922 0.928812 0.112585 0.353035 0.992619 0.014253 -0.120434 0.822584 -0.027419 -0.567983 0.822956 -0.006055 -0.568073 0.464722 -0.002133 -0.885454 0.000002 0.000286 -1.000000 -0.464727 -0.000727 -0.885454 -0.822985 -0.003317 -0.568053 0.822989 -0.000139 0.568057 0.992707 -0.000712 0.120551 0.935022 0.000660 -0.354588 -0.931765 0.083367 0.353360 -0.660671 0.085729 0.745765 -0.238445 0.084664 0.967459 0.238489 0.083227 0.967572 0.660996 0.080024 0.746110 0.934829 0.020241 0.354520 0.992193 -0.032191 -0.120486 0.822570 -0.031879 -0.567770 0.822987 0.000271 -0.568060 
						0.464728 0.001739 -0.885452 -0.000000 0.000523 -1.000000 -0.464199 -0.011593 -0.885655 -0.821583 -0.033461 -0.569106 0.823489 -0.021084 0.566940 0.992740 -0.003556 0.120230 0.935165 0.016692 -0.353819 -0.926057 0.119102 0.358097 -0.655432 0.102717 0.748237 -0.233642 0.089608 0.968185 0.242605 0.077539 0.967021 0.664271 0.064012 0.744746 0.935144 0.012758 0.354038 0.992402 -0.032602 -0.118643 0.823463 -0.053150 -0.564875 0.821797 0.029631 -0.569009 0.464131 0.012955 -0.885672 -0.000032 0.000615 -1.000000 -0.462528 -0.031497 -0.886045 -0.818520 -0.066361 -0.570632 0.823808 -0.039505 0.565491 0.992726 -0.008163 0.120116 0.935388 0.025020 -0.352736 -0.918194 0.164693 0.360271 -0.650410 0.132551 0.747928 -0.231423 0.099221 0.967780 0.243395 0.067881 0.967549 0.664601 0.034342 0.746409 0.934956 -0.004240 0.354739 0.992298 -0.037623 -0.118023 0.823592 -0.070887 -0.562736 0.818739 0.064002 -0.570588 0.462458 0.032467 -0.886047 -0.000029 0.000424 -1.000000 0.555279 -0.225789 0.800428 0.497042 0.024575 0.867379 0.584086 -0.000691 0.811691 0.526459 -0.436133 0.729814 0.501710 -0.537213 0.678004 0.498658 -0.544277 0.674613 0.544850 -0.462441 0.699490 0.002368 0.155546 0.987826 -0.140733 -0.066363 0.987821 -0.067492 0.000079 0.997720 -0.351132 -0.225640 -0.908732 -0.277539 0.026195 -0.960357 -0.376005 0.000445 -0.926618 -0.340288 -0.435989 -0.833137 -0.329030 -0.535907 -0.777524 -0.327110 -0.542020 -0.774089 -0.365667 -0.460110 -0.809065 -0.000002 0.000003 -1.000000 0.280186 -0.127415 -0.951452 -0.000000 0.000001 -1.000000 -0.280186 0.127415 -0.951452 -0.459097 -0.032392 -0.887795 -0.809389 -0.093266 -0.579820 -0.000000 -0.000000 -1.000000 0.828157 -0.067818 0.556378 0.992843 -0.007841 0.119167 0.992888 0.000233 0.119052 0.937158 0.052035 -0.345003 -0.903825 0.194342 0.381224 -0.638765 0.132434 0.757919 
						0.014452 0.000003 0.999896 -0.220570 0.097774 0.970458 0.250621 0.065854 0.965843 0.667254 0.032027 0.744141 0.932625 -0.030158 0.359585 0.936269 0.022221 0.350579 0.992816 -0.037696 -0.113557 0.993499 0.000233 -0.113845 0.829198 -0.097601 -0.550367 0.809389 0.093265 -0.579820 0.459090 0.032391 -0.887799 0.000000 0.000000 -1.000000 
					</float_array>
					<technique_common>
						<accessor count="140" offset="0" source="#meshId4-tangents-array" stride="3">
							<param name="X" type="float" />
							<param name="Y" type="float" />
							<param name="Z" type="float" />
						</accessor>
					</technique_common>
				</source>
				<source id="meshId4-bitangents" name="meshId4-bitangents">
					<float_array id="meshId4-bitangents-array" count="420"> 
						0.061929 0.997963 -0.015323 0.073571 0.997264 -0.007161 0.074167 0.996721 -0.032345 0.065669 0.997382 -0.030265 -0.013191 -0.997699 0.066507 -0.014643 -0.997189 0.073482 -0.004040 -0.997589 0.069287 -0.004147 -0.998029 0.062614 0.004977 -0.997342 0.072685 0.004614 -0.997828 0.065714 0.009891 0.997414 -0.071188 0.002956 0.997128 -0.075676 -0.014669 0.995920 -0.089036 -0.007311 0.996159 -0.087257 -0.050064 0.994678 -0.090053 -0.043332 0.995054 -0.089382 -0.090205 0.993229 -0.073202 -0.083356 0.993818 -0.073337 -0.125686 0.991390 -0.036727 -0.118130 0.992262 -0.038214 -0.152827 0.988124 0.015947 -0.150632 0.988542 0.009699 0.023774 0.996793 0.076412 0.023726 0.996227 0.083484 0.034225 0.997259 0.065593 0.029435 0.997792 0.059530 0.039652 0.997629 0.056249 0.039017 0.998051 0.048709 0.067261 0.997309 0.029159 0.074317 0.996714 0.032238 0.073939 0.997242 0.006452 0.061753 0.997969 0.015659 0.068385 0.997658 0.000991 0.061859 0.998085 0.000655 0.006926 0.999976 -0.000522 0.007116 0.999971 -0.002870 -0.000398 -0.999972 0.007506 -0.000410 -0.999979 0.006444 0.000396 -0.999977 0.006791 0.068014 0.997148 -0.032716 0.047979 0.996798 -0.063971 0.013342 0.996592 -0.081403 -0.026638 0.996373 -0.080816 -0.089698 0.991758 -0.091490 -0.107558 0.993621 -0.033895 -0.013373 0.999878 0.008116 0.026203 0.999604 -0.010307 0.008621 0.999961 0.001831 0.006636 0.999977 0.001074 0.006364 0.999980 0.000286 -0.000411 1.000000 -0.000605 -0.002777 0.999994 -0.001816 -0.000067 -1.000000 -0.000147 -0.000697 -1.000000 -0.000169 0.000587 -1.000000 -0.000313 0.077980 0.996519 -0.029482 0.056912 0.996319 -0.064112 0.020343 0.996410 -0.082183 -0.019835 0.996531 -0.080829 -0.053001 0.996793 -0.059956 -0.018895 0.999795 -0.007257 0.031946 0.999482 -0.003964 0.026189 0.999492 -0.018177 -0.000270 1.000000 0.000086 
						-0.000882 0.999998 0.001501 -0.000083 1.000000 0.000523 -0.051632 0.998568 0.013991 -0.057360 0.998062 0.024125 0.012415 -0.998400 -0.055163 0.002824 -0.998598 -0.052851 -0.003228 -0.998446 -0.055636 0.130241 0.991457 0.007054 0.108021 0.993272 -0.041732 0.073345 0.994531 -0.074347 0.033346 0.995545 -0.088192 -0.002559 0.996515 -0.083369 0.006913 0.998504 -0.054243 0.026055 0.998072 -0.056326 0.014049 0.997207 -0.073349 -0.054207 0.998183 -0.026308 -0.052265 0.998551 -0.012783 -0.052136 0.998640 0.000616 -0.074736 0.997197 0.003565 -0.093390 0.995463 0.018193 0.006123 -0.996890 -0.078563 0.000159 -0.997609 -0.069112 -0.001034 -0.997296 -0.073482 0.178526 0.983921 0.005207 0.139670 0.988737 -0.053769 0.091158 0.992620 -0.079970 0.051244 0.995255 -0.082716 0.029149 0.996991 -0.071825 0.028468 0.997601 -0.063107 0.029160 0.996933 -0.072630 0.019829 0.995151 -0.096336 -0.091450 0.995618 -0.019546 -0.075186 0.997166 -0.002703 -0.067756 0.997702 0.000425 -0.770606 -0.501650 0.393083 -0.718421 -0.548946 0.427236 -0.811691 0.000958 0.584086 -0.847570 -0.336698 0.410194 -0.842688 -0.126522 0.523324 -0.761806 0.096095 0.640638 -0.644010 0.303460 0.702256 -0.843569 0.530792 -0.081558 -0.831748 0.549122 -0.081607 -0.997719 0.001178 -0.067492 0.840069 -0.504532 -0.199324 0.796609 -0.552493 -0.245286 0.926617 -0.001094 -0.376005 0.919805 -0.338407 -0.198595 0.941952 -0.127990 -0.310395 0.891720 0.094088 -0.442699 0.793387 0.300412 -0.529424 0.835642 0.549274 0.000000 0.827449 0.534522 0.172088 0.999999 -0.001181 -0.000000 0.827451 0.534519 -0.172089 -0.177259 0.982580 0.055814 -0.181463 0.978712 0.095881 -1.000000 -0.000235 0.000000 0.046847 -0.980804 -0.189283 0.014105 -0.983160 -0.182200 0.119052 0.000028 -0.992888 -0.015062 -0.981861 -0.189005 0.248179 0.963841 0.097045 0.224390 0.974317 0.018867 
						0.999896 0.000235 -0.014452 0.199637 0.978424 -0.053202 0.160287 0.981091 -0.108486 0.114641 0.982754 -0.145093 0.093289 0.982775 -0.159530 0.043491 0.982987 -0.178453 0.016059 0.982468 -0.185736 -0.113845 -0.000027 -0.993499 -0.021650 0.978290 -0.206107 -0.181461 0.978713 -0.095880 -0.177254 0.982581 -0.055811 -0.183048 0.983104 0.000000 
					</float_array>
					<technique_common>
						<accessor count="140" offset="0" source="#meshId4-bitangents-array" stride="3">
							<param name="X" type="float" />
							<param name="Y" type="float" />
							<param name="Z" type="float" />
						</accessor>
					</technique_common>
				</source>
				<source id="meshId4-tex0" name="meshId4-tex0">
					<float_array id="meshId4-tex0-array" count="280"> 
						0.957236 0.395229 0.955607 0.346006 0.960307 0.345888 0.963556 0.395085 0.970788 0.909226 0.969000 0.958408 0.964308 0.958350 0.964467 0.909155 0.959616 0.958368 0.958145 0.909178 0.544312 0.564635 0.544322 0.517985 0.548767 0.517783 0.550283 0.564342 0.553230 0.517495 0.556247 0.563946 0.557687 0.517133 0.562204 0.563462 0.562138 0.516697 0.568154 0.562890 0.566558 0.516179 0.574094 0.562216 0.594601 0.560980 0.597381 0.514226 0.601845 0.514376 0.600614 0.561180 0.606310 0.514452 0.606629 0.561290 0.938276 0.395085 0.941524 0.345888 0.946224 0.346006 0.944596 0.395229 0.950916 0.346150 0.950916 0.395275 0.957767 0.417372 0.964624 0.417354 0.971378 0.887023 0.964519 0.887013 0.957661 0.887016 0.544770 0.585795 0.551235 0.585294 0.557690 0.584783 0.564142 0.584259 0.570595 0.583722 0.585287 0.582612 0.600042 0.582245 0.606567 0.582429 0.937209 0.417354 0.944065 0.417372 0.950916 0.417379 0.957777 0.562227 0.964637 0.562230 0.971392 0.742191 0.964533 0.742192 0.957673 0.742191 0.555842 0.722388 0.562308 0.721859 0.568772 0.721330 0.575236 0.720805 0.581700 0.720284 0.588814 0.719794 0.595987 0.720017 0.602513 0.720210 0.937198 0.562230 
						0.944059 0.562228 0.950918 0.562226 0.957743 0.575338 0.964584 0.575469 0.971381 0.729020 0.964533 0.729084 0.957685 0.729061 0.556945 0.734927 0.563375 0.734230 0.569794 0.733629 0.576212 0.733108 0.582644 0.732665 0.589103 0.732316 0.595620 0.732487 0.602133 0.732740 0.937252 0.575469 0.944093 0.575338 0.950918 0.575297 0.956151 0.624507 0.961378 0.624761 0.969618 0.679792 0.964386 0.679914 0.959151 0.679873 0.564485 0.781151 0.569379 0.780420 0.574297 0.779865 0.579228 0.779465 0.584171 0.779219 0.589118 0.779150 0.594098 0.779258 0.599072 0.779521 0.940459 0.624761 0.945686 0.624507 0.950918 0.624426 0.755268 0.259967 0.760012 0.259283 0.760014 0.270242 0.751258 0.262879 0.748967 0.267343 0.748940 0.272303 0.751152 0.276557 0.557687 0.517133 0.553230 0.517495 0.554581 0.506507 0.501574 0.212261 0.506322 0.211593 0.506323 0.222474 0.497551 0.215161 0.495245 0.219617 0.495201 0.224573 0.497397 0.228834 0.950916 0.346150 0.946224 0.346006 0.950915 0.334628 0.955607 0.346006 0.956151 0.624507 0.961378 0.624761 0.950919 0.684359 0.969618 0.679792 0.964386 0.679914 0.963701 0.620026 0.959151 0.679873 0.564485 0.781151 0.569379 0.780420 
						0.581349 0.836148 0.574297 0.779865 0.579228 0.779465 0.584171 0.779219 0.589118 0.779150 0.589118 0.779150 0.594098 0.779258 0.591765 0.836212 0.599072 0.779521 0.940459 0.624761 0.945686 0.624507 0.950918 0.624426 
					</float_array>
					<technique_common>
						<accessor count="140" offset="0" source="#meshId4-tex0-array" stride="2">
							<param name="S" type="float" />
							<param name="T" type="float" />
						</accessor>
					</technique_common>
				</source>
				<vertices id="meshId4-vertices">
					<input semantic="POSITION" source="#meshId4-positions" />
				</vertices>
				<polylist count="156" material="defaultMaterial">
					<input offset="0" semantic="VERTEX" source="#meshId4-vertices" />
					<input offset="0" semantic="NORMAL" source="#meshId4-normals" />
					<input offset="0" semantic="TANGENT" source="#meshId4-tangents" />
					<input offset="0" semantic="BINORMAL" source="#meshId4-bitangents" />
					<input offset="0" semantic="TEXCOORD" source="#meshId4-tex0" set="0" />
					<vcount>
						3 3 3 3 3 3 3 3 3 3 3 3 3 3 3 3 3 3 3 3 3 3 3 3 3 3 3 3 3 3 3 3 3 3 3 3 3 3 3 3 3 3 3 3 3 3 3 3 3 3 3 3 3 3 3 3 3 3 3 3 3 3 3 3 
						3 3 3 3 3 3 3 3 3 3 3 3 3 3 3 3 3 3 3 3 3 3 3 3 3 3 3 3 3 3 3 3 3 3 3 3 3 3 3 3 3 3 3 3 3 3 3 3 3 3 3 3 3 3 3 3 3 3 3 3 3 3 3 3 
						3 3 3 3 3 3 3 3 3 3 3 3 3 3 3 3 3 3 3 3 3 3 3 3 3 3 3 3 
					</vcount>
					<p>
						0 1 2 2 3 0 4 5 6 6 7 4 7 6 8 8 9 7 10 11 12 12 13 10 13 12 14 14 15 13 15 14 16 16 17 15 17 16 18 18 19 17 19 18 20 20 21 19 22 23 24 24 25 22 25 24 26 26 27 25 28 29 30 30 31 28 31 30 32 32 33 31 33 32 1 1 0 33 34 0 3 3 35 34 36 4 7 7 37 36 37 7 9 9 38 37 39 10 13 13 40 39 40 13 15 15 41 40 41 15 17 17 42 41 42 17 19 19 43 42 43 19 21 21 44 43 44 22 25 25 45 44 45 25 27 27 46 45 47 28 31 31 48 47 48 31 33 33 49 48 49 33 0 0 34 49 50 34 35 35 51 50 52 36 37 37 53 52 53 37 38 38 54 53 55 39 40 40 56 55 56 40 41 41 57 56 57 41 42 42 58 57 
						58 42 43 43 59 58 59 43 44 44 60 59 60 44 45 45 61 60 61 45 46 46 62 61 63 47 48 48 64 63 64 48 49 49 65 64 65 49 34 34 50 65 66 50 51 51 67 66 68 52 53 53 69 68 69 53 54 54 70 69 71 55 56 56 72 71 72 56 57 57 73 72 73 57 58 58 74 73 74 58 59 59 75 74 75 59 60 60 76 75 76 60 61 61 77 76 77 61 62 62 78 77 79 63 64 64 80 79 80 64 65 65 81 80 81 65 50 50 66 81 82 66 67 67 83 82 84 68 69 69 85 84 85 69 70 70 86 85 87 71 72 72 88 87 88 72 73 73 89 88 89 73 74 74 90 89 90 74 75 75 91 90 91 75 76 76 92 91 92 76 77 77 93 92 93 77 78 78 94 93 95 79 80 80 96 95 96 80 81 81 97 96 
						97 81 66 66 82 97 98 99 100 101 98 100 102 101 100 103 102 100 104 103 100 105 106 107 108 109 110 111 108 110 112 111 110 113 112 110 114 113 110 115 116 117 118 115 117 119 120 121 122 123 124 123 125 124 126 127 128 127 129 128 129 130 128 130 131 128 131 132 128 133 134 135 134 136 135 137 138 121 138 139 121 139 119 121 
					</p>
				</polylist>
			</mesh>
		</geometry>
		<geometry id="meshId5" name="meshId5_name" >
			<mesh>
				<source id="meshId5-positions" name="meshId5-positions">
					<float_array id="meshId5-positions-array" count="444"> 
						-17.697136 3.086980 31.664261 -17.735680 3.052203 31.684830 -17.775982 3.052203 31.639339 -17.751484 3.086980 31.602915 -17.832808 3.052203 31.617786 -17.828117 3.086980 31.573853 -17.893141 3.052203 31.625113 -17.909477 3.086980 31.583731 -17.943157 3.052203 31.659637 -17.976929 3.086980 31.630289 -17.976929 3.086980 31.630289 -17.943157 3.052203 31.659637 -17.971401 3.052203 31.713451 -18.015017 3.086980 31.702860 -17.971401 3.052203 31.774227 -18.015017 3.086980 31.784819 -17.943157 3.052203 31.828041 -17.976929 3.086980 31.857389 -17.976929 3.086980 31.857389 -17.943157 3.052203 31.828041 -17.893141 3.052203 31.862564 -17.909477 3.086980 31.903948 -17.832808 3.052203 31.869892 -17.828117 3.086980 31.913824 -17.775982 3.052203 31.848339 -17.751484 3.086980 31.884764 -17.735680 3.052203 31.802849 -17.697136 3.086980 31.823418 -17.697136 3.086980 31.823418 -17.735680 3.052203 31.802849 -17.721136 3.052203 31.743839 -17.677521 3.086980 31.743839 -17.735680 3.052203 31.684830 -17.697136 3.086980 31.664261 -17.669567 3.118542 31.649551 -17.751484 3.086980 31.602915 -17.733963 3.118542 31.576866 -17.733963 3.118542 31.576866 -17.824760 3.118542 31.542431 -17.921162 3.118542 31.554134 -18.001081 3.118542 31.609299 -18.001081 3.118542 31.609299 -18.046209 3.118542 31.695286 -18.046209 3.118542 31.792393 -18.001081 3.118542 31.878380 -18.001081 3.118542 31.878380 -17.921162 3.118542 31.933544 -17.824760 3.118542 31.945248 -17.733963 3.118542 31.910812 -17.733963 3.118542 31.910812 -17.751484 3.086980 31.884764 -17.669567 3.118542 31.838127 -17.646328 3.118542 31.743839 -17.669567 3.159747 31.649551 -17.733963 3.159747 31.576866 -17.733963 3.159747 31.576866 -17.733963 3.118542 31.576866 -17.824760 3.118542 31.542431 -17.824760 3.159747 31.542431 -17.921162 3.118542 31.554134 -17.921162 3.159747 31.554134 -17.921162 3.159747 31.554134 -17.921162 3.118542 31.554134 -18.001081 3.159747 31.609299 
						-18.046209 3.159747 31.695286 -18.046209 3.159747 31.792393 -18.001081 3.159747 31.878380 -17.921162 3.118542 31.933544 -17.921162 3.159747 31.933544 -17.921162 3.159747 31.933544 -17.921162 3.118542 31.933544 -17.824760 3.118542 31.945248 -17.824760 3.159747 31.945248 -17.733963 3.118542 31.910812 -17.733963 3.159747 31.910812 -17.733963 3.159747 31.910812 -17.669567 3.159747 31.838127 -17.646328 3.159747 31.743839 -17.697136 3.191309 31.664261 -17.751484 3.191309 31.602915 -17.751484 3.191309 31.602915 -17.733963 3.159747 31.576866 -17.824760 3.159747 31.542431 -17.828117 3.191309 31.573853 -17.921162 3.159747 31.554134 -17.909477 3.191309 31.583731 -18.001081 3.159747 31.609299 -17.976929 3.191309 31.630289 -17.976929 3.191309 31.630289 -18.015017 3.191309 31.702860 -18.015017 3.191309 31.784819 -17.976929 3.191309 31.857389 -17.976929 3.191309 31.857389 -18.001081 3.159747 31.878380 -17.921162 3.159747 31.933544 -17.909477 3.191309 31.903948 -17.824760 3.159747 31.945248 -17.828117 3.191309 31.913824 -17.733963 3.159747 31.910812 -17.751484 3.191309 31.884764 -17.751484 3.191309 31.884764 -17.697136 3.191309 31.823418 -17.677521 3.191309 31.743839 -17.722784 3.226086 31.677946 -17.767786 3.226086 31.627151 -17.767786 3.226086 31.627151 -17.831238 3.226086 31.603088 -17.898607 3.226086 31.611267 -17.954456 3.226086 31.649818 -17.954456 3.226086 31.649818 -17.985994 3.226086 31.709908 -17.985994 3.226086 31.777769 -17.954458 3.226086 31.837860 -17.954458 3.226086 31.837860 -17.898607 3.226086 31.876411 -17.831238 3.226086 31.884590 -17.767786 3.226086 31.860525 -17.767786 3.226086 31.860525 -17.722784 3.226086 31.809731 -17.706543 3.226086 31.743839 -17.775982 3.052203 31.639339 -17.735680 3.052203 31.684830 -17.848757 3.052203 31.743839 -17.832808 3.052203 31.617786 -17.893141 3.052203 31.625113 -17.943157 3.052203 31.659637 -17.971401 3.052203 31.713451 -17.971401 3.052203 31.774227 
						-17.943157 3.052203 31.828041 -17.893141 3.052203 31.862564 -17.832808 3.052203 31.869892 -17.775982 3.052203 31.848339 -17.735680 3.052203 31.802849 -17.721136 3.052203 31.743839 -17.722784 3.226086 31.677946 -17.767786 3.226086 31.627151 -17.848757 3.267832 31.743839 -17.831238 3.226086 31.603088 -17.898607 3.226086 31.611267 -17.954456 3.226086 31.649818 -17.985994 3.226086 31.709908 -17.985994 3.226086 31.777769 -17.954458 3.226086 31.837860 -17.898607 3.226086 31.876411 -17.831238 3.226086 31.884590 -17.767786 3.226086 31.860525 -17.722784 3.226086 31.809731 -17.706543 3.226086 31.743839 
					</float_array>
					<technique_common>
						<accessor count="148" offset="0" source="#meshId5-positions-array" stride="3">
							<param name="X" type="float" />
							<param name="Y" type="float" />
							<param name="Z" type="float" />
						</accessor>
					</technique_common>
				</source>
				<source id="meshId5-normals" name="meshId5-normals">
					<float_array id="meshId5-normals-array" count="444"> 
						0.595797 -0.739762 -0.312696 0.551667 -0.782390 -0.289013 0.353445 -0.783797 -0.510625 0.381267 -0.741311 -0.552353 0.075528 -0.785763 -0.613900 0.080624 -0.743473 -0.663888 -0.217553 -0.787828 -0.576192 -0.236235 -0.745747 -0.622940 -0.458950 -0.789528 -0.407443 -0.497108 -0.747615 -0.440405 -0.497108 -0.747615 -0.440405 -0.458950 -0.789528 -0.407443 -0.594643 -0.790474 -0.146803 -0.643691 -0.748658 -0.158660 -0.594644 -0.790472 0.146805 -0.643692 -0.748658 0.158660 -0.458953 -0.789524 0.407449 -0.497108 -0.747612 0.440408 -0.497108 -0.747612 0.440408 -0.458953 -0.789524 0.407449 -0.217556 -0.787825 0.576196 -0.236236 -0.745745 0.622942 0.075528 -0.785762 0.613900 0.080624 -0.743473 0.663888 0.353450 -0.783795 0.510625 0.381269 -0.741310 0.552353 0.551671 -0.782387 0.289015 0.595797 -0.739761 0.312697 0.595797 -0.739761 0.312697 0.551671 -0.782387 0.289015 0.623426 -0.781882 0.000000 0.673487 -0.739199 0.000000 0.551667 -0.782390 -0.289013 0.595797 -0.739762 -0.312696 0.826828 -0.357411 -0.434295 0.381267 -0.741311 -0.552353 0.529794 -0.358816 -0.768485 0.529794 -0.358816 -0.768485 0.111796 -0.360785 -0.925924 -0.330989 -0.362871 -0.871075 -0.697273 -0.364595 -0.617156 -0.697273 -0.364595 -0.617156 -0.903775 -0.365569 -0.222600 -0.903774 -0.365571 0.222600 -0.697271 -0.364598 0.617156 -0.697271 -0.364598 0.617156 -0.330988 -0.362873 0.871074 0.111796 -0.360785 0.925924 0.529794 -0.358816 0.768485 0.529794 -0.358816 0.768485 0.381269 -0.741310 0.552353 0.826828 -0.357412 0.434296 0.934142 -0.356901 0.000000 0.826828 0.357411 -0.434296 0.529795 0.358815 -0.768485 0.529795 0.358815 -0.768485 0.529794 -0.358816 -0.768485 0.111796 -0.360785 -0.925924 0.111795 0.360786 -0.925924 -0.330989 -0.362871 -0.871075 -0.330989 0.362877 -0.871072 -0.330989 0.362877 -0.871072 -0.330989 -0.362871 -0.871075 -0.697271 0.364600 -0.617154 
						-0.903775 0.365570 -0.222599 -0.903774 0.365571 0.222599 -0.697271 0.364600 0.617155 -0.330988 -0.362873 0.871074 -0.330987 0.362875 0.871074 -0.330987 0.362875 0.871074 -0.330988 -0.362873 0.871074 0.111796 -0.360785 0.925924 0.111796 0.360782 0.925925 0.529794 -0.358816 0.768485 0.529794 0.358813 0.768486 0.529794 0.358813 0.768486 0.826827 0.357412 0.434296 0.934142 0.356901 0.000000 0.650378 0.678619 -0.341299 0.416403 0.680326 -0.603129 0.416403 0.680326 -0.603129 0.529795 0.358815 -0.768485 0.111795 0.360786 -0.925924 0.088168 0.682719 -0.725342 -0.330989 0.362877 -0.871072 -0.258177 0.685244 -0.681018 -0.697271 0.364600 -0.617154 -0.543645 0.687318 -0.481710 -0.543645 0.687318 -0.481710 -0.704177 0.688478 -0.173587 -0.704179 0.688476 0.173586 -0.543644 0.687317 0.481712 -0.543644 0.687317 0.481712 -0.697271 0.364600 0.617155 -0.330987 0.362875 0.871074 -0.258173 0.685244 0.681019 0.111796 0.360782 0.925925 0.088169 0.682716 0.725345 0.529794 0.358813 0.768486 0.416404 0.680323 0.603133 0.416404 0.680323 0.603133 0.650378 0.678619 0.341300 0.735061 0.678001 0.000001 0.679565 0.641377 -0.356128 0.435686 0.643119 -0.629743 0.435686 0.643119 -0.629743 0.093051 0.645573 -0.758009 -0.269156 0.648167 -0.712345 -0.568184 0.650305 -0.504253 -0.568184 0.650305 -0.504253 -0.736544 0.651503 -0.181788 -0.736550 0.651497 0.181785 -0.568187 0.650304 0.504251 -0.568187 0.650304 0.504251 -0.269150 0.648173 0.712341 0.093051 0.645574 0.758008 0.435687 0.643116 0.629745 0.435687 0.643116 0.629745 0.679567 0.641374 0.356129 0.767745 0.640755 0.000000 0.000000 -1.000000 -0.000002 0.000000 -1.000000 0.000002 0.000000 -1.000000 0.000000 0.000000 -1.000000 0.000000 0.000000 -1.000000 0.000000 0.000000 -1.000000 0.000000 0.000000 -1.000000 0.000000 0.000000 -1.000000 0.000000 
						0.000000 -1.000000 0.000000 0.000000 -1.000000 0.000000 0.000000 -1.000000 0.000000 0.000000 -1.000000 0.000004 0.000000 -1.000000 0.000000 0.000000 -1.000000 0.000000 0.249508 0.959488 -0.130875 0.160292 0.959416 -0.232008 -0.000416 1.000000 0.000000 0.034184 0.959314 -0.280266 -0.100126 0.959203 -0.264394 -0.211784 0.959112 -0.187754 -0.274963 0.959061 -0.067810 -0.274963 0.959061 0.067807 -0.211777 0.959115 0.187748 -0.100117 0.959205 0.264392 0.034177 0.959313 0.280267 0.160290 0.959416 0.232011 0.249516 0.959486 0.130878 0.281662 0.959514 0.000000 
					</float_array>
					<technique_common>
						<accessor count="148" offset="0" source="#meshId5-normals-array" stride="3">
							<param name="X" type="float" />
							<param name="Y" type="float" />
							<param name="Z" type="float" />
						</accessor>
					</technique_common>
				</source>
				<source id="meshId5-tangents" name="meshId5-tangents">
					<float_array id="meshId5-tangents-array" count="444"> 
						0.801050 0.575396 0.165039 0.832949 0.534712 0.142404 0.929721 0.354676 0.099116 0.918654 0.370697 0.136598 0.996622 0.079402 0.020984 0.996101 0.084023 0.026873 0.973640 -0.216611 -0.071445 0.967851 -0.237562 -0.082638 0.886578 -0.436828 -0.152187 0.864311 -0.471393 -0.175374 -0.787398 0.601922 -0.133023 -0.819084 0.553655 -0.150224 -0.790060 0.608359 -0.075531 -0.751442 0.657569 -0.054197 -0.795065 0.605288 0.038712 -0.751118 0.657756 0.056382 -0.830260 0.544382 0.119653 -0.789183 0.600534 0.128647 0.864508 -0.470162 0.177688 0.886607 -0.436601 0.152666 0.973494 -0.217819 0.069744 0.967730 -0.238424 0.081564 0.996850 0.074446 -0.027355 0.996217 0.081783 -0.029396 0.930302 0.351723 -0.104061 0.918391 0.372095 -0.134545 0.833020 0.534163 -0.144042 0.800335 0.579353 -0.154318 0.746256 0.653832 0.124920 0.804632 0.590468 0.062567 0.781849 0.623400 0.009205 0.739188 0.673477 0.005482 0.809955 0.585242 -0.038275 0.751134 0.651072 -0.109099 0.362559 0.928996 -0.074280 0.764043 0.589049 -0.263173 0.389324 0.907880 -0.155501 0.829634 0.407433 0.381714 0.991496 0.102958 0.079596 0.924661 -0.308902 -0.222669 0.681717 -0.603377 -0.413761 -0.360614 0.922515 -0.137563 -0.370022 0.928740 -0.022921 -0.367771 0.929329 0.033035 -0.359684 0.922703 0.138731 0.683449 -0.597752 0.419035 0.924854 -0.308002 0.223115 0.991650 0.100773 -0.080465 0.829784 0.406717 -0.382152 0.390369 0.907578 0.154640 0.749718 0.597517 0.284422 0.367103 0.927924 0.064749 0.356888 0.934108 -0.008586 -0.367884 0.927728 0.063099 -0.401690 0.904184 0.145249 0.203660 -0.933409 -0.295416 -0.203661 -0.933408 0.295417 -0.043247 -0.932649 0.358184 0.043247 -0.932649 -0.358185 0.128892 -0.931839 0.339208 -0.128894 -0.931837 -0.339214 0.128281 0.931837 0.339447 -0.128892 0.931839 -0.339208 0.354903 0.923639 0.144688 
						0.366993 0.929508 0.036483 0.369444 0.928902 -0.025541 0.356283 0.923375 -0.142973 -0.129723 0.931838 0.338894 0.128606 0.931838 -0.339321 -0.128892 -0.931838 0.339212 0.128892 -0.931839 -0.339210 -0.043247 -0.932649 -0.358184 0.043247 -0.932650 0.358180 -0.203661 -0.933408 -0.295417 0.203659 -0.933410 0.295415 -0.400037 0.904694 -0.146625 -0.363602 0.928760 -0.072102 -0.356888 0.934107 -0.008662 -0.681618 0.719686 0.132093 -0.719228 0.652291 0.239223 0.905118 -0.372836 0.204341 0.830582 -0.402848 0.384510 0.991998 -0.095534 0.082548 0.995535 -0.085047 0.040961 0.923929 0.312286 -0.220980 0.959556 0.263775 -0.098360 0.682519 0.600800 -0.416182 0.833703 0.508476 -0.215387 0.726335 0.672862 0.140337 0.690524 0.720959 0.058265 0.690403 0.721018 -0.058968 0.723532 0.674660 -0.146066 0.833482 0.509651 0.213458 0.681076 0.605424 0.411821 0.923765 0.313039 0.220601 0.959588 0.263584 0.098558 0.991851 -0.097800 -0.081649 0.995424 -0.087319 -0.038811 0.830790 -0.401824 -0.385131 0.905093 -0.373015 -0.204124 -0.722707 0.650181 -0.234435 -0.682172 0.719442 -0.130552 -0.678001 0.735061 -0.000422 -0.638146 0.756270 0.144310 -0.672652 0.697528 0.246971 0.894896 -0.384613 0.226349 0.994771 -0.092472 0.043359 0.955636 0.271624 -0.113930 0.816079 0.524031 -0.243734 0.693941 0.707990 0.131131 0.656040 0.753529 0.042488 0.650777 0.755842 -0.072057 0.681405 0.715359 -0.154755 0.816026 0.524301 0.243331 0.955640 0.271610 0.113934 0.994637 -0.094793 -0.041367 0.894811 -0.385186 -0.225708 -0.689076 0.688441 -0.226324 -0.649445 0.751729 -0.114560 -0.640622 0.767586 0.020363 0.999995 -0.000000 0.003034 1.000000 0.000000 0.000717 1.000000 0.000000 -0.000149 0.999999 0.000000 0.001152 0.999997 0.000000 -0.002434 0.999999 0.000000 -0.001374 1.000000 0.000000 -0.000169 1.000000 0.000000 -0.000228 
						0.999999 0.000000 0.001012 0.999998 0.000000 0.002084 0.999999 0.000000 -0.001441 0.999995 -0.000000 -0.003256 1.000000 0.000000 -0.000932 1.000000 0.000000 -0.000093 0.967821 -0.251641 0.000245 0.986409 -0.164294 0.002101 1.000000 0.000416 0.000140 0.999368 -0.035552 0.000202 0.994725 0.102460 -0.004984 0.976603 0.215026 -0.003168 0.961269 0.275611 0.000218 0.961274 0.275594 0.000055 0.976617 0.214960 0.003483 0.994731 0.102381 0.005237 0.999365 -0.035621 0.000057 0.986399 -0.164355 -0.001831 0.967810 -0.251681 0.000003 0.959514 -0.281662 0.000158 
					</float_array>
					<technique_common>
						<accessor count="148" offset="0" source="#meshId5-tangents-array" stride="3">
							<param name="X" type="float" />
							<param name="Y" type="float" />
							<param name="Z" type="float" />
						</accessor>
					</technique_common>
				</source>
				<source id="meshId5-bitangents" name="meshId5-bitangents">
					<float_array id="meshId5-bitangents-array" count="444"> 
						0.057835 -0.348815 0.935405 0.043124 -0.319293 0.946674 0.103419 -0.509771 0.854071 0.103494 -0.559501 0.822343 0.032256 -0.613411 0.789105 0.035803 -0.663466 0.747349 -0.068523 -0.576547 0.814186 -0.086360 -0.622435 0.777892 -0.057827 -0.431076 0.900461 -0.076492 -0.467826 0.880504 0.364539 0.280647 -0.887890 0.344189 0.264785 -0.900790 0.149014 0.071069 -0.986278 0.144905 0.084338 -0.985845 -0.119460 -0.093700 -0.988408 -0.146571 -0.082879 -0.985722 -0.316277 -0.283373 -0.905355 -0.360658 -0.283611 -0.888533 0.074222 0.469067 0.880038 0.057359 0.431314 0.900377 0.070560 0.576097 0.814330 0.087699 0.622108 0.778004 -0.024208 0.614032 0.788910 -0.032440 0.663746 0.747254 -0.098036 0.511816 0.853483 -0.105788 0.558574 0.822681 -0.041684 0.320219 0.946426 -0.067003 0.342205 0.937233 -0.296862 0.158925 0.941603 -0.219606 0.198034 0.955278 -0.007197 -0.005739 0.999958 -0.004052 -0.003692 0.999985 0.199089 -0.212973 0.956560 0.284295 -0.169876 0.943567 0.430007 -0.096041 0.897703 0.520456 -0.321682 0.790978 0.753488 -0.216806 0.620685 0.176141 -0.839791 0.513542 0.066615 -0.926949 0.369227 -0.188276 -0.879150 0.437776 -0.221522 -0.709230 0.669269 0.619490 0.126636 -0.774723 0.215117 0.061651 -0.974640 -0.218945 -0.052009 -0.974350 -0.620033 -0.125248 -0.774514 0.216127 0.713976 0.665979 0.187330 0.879465 0.437549 -0.064278 0.927189 0.369039 -0.175434 0.840138 0.513216 -0.752948 0.218066 0.620900 -0.540885 0.305668 0.783588 -0.426136 0.105895 0.898440 0.003064 0.008020 0.999963 0.425461 0.107599 0.898558 0.746969 0.231740 0.623164 -0.823310 0.000000 -0.567592 -0.823311 0.000000 -0.567591 -0.992790 0.000000 -0.119869 -0.992790 0.000000 -0.119868 -0.934790 0.000000 0.355199 -0.934790 0.000000 0.355201 0.934874 0.000611 -0.354978 0.934790 0.000000 -0.355199 0.622781 -0.118144 -0.773425 
						0.220245 -0.048720 -0.974227 -0.216110 0.059154 -0.974575 -0.621993 0.120191 -0.773743 -0.934676 -0.000828 -0.355500 -0.934831 -0.000286 -0.355094 0.934791 -0.000000 0.355198 0.934791 0.000000 0.355199 0.992790 -0.000000 -0.119869 0.992790 0.000000 -0.119869 0.823311 0.000000 -0.567591 0.823311 0.000000 -0.567590 -0.747856 -0.229742 0.622840 -0.429127 -0.098295 0.897880 -0.003092 0.008092 0.999962 0.335269 0.146725 0.930627 0.556165 0.334174 0.760926 -0.085850 -0.630991 -0.771025 -0.171615 -0.842001 -0.511452 -0.058675 -0.927743 -0.368579 -0.033723 -0.725715 -0.687169 0.191835 -0.877951 -0.438636 0.112235 -0.678869 -0.725631 0.219046 -0.711411 -0.667767 0.096898 -0.518697 -0.849449 0.420581 -0.273589 -0.865021 0.165263 -0.078837 -0.983093 -0.165757 0.078320 -0.983052 -0.425385 0.269126 -0.864071 -0.098791 0.517543 -0.849935 -0.223491 0.707480 -0.670465 -0.192630 0.877683 -0.438823 -0.111970 0.678943 -0.725603 0.061098 0.927508 -0.368776 0.036840 0.725448 -0.687291 0.170606 0.842491 -0.510982 0.086107 0.630889 -0.771080 -0.551637 -0.338269 0.762412 -0.334141 -0.147917 0.930844 -0.000287 0.000309 1.000000 0.361886 0.129193 0.923227 0.598095 0.315996 0.736498 -0.096638 -0.662171 -0.743095 -0.042103 -0.758080 -0.650802 0.119645 -0.711407 -0.692521 0.105743 -0.549996 -0.828446 0.442281 -0.275415 -0.853542 0.164664 -0.087966 -0.982419 -0.184346 0.065228 -0.980695 -0.461358 0.255669 -0.849578 -0.106140 0.549739 -0.828566 -0.119630 0.711407 -0.692524 0.045148 0.757792 -0.650932 0.097413 0.661841 -0.743288 -0.579095 -0.335336 0.743101 -0.341189 -0.153435 0.927388 0.013048 -0.015634 0.999793 -0.003034 -0.000002 0.999995 -0.000717 0.000002 1.000000 0.000149 0.000000 1.000000 -0.001152 0.000000 0.999999 0.002434 0.000000 0.999997 0.001374 0.000000 0.999999 0.000169 0.000000 1.000000 0.000228 0.000000 1.000000 
						-0.001012 0.000000 0.999999 -0.002084 0.000000 0.999998 0.001441 0.000000 0.999999 0.003256 0.000004 0.999995 0.000932 0.000000 1.000000 0.000093 0.000000 1.000000 -0.032699 -0.126725 -0.991399 -0.036102 -0.229192 -0.972712 0.000140 0.000000 -1.000000 -0.009770 -0.280096 -0.959922 0.022309 -0.263498 -0.964402 0.037334 -0.184032 -0.982211 0.018898 -0.065124 -0.997698 -0.018634 0.065196 -0.997699 -0.037018 0.184095 -0.982211 -0.022045 0.263523 -0.964401 0.010038 0.280087 -0.959922 0.036375 0.229149 -0.972712 0.032942 0.126664 -0.991399 0.000151 -0.000044 -1.000000 
					</float_array>
					<technique_common>
						<accessor count="148" offset="0" source="#meshId5-bitangents-array" stride="3">
							<param name="X" type="float" />
							<param name="Y" type="float" />
							<param name="Z" type="float" />
						</accessor>
					</technique_common>
				</source>
				<source id="meshId5-tex0" name="meshId5-tex0">
					<float_array id="meshId5-tex0-array" count="296"> 
						0.808119 0.475666 0.804264 0.478079 0.800952 0.474340 0.803411 0.470504 0.796365 0.472591 0.796849 0.468042 0.791504 0.473182 0.789912 0.468864 0.787422 0.476009 0.784247 0.472719 0.884454 0.126917 0.879903 0.124795 0.880796 0.119654 0.885335 0.120284 0.880796 0.114172 0.885335 0.113542 0.879902 0.109032 0.884452 0.106909 0.784244 0.493177 0.787420 0.489888 0.791501 0.492716 0.789907 0.497033 0.796361 0.493309 0.796844 0.497857 0.800949 0.491561 0.803407 0.495398 0.804263 0.487823 0.808117 0.490237 0.638946 0.429810 0.634350 0.428219 0.634752 0.422975 0.639242 0.422974 0.634348 0.417731 0.638944 0.416139 0.642477 0.415349 0.638399 0.409432 0.642230 0.407649 0.805179 0.467317 0.797237 0.464404 0.788598 0.465434 0.781685 0.470077 0.888452 0.128382 0.888783 0.120691 0.888783 0.113134 0.888450 0.105443 0.781681 0.495818 0.788592 0.500463 0.797231 0.501496 0.805174 0.498586 0.642235 0.438299 0.638403 0.436517 0.642479 0.430598 0.642590 0.422974 0.645757 0.415351 0.646354 0.407672 0.810330 0.047669 0.813721 0.047669 0.813720 0.055661 0.810329 0.055661 0.813720 0.063653 0.810329 0.063653 0.892013 0.136445 0.888573 0.136445 0.892133 0.128391 
						0.891930 0.120695 0.891929 0.113130 0.892131 0.105434 0.888570 0.097381 0.892010 0.097380 0.810330 0.023602 0.813721 0.023602 0.813720 0.031594 0.810329 0.031594 0.813720 0.039586 0.810329 0.039586 0.646359 0.438274 0.645759 0.430596 0.645664 0.422973 0.649224 0.416140 0.650309 0.409516 0.787230 0.531549 0.789002 0.534732 0.781075 0.537596 0.780699 0.533955 0.772307 0.536520 0.773620 0.533088 0.765310 0.531833 0.767864 0.529184 0.896083 0.126974 0.895401 0.120298 0.895401 0.113526 0.896082 0.106850 0.767868 0.507713 0.765314 0.505064 0.772312 0.500378 0.773625 0.503811 0.781081 0.499305 0.780703 0.502947 0.789007 0.502171 0.787234 0.505354 0.650313 0.436429 0.649226 0.429806 0.649018 0.422973 0.652896 0.416879 0.653970 0.411201 0.785621 0.528268 0.780372 0.530268 0.774888 0.529600 0.770276 0.526396 0.899823 0.125653 0.899109 0.119920 0.899109 0.113904 0.899821 0.108171 0.770278 0.510502 0.774891 0.507300 0.780375 0.506633 0.785623 0.508635 0.653973 0.434743 0.652898 0.429065 0.652664 0.422972 0.800952 0.474340 0.804264 0.478079 0.795071 0.482950 0.796365 0.472591 0.791504 0.473182 0.787422 0.476009 0.785067 0.480444 0.785066 0.485452 
						0.787420 0.489888 0.791501 0.492716 0.796361 0.493309 0.800949 0.491561 0.804263 0.487823 0.805476 0.482951 0.789458 0.523996 0.785621 0.528268 0.778985 0.518450 0.780372 0.530268 0.774888 0.529600 0.770276 0.526396 0.767581 0.521315 0.767582 0.515582 0.770278 0.510502 0.774891 0.507300 0.780375 0.506633 0.785623 0.508635 0.789460 0.512907 0.790841 0.518452 
					</float_array>
					<technique_common>
						<accessor count="148" offset="0" source="#meshId5-tex0-array" stride="2">
							<param name="S" type="float" />
							<param name="T" type="float" />
						</accessor>
					</technique_common>
				</source>
				<vertices id="meshId5-vertices">
					<input semantic="POSITION" source="#meshId5-positions" />
				</vertices>
				<polylist count="156" material="defaultMaterial">
					<input offset="0" semantic="VERTEX" source="#meshId5-vertices" />
					<input offset="0" semantic="NORMAL" source="#meshId5-normals" />
					<input offset="0" semantic="TANGENT" source="#meshId5-tangents" />
					<input offset="0" semantic="BINORMAL" source="#meshId5-bitangents" />
					<input offset="0" semantic="TEXCOORD" source="#meshId5-tex0" set="0" />
					<vcount>
						3 3 3 3 3 3 3 3 3 3 3 3 3 3 3 3 3 3 3 3 3 3 3 3 3 3 3 3 3 3 3 3 3 3 3 3 3 3 3 3 3 3 3 3 3 3 3 3 3 3 3 3 3 3 3 3 3 3 3 3 3 3 3 3 
						3 3 3 3 3 3 3 3 3 3 3 3 3 3 3 3 3 3 3 3 3 3 3 3 3 3 3 3 3 3 3 3 3 3 3 3 3 3 3 3 3 3 3 3 3 3 3 3 3 3 3 3 3 3 3 3 3 3 3 3 3 3 3 3 
						3 3 3 3 3 3 3 3 3 3 3 3 3 3 3 3 3 3 3 3 3 3 3 3 3 3 3 3 
					</vcount>
					<p>
						0 1 2 2 3 0 3 2 4 4 5 3 5 4 6 6 7 5 7 6 8 8 9 7 10 11 12 12 13 10 13 12 14 14 15 13 15 14 16 16 17 15 18 19 20 20 21 18 21 20 22 22 23 21 23 22 24 24 25 23 25 24 26 26 27 25 28 29 30 30 31 28 31 30 32 32 33 31 34 33 35 35 36 34 37 3 5 5 38 37 38 5 7 7 39 38 39 7 9 9 40 39 41 10 13 13 42 41 42 13 15 15 43 42 43 15 17 17 44 43 45 18 21 21 46 45 46 21 23 23 47 46 47 23 25 25 48 47 49 50 28 28 51 49 51 28 31 31 52 51 52 31 33 33 34 52 53 34 36 36 54 53 55 56 57 57 58 55 58 57 59 59 60 58 61 62 41 41 63 61 63 41 42 42 64 63 64 42 43 43 65 64 
						65 43 44 44 66 65 66 44 67 67 68 66 69 70 71 71 72 69 72 71 73 73 74 72 75 49 51 51 76 75 76 51 52 52 77 76 77 52 34 34 53 77 78 53 54 54 79 78 80 81 82 82 83 80 83 82 84 84 85 83 85 84 86 86 87 85 88 63 64 64 89 88 89 64 65 65 90 89 90 65 66 66 91 90 92 93 94 94 95 92 95 94 96 96 97 95 97 96 98 98 99 97 100 75 76 76 101 100 101 76 77 77 102 101 102 77 53 53 78 102 103 78 79 79 104 103 105 80 83 83 106 105 106 83 85 85 107 106 107 85 87 87 108 107 109 88 89 89 110 109 110 89 90 90 111 110 111 90 91 91 112 111 113 92 95 95 114 113 114 95 97 97 115 114 115 97 99 99 116 115 117 100 101 101 118 117 118 101 102 102 119 118 
						119 102 78 78 103 119 120 121 122 123 120 122 124 123 122 125 124 122 126 125 122 127 126 122 128 127 122 129 128 122 130 129 122 131 130 122 132 131 122 133 132 122 121 133 122 134 135 136 135 137 136 137 138 136 138 139 136 139 140 136 140 141 136 141 142 136 142 143 136 143 144 136 144 145 136 145 146 136 146 147 136 147 134 136 
					</p>
				</polylist>
			</mesh>
		</geometry>
		<geometry id="meshId6" name="meshId6_name" >
			<mesh>
				<source id="meshId6-positions" name="meshId6-positions">
					<float_array id="meshId6-positions-array" count="405"> 
						-17.707047 1.780866 31.665766 -17.743172 1.503289 31.685041 -17.780943 1.503289 31.642406 -17.757984 1.780866 31.608269 -17.757984 1.780866 31.608269 -17.780943 1.503289 31.642406 -17.834202 1.503289 31.622208 -17.829805 1.780866 31.581032 -17.890747 1.503289 31.629074 -17.906059 1.780866 31.590290 -17.906059 1.780866 31.590290 -17.890747 1.503289 31.629074 -17.937624 1.503289 31.661430 -17.969275 1.780866 31.633926 -17.964096 1.503289 31.711866 -18.004972 1.780866 31.701941 -17.964096 1.503289 31.768827 -18.004972 1.780866 31.778753 -17.937624 1.503289 31.819263 -17.969275 1.780866 31.846767 -17.890747 1.503289 31.851620 -17.906059 1.780866 31.890404 -17.906059 1.780866 31.890404 -17.890747 1.503289 31.851620 -17.834202 1.503289 31.858486 -17.829805 1.780866 31.899660 -17.780943 1.503289 31.838287 -17.757984 1.780866 31.872425 -17.757984 1.780866 31.872425 -17.780943 1.503289 31.838287 -17.743172 1.503289 31.795652 -17.707047 1.780866 31.814926 -17.729540 1.503289 31.740347 -17.688663 1.780866 31.740347 -17.695154 1.906054 31.659418 -17.750425 1.906054 31.597031 -17.750425 1.906054 31.597031 -17.828358 1.906054 31.567474 -17.911100 1.906054 31.577522 -17.911100 1.906054 31.577522 -17.979694 1.906054 31.624870 -18.018429 1.906054 31.698673 -18.018429 1.906054 31.782021 -17.979694 1.906054 31.855824 -17.911100 1.906054 31.903172 -17.828358 1.906054 31.913219 -17.750425 1.906054 31.883663 -17.750425 1.906054 31.883663 -17.695154 1.906054 31.821274 -17.675207 1.906054 31.740347 -17.695154 2.725111 31.659418 -17.750425 2.725111 31.597031 -17.750425 2.725111 31.597031 -17.828358 2.725111 31.567474 -17.911100 2.725111 31.577522 -17.911100 2.725111 31.577522 -17.979694 2.725111 31.624870 -18.018429 2.725111 31.698673 -18.018429 2.725111 31.782021 -17.979694 2.725111 31.855824 -17.911100 2.725111 31.903172 -17.828358 2.725111 31.913219 -17.750425 2.725111 31.883663 -17.750425 2.725111 31.883663 
						-17.695154 2.725111 31.821274 -17.675207 2.725111 31.740347 -17.695293 2.799364 31.659494 -17.750513 2.799364 31.597164 -17.750513 2.799364 31.597164 -17.828375 2.799364 31.567635 -17.911039 2.799364 31.577671 -17.911039 2.799364 31.577671 -17.979572 2.799364 31.624977 -18.018270 2.799364 31.698711 -18.018270 2.799364 31.781982 -17.979572 2.799364 31.855717 -17.911039 2.799364 31.903021 -17.911039 2.799364 31.903021 -17.828375 2.799364 31.913059 -17.750513 2.799364 31.883530 -17.750513 2.799364 31.883530 -17.695293 2.799364 31.821199 -17.675365 2.799364 31.740347 -17.731085 3.076941 31.678593 -17.773262 3.076941 31.630985 -17.773262 3.076941 31.630985 -17.832731 3.076941 31.608431 -17.895870 3.076941 31.616096 -17.895870 3.076941 31.616096 -17.948215 3.076941 31.652227 -17.977772 3.076941 31.708546 -17.977772 3.076941 31.772148 -17.948215 3.076941 31.828466 -17.895870 3.076941 31.864597 -17.895870 3.076941 31.864597 -17.832731 3.076941 31.872261 -17.773262 3.076941 31.849709 -17.773262 3.076941 31.849709 -17.731085 3.076941 31.802101 -17.715864 3.076941 31.740347 -17.780943 1.503289 31.642406 -17.743172 1.503289 31.685041 -17.849150 1.466694 31.740347 -17.834202 1.503289 31.622208 -17.890747 1.503289 31.629074 -17.937624 1.503289 31.661430 -17.964096 1.503289 31.711866 -17.964096 1.503289 31.768827 -17.937624 1.503289 31.819263 -17.890747 1.503289 31.851620 -17.834202 1.503289 31.858486 -17.780943 1.503289 31.838287 -17.743172 1.503289 31.795652 -17.729540 1.503289 31.740347 -17.731085 3.076941 31.678593 -17.773262 3.076941 31.630985 -17.849150 3.194467 31.740347 -17.773262 3.076941 31.630985 -17.832731 3.076941 31.608431 -17.849150 3.194467 31.740347 -17.895870 3.076941 31.616096 -17.948215 3.076941 31.652227 -17.948215 3.076941 31.652227 -17.977772 3.076941 31.708546 -17.849150 3.194467 31.740347 -17.977772 3.076941 31.772148 -17.948215 3.076941 31.828466 -17.948215 3.076941 31.828466 
						-17.895870 3.076941 31.864597 -17.849150 3.194467 31.740347 -17.832731 3.076941 31.872261 -17.773262 3.076941 31.849709 -17.773262 3.076941 31.849709 -17.731085 3.076941 31.802101 -17.715864 3.076941 31.740347 
					</float_array>
					<technique_common>
						<accessor count="135" offset="0" source="#meshId6-positions-array" stride="3">
							<param name="X" type="float" />
							<param name="Y" type="float" />
							<param name="Z" type="float" />
						</accessor>
					</technique_common>
				</source>
				<source id="meshId6-normals" name="meshId6-normals">
					<float_array id="meshId6-normals-array" count="405"> 
						0.877677 -0.132023 -0.460710 0.876043 -0.145931 -0.459622 0.562142 -0.146598 -0.813945 0.562960 -0.132631 -0.815773 0.562960 -0.132631 -0.815773 0.562142 -0.146598 -0.813945 0.119527 -0.147538 -0.981807 0.119326 -0.133483 -0.983841 -0.350395 -0.148538 -0.924749 -0.351505 -0.134386 -0.926491 -0.351505 -0.134386 -0.926491 -0.350395 -0.148538 -0.924749 -0.739972 -0.149366 -0.655844 -0.741701 -0.135136 -0.656976 -0.959961 -0.149832 -0.236696 -0.961985 -0.135558 -0.237084 -0.959961 -0.149831 0.236696 -0.961985 -0.135558 0.237083 -0.739972 -0.149363 0.655844 -0.741702 -0.135134 0.656976 -0.350395 -0.148535 0.924749 -0.351503 -0.134384 0.926491 -0.351503 -0.134384 0.926491 -0.350395 -0.148535 0.924749 0.119527 -0.147536 0.981808 0.119328 -0.133482 0.983841 0.562142 -0.146596 0.813945 0.562960 -0.132630 0.815773 0.562960 -0.132630 0.815773 0.562142 -0.146596 0.813945 0.876045 -0.145928 0.459619 0.877677 -0.132022 0.460710 0.989330 -0.145691 0.000000 0.991276 -0.131805 0.000000 0.885367 -0.013590 -0.464694 0.567995 -0.013653 -0.822919 0.567995 -0.013653 -0.822919 0.120490 -0.013742 -0.992619 -0.354606 -0.013834 -0.934913 -0.354606 -0.013834 -0.934913 -0.748458 -0.013912 -0.663036 -0.970848 -0.013956 -0.239288 -0.970848 -0.013956 0.239288 -0.748459 -0.013912 0.663036 -0.354605 -0.013834 0.934914 0.120491 -0.013742 0.992619 0.567999 -0.013653 0.822916 0.567999 -0.013653 0.822916 0.885367 -0.013590 0.464694 0.999908 -0.013567 0.000000 0.885456 0.000179 -0.464724 0.568068 0.000180 -0.822982 0.568068 0.000180 -0.822982 0.120532 0.000180 -0.992709 -0.354613 0.000182 -0.935013 -0.354613 0.000182 -0.935013 -0.748518 0.000183 -0.663115 -0.970941 0.000183 -0.239318 -0.970941 0.000183 0.239318 -0.748517 0.000183 0.663115 -0.354613 0.000182 0.935013 0.120533 0.000180 0.992709 0.568072 0.000179 0.822979 0.568072 0.000179 0.822979 
						0.885456 0.000178 0.464724 1.000000 0.000178 0.000000 0.879897 0.111340 -0.461936 0.564334 0.111855 -0.817934 0.564334 0.111855 -0.817934 0.119529 0.112571 -0.986428 -0.352540 0.113331 -0.928909 -0.352540 0.113331 -0.928909 -0.743747 0.113966 -0.658674 -0.964591 0.114324 -0.237684 -0.964591 0.114323 0.237685 -0.743745 0.113965 0.658677 -0.352539 0.113332 0.928909 -0.352539 0.113332 0.928909 0.119526 0.112569 0.986429 0.564334 0.111850 0.817934 0.564334 0.111850 0.817934 0.879897 0.111338 0.461937 0.993803 0.111153 0.000000 0.876217 0.144609 -0.459709 0.562252 0.145274 -0.814106 0.562252 0.145274 -0.814106 0.119560 0.146203 -0.982003 -0.350468 0.147186 -0.924937 -0.350468 0.147186 -0.924937 -0.740132 0.148006 -0.655972 -0.960164 0.148473 -0.236731 -0.960164 0.148472 0.236731 -0.740129 0.148007 0.655974 -0.350468 0.147188 0.924937 -0.350468 0.147188 0.924937 0.119554 0.146202 0.982004 0.562253 0.145271 0.814106 0.562253 0.145271 0.814106 0.876217 0.144609 0.459709 0.989524 0.144370 0.000000 0.166708 -0.956064 -0.241144 0.259254 -0.956196 -0.135927 -0.000725 -1.000000 0.000001 0.035662 -0.955880 -0.291584 -0.104170 -0.955680 -0.275362 -0.220657 -0.955512 -0.195724 -0.286661 -0.955418 -0.070724 -0.286667 -0.955416 0.070725 -0.220664 -0.955510 0.195725 -0.104170 -0.955680 0.275363 0.035666 -0.955880 0.291584 0.166714 -0.956062 0.241145 0.259251 -0.956197 0.135929 0.292566 -0.956245 0.000000 0.585785 0.749945 -0.307309 0.376164 0.749625 -0.544576 -0.000758 1.000000 -0.000003 0.376164 0.749625 -0.544576 0.080101 0.749180 -0.657506 -0.000758 1.000000 -0.000003 -0.234835 0.748708 -0.619911 -0.496398 0.748325 -0.439999 -0.496398 0.748325 -0.439999 -0.644285 0.748105 -0.158859 -0.000758 1.000000 -0.000003 -0.644285 0.748105 0.158859 -0.496396 0.748330 0.439992 -0.496396 0.748330 0.439992 
						-0.234831 0.748714 0.619905 -0.000758 1.000000 -0.000003 0.080101 0.749180 0.657505 0.376159 0.749629 0.544574 0.376159 0.749629 0.544574 0.585781 0.749949 0.307305 0.661372 0.750058 0.000000 
					</float_array>
					<technique_common>
						<accessor count="135" offset="0" source="#meshId6-normals-array" stride="3">
							<param name="X" type="float" />
							<param name="Y" type="float" />
							<param name="Z" type="float" />
						</accessor>
					</technique_common>
				</source>
				<source id="meshId6-tangents" name="meshId6-tangents">
					<float_array id="meshId6-tangents-array" count="405"> 
						-0.461102 0.029435 -0.886859 -0.459641 0.035624 -0.887390 -0.812017 0.088908 -0.576823 -0.815454 0.071586 -0.574378 0.826484 0.090014 0.555717 0.827038 0.097059 0.553704 0.992499 0.043332 0.114317 0.992558 0.040274 0.114919 0.935616 -0.010219 -0.352871 0.935194 -0.004854 -0.354103 -0.925855 -0.096717 0.365292 -0.923068 -0.112476 0.367824 -0.656053 -0.054917 0.752715 -0.658337 -0.040753 0.751620 -0.236890 -0.016814 0.971391 -0.237755 -0.011455 0.971258 0.236621 0.018593 0.971424 0.237287 0.014886 0.971325 0.655799 0.056597 0.752811 0.657722 0.045433 0.751889 0.923180 0.111779 0.367755 0.927046 0.087993 0.364477 0.936132 -0.039784 0.349390 0.936534 -0.043706 0.347841 0.992803 0.010270 -0.119322 0.992833 0.009503 -0.119129 0.826472 0.063090 -0.559431 0.825895 0.053025 -0.561325 0.814412 -0.079069 -0.574876 0.811785 -0.090357 -0.576924 0.459655 -0.035506 -0.887387 0.461460 -0.026704 -0.886759 0.000013 0.000085 -1.000000 0.000136 0.001019 -0.999999 -0.464625 0.008046 -0.885471 -0.822879 0.009855 -0.568131 0.822513 0.044938 0.566969 0.992146 0.035509 0.119941 0.934411 0.030726 -0.354870 -0.934664 -0.022177 0.354839 -0.662975 -0.009299 0.748584 -0.239279 -0.002335 0.970948 0.239233 0.005521 0.970947 0.662905 0.013170 0.748588 0.934970 0.004674 0.354695 0.992711 0.004187 -0.120444 0.823028 0.007693 -0.567949 0.822738 -0.017187 -0.568161 0.464660 -0.005768 -0.885470 0.000013 0.000962 -0.999999 -0.464720 -0.003848 -0.885450 -0.822913 -0.012801 -0.568023 0.822513 0.033632 0.567752 0.992201 0.031973 0.120476 0.934376 0.036992 -0.354364 -0.935003 0.004706 0.354610 -0.663073 0.011080 0.748473 -0.239314 0.005274 0.970928 0.239318 -0.001451 0.970940 0.663102 -0.006234 0.748504 0.934987 -0.007350 0.354605 0.992708 0.001642 -0.120533 0.822969 -0.004880 -0.568065 0.822976 0.002669 -0.568070 
						0.464711 0.007184 -0.885433 -0.000000 0.001329 -0.999999 -0.462476 -0.022495 -0.886347 -0.816005 -0.074619 -0.573208 0.823565 -0.007675 0.567170 0.992070 0.025343 0.123105 0.935430 0.070452 -0.346420 -0.930110 0.066836 0.361150 -0.659473 0.035947 0.750868 -0.237566 0.014860 0.971258 0.238295 -0.008499 0.971156 0.659824 -0.032753 0.750706 0.928802 -0.078763 0.362108 0.935761 0.033999 0.350991 0.992765 -0.002056 -0.120059 0.825244 -0.049613 -0.562593 0.818110 0.056915 -0.572238 0.461806 0.028520 -0.886522 -0.000299 0.002675 -0.999996 -0.450706 -0.091810 -0.887938 -0.792422 -0.186911 -0.580630 0.826589 -0.069010 0.558559 0.992547 0.005884 0.121720 0.935824 0.094557 -0.339546 -0.924168 0.105865 0.367023 -0.651848 0.081771 0.753928 -0.231443 0.052185 0.971448 0.232876 -0.043084 0.971552 0.651398 -0.084456 0.754021 0.923804 -0.108208 0.367258 0.936568 0.058723 0.345531 0.992825 -0.019819 -0.117921 0.826902 -0.110967 -0.551289 0.796158 0.171111 -0.580391 0.449128 0.100814 -0.887762 -0.000527 0.003609 -0.999993 0.985139 0.171759 0.000076 0.965154 0.261683 0.000001 1.000000 -0.000725 -0.000047 0.999304 0.037296 -0.000046 0.994120 -0.108286 -0.000258 0.974366 -0.224967 -0.000217 0.957819 -0.287372 -0.000122 0.957813 -0.287393 -0.000089 0.974359 -0.225001 0.000078 0.994116 -0.108324 0.000122 0.999305 0.037267 -0.000062 0.985138 0.171765 -0.000078 0.965155 0.261680 -0.000001 0.956245 0.292566 0.000000 -0.390802 -0.070813 -0.917747 -0.629769 -0.224256 -0.743707 0.000112 -0.000003 -1.000000 0.897397 -0.148477 0.415491 0.991956 0.004953 0.126490 0.999165 0.000757 -0.040846 0.968052 0.122466 -0.218808 0.849701 0.315056 -0.422786 -0.477990 0.187486 0.858123 -0.201077 0.034709 0.978960 0.000392 0.000003 1.000000 0.201884 -0.033984 0.978820 0.478723 -0.186834 0.857856 0.843171 0.295041 0.449459 
						0.964578 0.100644 0.243843 0.997853 0.000757 0.065490 0.994647 -0.016878 -0.101943 0.904566 -0.169824 -0.391050 0.630065 0.223987 -0.743538 0.391022 0.070606 -0.917669 0.000070 -0.000062 -1.000000 
					</float_array>
					<technique_common>
						<accessor count="135" offset="0" source="#meshId6-tangents-array" stride="3">
							<param name="X" type="float" />
							<param name="Y" type="float" />
							<param name="Z" type="float" />
						</accessor>
					</technique_common>
				</source>
				<source id="meshId6-bitangents" name="meshId6-bitangents">
					<float_array id="meshId6-bitangents-array" count="405"> 
						0.130647 0.990810 -0.035042 0.145871 0.988653 -0.035868 0.156927 0.985193 -0.069061 0.134578 0.988577 -0.067854 -0.000274 -0.987070 0.160292 -0.002171 -0.984423 0.175803 0.025678 -0.988107 0.151611 0.024283 -0.990232 0.137295 0.042965 -0.988854 0.142555 0.043090 -0.990917 0.127383 -0.138698 0.986198 -0.090425 -0.158648 0.982489 -0.097699 -0.148447 0.987256 -0.057355 -0.128345 0.989989 -0.058738 -0.149525 0.988569 -0.019353 -0.134378 0.990703 -0.021210 -0.149950 0.988537 0.017605 -0.135200 0.990658 0.017846 -0.149561 0.987161 0.056072 -0.131454 0.989785 0.055183 -0.157992 0.982570 0.097958 -0.130504 0.987015 0.093650 -0.010093 0.990130 0.139785 -0.011250 0.987941 0.154422 0.007521 0.989003 0.147702 0.006552 0.991006 0.133659 0.030659 0.987182 0.156623 0.031192 0.989746 0.139389 0.140748 0.988007 0.063503 0.158120 0.985061 0.068211 0.145814 0.988658 0.035972 0.129374 0.990887 0.037486 0.145691 0.989330 0.000086 0.131805 0.991275 0.001028 0.015773 0.999875 0.000810 0.015867 0.999858 -0.005637 0.029239 -0.998896 0.036754 0.033598 -0.999275 0.017913 0.033635 -0.999432 0.002031 -0.025642 0.999658 -0.005066 -0.016580 0.999860 -0.002263 -0.014109 0.999900 -0.001072 -0.014872 0.999887 -0.002021 -0.019147 0.999816 -0.000635 -0.009276 0.999893 0.011277 -0.002501 0.999897 0.014146 0.001423 0.999877 0.015607 0.021901 0.999759 0.001470 0.014714 0.999891 0.001208 0.013567 0.999908 0.000962 -0.001947 0.999993 -0.003324 -0.010638 0.999918 -0.007124 0.027781 -0.999434 0.018957 0.031762 -0.999489 0.003675 0.034523 -0.999316 -0.013288 0.004465 0.999989 -0.001499 0.007484 0.999938 -0.008172 0.001440 0.999986 -0.005077 0.000525 0.999999 0.001365 0.004271 0.999980 0.004545 0.006937 0.999973 0.002436 -0.001651 0.999999 0.000019 0.003915 0.999988 -0.002920 -0.002298 0.999996 0.001369 
						-0.003496 0.999974 0.006278 -0.000178 0.999999 0.001329 -0.109077 0.993528 0.031698 -0.125150 0.990919 0.049164 0.057164 -0.993695 -0.096451 0.038857 -0.993320 -0.108649 0.026183 -0.991056 -0.130850 0.103014 0.991307 0.081848 0.109251 0.992834 0.048422 0.114570 0.993332 0.012826 0.113046 0.993407 -0.019044 0.107128 0.992945 -0.050837 0.114202 0.990430 -0.077496 0.008196 0.992975 -0.118038 -0.011487 0.993642 -0.112000 -0.022346 0.992486 -0.120302 -0.110558 0.992094 -0.059386 -0.111878 0.993373 -0.026322 -0.111153 0.993800 0.002692 -0.170610 0.985220 -0.015269 -0.236516 0.971576 0.010027 0.024962 -0.986982 -0.158883 0.023574 -0.989237 -0.144410 0.037483 -0.984579 -0.170880 0.151939 0.983427 0.098922 0.165226 0.985600 0.035956 0.156588 0.987539 -0.015743 0.154448 0.987978 0.006792 0.167002 0.985374 -0.033903 0.154141 0.983172 -0.098049 -0.003458 0.987364 -0.158432 0.002222 0.989056 -0.147523 0.010252 0.983149 -0.182516 -0.223616 0.974483 -0.019451 -0.174723 0.984340 0.023387 -0.144369 0.989517 0.003647 0.041346 -0.237573 0.970489 0.035569 -0.131191 0.990719 0.000047 0.000001 1.000000 0.010918 -0.291380 0.956545 -0.029571 -0.273770 0.961341 -0.043824 -0.190755 0.980659 -0.020207 -0.067776 0.997496 0.020410 0.067716 0.997496 0.043964 0.190723 0.980659 0.029712 0.273755 0.961340 -0.010807 0.291384 0.956545 -0.041346 0.237574 0.970489 -0.035569 0.131193 0.990719 0.000000 0.000000 1.000000 -0.710021 0.657699 0.251599 -0.679626 0.622713 0.387734 -1.000000 -0.000758 -0.000112 0.230605 -0.644994 -0.728563 0.098020 -0.662348 -0.742756 -0.040846 -0.000034 -0.999165 -0.087905 -0.651490 -0.753547 -0.177757 -0.583738 -0.792245 0.724648 0.636285 0.264624 0.737879 0.662672 0.128064 1.000000 0.000758 -0.000392 0.737659 0.662710 -0.129135 0.724165 0.636471 -0.265500 0.206528 0.594098 -0.777428 
						0.120179 0.655209 -0.745827 0.065490 0.000047 -0.997853 -0.065276 0.662151 -0.746522 -0.200661 0.639700 -0.741970 -0.679355 0.622805 -0.388060 -0.709903 0.657716 -0.251888 -0.750058 0.661372 -0.000094 
					</float_array>
					<technique_common>
						<accessor count="135" offset="0" source="#meshId6-bitangents-array" stride="3">
							<param name="X" type="float" />
							<param name="Y" type="float" />
							<param name="Z" type="float" />
						</accessor>
					</technique_common>
				</source>
				<source id="meshId6-tex0" name="meshId6-tex0">
					<float_array id="meshId6-tex0-array" count="270"> 
						0.539791 0.644631 0.538279 0.621524 0.543016 0.621272 0.546113 0.644342 0.688064 0.805812 0.685510 0.828821 0.680809 0.828538 0.681750 0.805454 0.676100 0.828419 0.675428 0.805289 0.185431 0.303098 0.189185 0.280069 0.193920 0.280422 0.191736 0.303497 0.198755 0.280585 0.198046 0.303667 0.203624 0.280583 0.204357 0.303664 0.208459 0.280414 0.210667 0.303487 0.213193 0.280056 0.216972 0.303081 0.218714 0.303375 0.220147 0.280249 0.224863 0.280284 0.225047 0.303418 0.229578 0.280155 0.231378 0.303267 0.520824 0.644339 0.523926 0.621269 0.528664 0.621522 0.527145 0.644629 0.533471 0.621603 0.533468 0.644716 0.540294 0.654960 0.547147 0.654914 0.689005 0.795391 0.682152 0.795136 0.675299 0.794908 0.184171 0.313778 0.191008 0.313843 0.197812 0.313880 0.204603 0.313876 0.211406 0.313832 0.218243 0.313760 0.225110 0.313757 0.231976 0.313727 0.519787 0.654911 0.526640 0.654959 0.533467 0.654977 0.540302 0.722479 0.547161 0.722501 0.691308 0.727951 0.684449 0.727726 0.677591 0.727492 0.184166 0.381323 0.191012 0.381288 0.197836 0.381256 0.204651 0.381252 0.211475 0.381277 0.218322 0.381305 0.225193 0.381296 0.232064 0.381296 0.519756 0.722497 
						0.526616 0.722477 0.533459 0.722466 0.540222 0.728556 0.547034 0.728826 0.691491 0.721756 0.684656 0.721656 0.677826 0.721377 0.184326 0.387739 0.191128 0.387389 0.197880 0.387231 0.204614 0.387228 0.211365 0.387378 0.218168 0.387721 0.218356 0.387431 0.225200 0.387377 0.232044 0.387501 0.519882 0.728823 0.526694 0.728555 0.533458 0.728474 0.538609 0.751560 0.543707 0.752372 0.690466 0.698435 0.685279 0.698660 0.680135 0.698357 0.188082 0.410976 0.193376 0.410593 0.198625 0.410065 0.203893 0.410062 0.209143 0.410585 0.214437 0.410962 0.219910 0.410546 0.225068 0.410412 0.230252 0.410807 0.523203 0.752369 0.528301 0.751559 0.533455 0.751298 0.281457 0.001703 0.284639 0.005297 0.275709 0.009958 0.276968 0.000000 0.272202 0.000578 0.268249 0.003305 0.266017 0.007556 0.266017 0.012358 0.268249 0.016610 0.272201 0.019337 0.276967 0.019916 0.281456 0.018213 0.284639 0.014619 0.285788 0.009958 0.538609 0.751560 0.543707 0.752372 0.533453 0.765673 0.690466 0.698435 0.685279 0.698660 0.683987 0.684117 0.680135 0.698357 0.675274 0.696788 0.193376 0.410593 0.198625 0.410065 0.201267 0.424362 0.203893 0.410062 0.209143 0.410585 0.214994 0.411957 
						0.219910 0.410546 0.223297 0.424924 0.225068 0.410412 0.230252 0.410807 0.523203 0.752369 0.528301 0.751559 0.533455 0.751298 
					</float_array>
					<technique_common>
						<accessor count="135" offset="0" source="#meshId6-tex0-array" stride="2">
							<param name="S" type="float" />
							<param name="T" type="float" />
						</accessor>
					</technique_common>
				</source>
				<vertices id="meshId6-vertices">
					<input semantic="POSITION" source="#meshId6-positions" />
				</vertices>
				<polylist count="156" material="defaultMaterial">
					<input offset="0" semantic="VERTEX" source="#meshId6-vertices" />
					<input offset="0" semantic="NORMAL" source="#meshId6-normals" />
					<input offset="0" semantic="TANGENT" source="#meshId6-tangents" />
					<input offset="0" semantic="BINORMAL" source="#meshId6-bitangents" />
					<input offset="0" semantic="TEXCOORD" source="#meshId6-tex0" set="0" />
					<vcount>
						3 3 3 3 3 3 3 3 3 3 3 3 3 3 3 3 3 3 3 3 3 3 3 3 3 3 3 3 3 3 3 3 3 3 3 3 3 3 3 3 3 3 3 3 3 3 3 3 3 3 3 3 3 3 3 3 3 3 3 3 3 3 3 3 
						3 3 3 3 3 3 3 3 3 3 3 3 3 3 3 3 3 3 3 3 3 3 3 3 3 3 3 3 3 3 3 3 3 3 3 3 3 3 3 3 3 3 3 3 3 3 3 3 3 3 3 3 3 3 3 3 3 3 3 3 3 3 3 3 
						3 3 3 3 3 3 3 3 3 3 3 3 3 3 3 3 3 3 3 3 3 3 3 3 3 3 3 3 
					</vcount>
					<p>
						0 1 2 2 3 0 4 5 6 6 7 4 7 6 8 8 9 7 10 11 12 12 13 10 13 12 14 14 15 13 15 14 16 16 17 15 17 16 18 18 19 17 19 18 20 20 21 19 22 23 24 24 25 22 25 24 26 26 27 25 28 29 30 30 31 28 31 30 32 32 33 31 33 32 1 1 0 33 34 0 3 3 35 34 36 4 7 7 37 36 37 7 9 9 38 37 39 10 13 13 40 39 40 13 15 15 41 40 41 15 17 17 42 41 42 17 19 19 43 42 43 19 21 21 44 43 44 22 25 25 45 44 45 25 27 27 46 45 47 28 31 31 48 47 48 31 33 33 49 48 49 33 0 0 34 49 50 34 35 35 51 50 52 36 37 37 53 52 53 37 38 38 54 53 55 39 40 40 56 55 56 40 41 41 57 56 57 41 42 42 58 57 
						58 42 43 43 59 58 59 43 44 44 60 59 60 44 45 45 61 60 61 45 46 46 62 61 63 47 48 48 64 63 64 48 49 49 65 64 65 49 34 34 50 65 66 50 51 51 67 66 68 52 53 53 69 68 69 53 54 54 70 69 71 55 56 56 72 71 72 56 57 57 73 72 73 57 58 58 74 73 74 58 59 59 75 74 75 59 60 60 76 75 77 60 61 61 78 77 78 61 62 62 79 78 80 63 64 64 81 80 81 64 65 65 82 81 82 65 50 50 66 82 83 66 67 67 84 83 85 68 69 69 86 85 86 69 70 70 87 86 88 71 72 72 89 88 89 72 73 73 90 89 90 73 74 74 91 90 91 74 75 75 92 91 92 75 76 76 93 92 94 77 78 78 95 94 95 78 79 79 96 95 97 80 81 81 98 97 98 81 82 82 99 98 
						99 82 66 66 83 99 100 101 102 103 100 102 104 103 102 105 104 102 106 105 102 107 106 102 108 107 102 109 108 102 110 109 102 111 110 102 112 111 102 113 112 102 101 113 102 114 115 116 117 118 119 118 120 119 120 121 119 122 123 124 123 125 124 125 126 124 127 128 129 128 130 129 130 131 129 132 133 116 133 134 116 134 114 116 
					</p>
				</polylist>
			</mesh>
		</geometry>
		<geometry id="meshId7" name="meshId7_name" >
			<mesh>
				<source id="meshId7-positions" name="meshId7-positions">
					<float_array id="meshId7-positions-array" count="630"> 
						-16.038834 12.209761 31.195452 -16.190512 12.091578 31.244736 -16.437710 12.091578 30.759579 -16.308685 12.209761 30.665836 -16.308685 12.209761 30.665836 -16.437710 12.091578 30.759579 -16.822733 12.091578 30.374557 -16.728991 12.209761 30.245531 -17.307888 12.091578 30.127357 -17.258606 12.209761 29.975681 -17.845688 12.091578 30.042179 -17.845688 12.209761 29.882696 -18.383488 12.091578 30.127357 -18.432770 12.209761 29.975681 -18.868643 12.091578 30.374557 -18.962385 12.209761 30.245531 -19.253664 12.091578 30.759579 -19.382690 12.209761 30.665836 -19.382690 12.209761 30.665836 -19.253664 12.091578 30.759579 -19.500864 12.091578 31.244736 -19.652542 12.209761 31.195454 -19.586042 12.091578 31.782536 -19.745525 12.209761 31.782536 -19.500864 12.091578 32.320335 -19.652542 12.209761 32.369617 -19.253664 12.091578 32.805489 -19.382689 12.209761 32.899231 -19.382689 12.209761 32.899231 -19.253664 12.091578 32.805489 -18.868643 12.091578 33.190514 -18.962385 12.209761 33.319534 -18.383488 12.091578 33.437710 -18.432770 12.209761 33.589386 -17.845688 12.091578 33.522888 -17.845688 12.209761 33.682373 -17.307888 12.091578 33.437710 -17.258606 12.209761 33.589386 -16.822733 12.091578 33.190514 -16.728991 12.209761 33.319534 -16.437712 12.091578 32.805489 -16.308687 12.209761 32.899231 -16.308687 12.209761 32.899231 -16.437712 12.091578 32.805489 -16.190512 12.091578 32.320335 -16.038836 12.209761 32.369617 -16.105333 12.091578 31.782536 -15.945850 12.209761 31.782536 -16.801086 14.139068 31.443123 -16.038834 12.209761 31.195452 -16.308685 12.209761 30.665836 -16.957096 14.139068 31.136936 -16.728991 12.209761 30.245531 -17.200089 14.139068 30.893944 -17.258606 12.209761 29.975681 -17.506277 14.139068 30.737934 -17.845688 12.209761 29.882696 -17.845688 14.139068 30.684175 -18.432770 12.209761 29.975681 -18.185099 14.139068 30.737934 -18.962385 12.209761 30.245531 -18.491287 14.139068 30.893944 -19.382690 12.209761 30.665836 -18.734278 14.139068 31.136936 
						-19.652542 12.209761 31.195454 -18.890287 14.139068 31.443123 -19.745525 12.209761 31.782536 -18.944046 14.139068 31.782536 -19.652542 12.209761 32.369617 -18.890287 14.139068 32.121944 -19.382689 12.209761 32.899231 -18.734278 14.139068 32.428131 -18.962385 12.209761 33.319534 -18.491287 14.139068 32.671127 -18.432770 12.209761 33.589386 -18.185099 14.139068 32.827133 -17.845688 12.209761 33.682373 -17.845688 14.139068 32.880894 -17.258606 12.209761 33.589386 -17.506277 14.139068 32.827133 -16.728991 12.209761 33.319534 -17.200089 14.139068 32.671127 -17.200089 14.139068 32.671127 -16.728991 12.209761 33.319534 -16.308687 12.209761 32.899231 -16.957098 14.139068 32.428131 -16.038836 12.209761 32.369617 -16.801088 14.139068 32.121944 -15.945850 12.209761 31.782536 -16.747330 14.139068 31.782536 -16.899122 14.155907 31.474976 -16.801086 14.139068 31.443123 -16.957096 14.139068 31.136936 -17.040491 14.155907 31.197523 -17.200089 14.139068 30.893944 -17.260677 14.155907 30.977337 -17.506277 14.139068 30.737934 -17.538130 14.155907 30.835966 -17.845688 14.139068 30.684175 -17.845688 14.155907 30.787258 -18.185099 14.139068 30.737934 -18.153246 14.155907 30.835966 -18.491287 14.139068 30.893944 -18.430698 14.155907 30.977337 -18.734278 14.139068 31.136936 -18.650885 14.155907 31.197523 -18.890287 14.139068 31.443123 -18.792253 14.155907 31.474976 -18.944046 14.139068 31.782536 -18.840965 14.155907 31.782536 -18.890287 14.139068 32.121944 -18.792253 14.155907 32.090092 -18.734278 14.139068 32.428131 -18.650885 14.155907 32.367546 -18.491287 14.139068 32.671127 -18.430696 14.155907 32.587730 -18.185099 14.139068 32.827133 -18.153246 14.155907 32.729099 -17.845688 14.139068 32.880894 -17.845688 14.155907 32.777813 -17.506277 14.139068 32.827133 -17.538130 14.155907 32.729099 -17.200089 14.139068 32.671127 -17.260679 14.155907 32.587730 -16.957098 14.139068 32.428131 -17.040491 14.155907 32.367546 -16.801088 14.139068 32.121944 -16.899122 14.155907 32.090092 
						-16.747330 14.139068 31.782536 -16.850410 14.155907 31.782536 -17.040491 14.155907 31.197523 -16.437710 12.091578 30.759579 -16.190512 12.091578 31.244736 -16.899122 14.155907 31.474976 -16.899122 14.155907 31.474976 -16.190512 12.091578 31.244736 -16.105333 12.091578 31.782536 -16.850410 14.155907 31.782536 -16.850410 14.155907 31.782536 -16.105333 12.091578 31.782536 -16.190512 12.091578 32.320335 -16.899122 14.155907 32.090092 -16.899122 14.155907 32.090092 -16.190512 12.091578 32.320335 -16.437712 12.091578 32.805489 -17.040491 14.155907 32.367546 -17.040491 14.155907 32.367546 -16.437712 12.091578 32.805489 -16.822733 12.091578 33.190514 -17.260679 14.155907 32.587730 -17.260679 14.155907 32.587730 -16.822733 12.091578 33.190514 -17.307888 12.091578 33.437710 -17.538130 14.155907 32.729099 -17.538130 14.155907 32.729099 -17.307888 12.091578 33.437710 -17.845688 12.091578 33.522888 -17.845688 14.155907 32.777813 -17.845688 14.155907 32.777813 -17.845688 12.091578 33.522888 -18.383488 12.091578 33.437710 -18.153246 14.155907 32.729099 -18.153246 14.155907 32.729099 -18.383488 12.091578 33.437710 -18.868643 12.091578 33.190514 -18.430696 14.155907 32.587730 -18.430696 14.155907 32.587730 -18.868643 12.091578 33.190514 -19.253664 12.091578 32.805489 -18.650885 14.155907 32.367546 -18.650885 14.155907 32.367546 -19.253664 12.091578 32.805489 -19.500864 12.091578 32.320335 -18.792253 14.155907 32.090092 -18.792253 14.155907 32.090092 -19.500864 12.091578 32.320335 -19.586042 12.091578 31.782536 -18.840965 14.155907 31.782536 -18.840965 14.155907 31.782536 -19.586042 12.091578 31.782536 -19.500864 12.091578 31.244736 -18.792253 14.155907 31.474976 -18.792253 14.155907 31.474976 -19.500864 12.091578 31.244736 -19.253664 12.091578 30.759579 -18.650885 14.155907 31.197523 -18.650885 14.155907 31.197523 -19.253664 12.091578 30.759579 -18.868643 12.091578 30.374557 -18.430698 14.155907 30.977337 -18.430698 14.155907 30.977337 -18.868643 12.091578 30.374557 
						-18.383488 12.091578 30.127357 -18.153246 14.155907 30.835966 -18.153246 14.155907 30.835966 -18.383488 12.091578 30.127357 -17.845688 12.091578 30.042179 -17.845688 14.155907 30.787258 -17.845688 14.155907 30.787258 -17.845688 12.091578 30.042179 -17.307888 12.091578 30.127357 -17.538130 14.155907 30.835966 -17.538130 14.155907 30.835966 -17.307888 12.091578 30.127357 -16.822733 12.091578 30.374557 -17.260677 14.155907 30.977337 -17.260677 14.155907 30.977337 -16.822733 12.091578 30.374557 -16.437710 12.091578 30.759579 -17.040491 14.155907 31.197523 
					</float_array>
					<technique_common>
						<accessor count="210" offset="0" source="#meshId7-positions-array" stride="3">
							<param name="X" type="float" />
							<param name="Y" type="float" />
							<param name="Z" type="float" />
						</accessor>
					</technique_common>
				</source>
				<source id="meshId7-normals" name="meshId7-normals">
					<float_array id="meshId7-normals-array" count="630"> 
						0.566243 -0.803442 -0.183983 0.566243 -0.803442 -0.183982 0.481673 -0.803444 -0.349955 0.481673 -0.803444 -0.349956 0.481673 -0.803444 -0.349956 0.481673 -0.803444 -0.349955 0.349955 -0.803444 -0.481673 0.349955 -0.803444 -0.481673 0.183984 -0.803443 -0.566242 0.183984 -0.803443 -0.566242 -0.000000 -0.803443 -0.595382 -0.000000 -0.803443 -0.595382 -0.183984 -0.803442 -0.566242 -0.183984 -0.803442 -0.566243 -0.349955 -0.803444 -0.481674 -0.349956 -0.803443 -0.481674 -0.481671 -0.803446 -0.349954 -0.481671 -0.803446 -0.349954 -0.481671 -0.803446 -0.349954 -0.481671 -0.803446 -0.349954 -0.566239 -0.803445 -0.183982 -0.566239 -0.803445 -0.183982 -0.595381 -0.803443 0.000000 -0.595381 -0.803443 0.000000 -0.566242 -0.803443 0.183983 -0.566242 -0.803443 0.183983 -0.481678 -0.803441 0.349957 -0.481678 -0.803441 0.349957 -0.481678 -0.803441 0.349957 -0.481678 -0.803441 0.349957 -0.349960 -0.803439 0.481678 -0.349961 -0.803439 0.481677 -0.183984 -0.803442 0.566243 -0.183983 -0.803442 0.566243 0.000000 -0.803445 0.595379 0.000000 -0.803445 0.595379 0.183984 -0.803441 0.566244 0.183984 -0.803441 0.566244 0.349958 -0.803441 0.481676 0.349959 -0.803441 0.481675 0.481677 -0.803442 0.349956 0.481677 -0.803442 0.349956 0.481677 -0.803442 0.349956 0.481677 -0.803442 0.349956 0.566244 -0.803441 0.183984 0.566244 -0.803441 0.183983 0.595383 -0.803442 0.000001 0.595383 -0.803442 0.000000 0.878286 0.383637 -0.285370 0.878286 0.383637 -0.285370 0.747114 0.383637 -0.542811 0.747114 0.383637 -0.542810 0.542809 0.383638 -0.747115 0.542809 0.383638 -0.747115 0.285373 0.383637 -0.878285 0.285373 0.383637 -0.878285 0.000000 0.383636 -0.923484 0.000000 0.383636 -0.923484 -0.285373 0.383637 -0.878285 -0.285373 0.383637 -0.878285 -0.542809 0.383638 -0.747114 -0.542809 0.383638 -0.747115 -0.747114 0.383638 -0.542809 -0.747114 0.383638 -0.542809 
						-0.878286 0.383638 -0.285371 -0.878286 0.383638 -0.285371 -0.923484 0.383637 0.000000 -0.923484 0.383637 0.000000 -0.878285 0.383637 0.285373 -0.878285 0.383637 0.285373 -0.747114 0.383637 0.542810 -0.747115 0.383637 0.542810 -0.542810 0.383637 0.747115 -0.542809 0.383637 0.747115 -0.285372 0.383637 0.878286 -0.285372 0.383637 0.878286 0.000000 0.383636 0.923484 0.000000 0.383636 0.923484 0.285372 0.383637 0.878286 0.285372 0.383637 0.878286 0.542810 0.383637 0.747114 0.542810 0.383637 0.747114 0.542810 0.383637 0.747114 0.542810 0.383637 0.747114 0.747115 0.383637 0.542809 0.747115 0.383637 0.542809 0.878285 0.383637 0.285373 0.878285 0.383637 0.285373 0.923484 0.383637 0.000002 0.923484 0.383637 0.000002 0.153328 0.986919 -0.049820 0.153328 0.986919 -0.049820 0.130430 0.986918 -0.094763 0.130430 0.986918 -0.094763 0.094764 0.986918 -0.130433 0.094764 0.986918 -0.130433 0.049820 0.986919 -0.153329 0.049820 0.986919 -0.153329 0.000000 0.986919 -0.161214 0.000000 0.986919 -0.161214 -0.049820 0.986919 -0.153328 -0.049820 0.986919 -0.153328 -0.094765 0.986918 -0.130435 -0.094765 0.986918 -0.130435 -0.130431 0.986918 -0.094767 -0.130432 0.986918 -0.094767 -0.153329 0.986918 -0.049821 -0.153329 0.986918 -0.049821 -0.161218 0.986919 -0.000002 -0.161218 0.986919 -0.000002 -0.153331 0.986918 0.049821 -0.153331 0.986918 0.049821 -0.130433 0.986918 0.094767 -0.130433 0.986918 0.094767 -0.094764 0.986919 0.130428 -0.094764 0.986919 0.130428 -0.049820 0.986919 0.153327 -0.049820 0.986919 0.153327 0.000000 0.986919 0.161216 0.000000 0.986919 0.161216 0.049820 0.986919 0.153324 0.049820 0.986919 0.153324 0.094764 0.986918 0.130429 0.094764 0.986918 0.130429 0.130433 0.986918 0.094766 0.130432 0.986918 0.094767 0.153330 0.986918 0.049821 0.153330 0.986918 0.049821 
						0.161219 0.986919 -0.000002 0.161219 0.986919 -0.000002 -0.839273 -0.335788 0.427630 -0.839273 -0.335788 0.427629 -0.839273 -0.335788 0.427629 -0.839273 -0.335788 0.427629 -0.930341 -0.335788 0.147350 -0.930341 -0.335788 0.147350 -0.930341 -0.335788 0.147350 -0.930341 -0.335788 0.147350 -0.930341 -0.335788 -0.147351 -0.930341 -0.335788 -0.147351 -0.930341 -0.335788 -0.147351 -0.930341 -0.335788 -0.147351 -0.839272 -0.335787 -0.427632 -0.839272 -0.335787 -0.427632 -0.839272 -0.335787 -0.427632 -0.839272 -0.335787 -0.427632 -0.666051 -0.335788 -0.666050 -0.666051 -0.335788 -0.666050 -0.666051 -0.335788 -0.666050 -0.666051 -0.335788 -0.666050 -0.427630 -0.335786 -0.839274 -0.427630 -0.335786 -0.839274 -0.427630 -0.335786 -0.839274 -0.427630 -0.335786 -0.839274 -0.147352 -0.335789 -0.930340 -0.147352 -0.335789 -0.930340 -0.147352 -0.335789 -0.930340 -0.147352 -0.335789 -0.930340 0.147352 -0.335787 -0.930341 0.147352 -0.335787 -0.930341 0.147352 -0.335787 -0.930341 0.147352 -0.335787 -0.930341 0.427630 -0.335787 -0.839273 0.427630 -0.335787 -0.839273 0.427630 -0.335787 -0.839273 0.427630 -0.335787 -0.839273 0.666050 -0.335788 -0.666050 0.666050 -0.335788 -0.666050 0.666050 -0.335788 -0.666050 0.666050 -0.335788 -0.666050 0.839272 -0.335788 -0.427631 0.839273 -0.335788 -0.427631 0.839272 -0.335788 -0.427631 0.839273 -0.335788 -0.427631 0.930341 -0.335787 -0.147351 0.930341 -0.335787 -0.147351 0.930341 -0.335787 -0.147351 0.930341 -0.335787 -0.147351 0.930341 -0.335788 0.147350 0.930341 -0.335788 0.147350 0.930341 -0.335788 0.147350 0.930341 -0.335788 0.147350 0.839273 -0.335787 0.427631 0.839273 -0.335787 0.427631 0.839273 -0.335787 0.427631 0.839273 -0.335787 0.427631 0.666051 -0.335787 0.666050 0.666051 -0.335787 0.666050 0.666051 -0.335787 0.666050 0.666051 -0.335787 0.666050 0.427631 -0.335786 0.839273 0.427631 -0.335786 0.839273 
						0.427631 -0.335786 0.839273 0.427631 -0.335786 0.839273 0.147348 -0.335788 0.930341 0.147348 -0.335788 0.930341 0.147348 -0.335788 0.930341 0.147348 -0.335788 0.930341 -0.147348 -0.335789 0.930341 -0.147348 -0.335789 0.930341 -0.147348 -0.335789 0.930341 -0.147348 -0.335789 0.930341 -0.427631 -0.335786 0.839273 -0.427631 -0.335786 0.839273 -0.427631 -0.335786 0.839273 -0.427631 -0.335786 0.839273 -0.666050 -0.335788 0.666050 -0.666050 -0.335788 0.666050 -0.666050 -0.335788 0.666050 -0.666050 -0.335788 0.666050 
					</float_array>
					<technique_common>
						<accessor count="210" offset="0" source="#meshId7-normals-array" stride="3">
							<param name="X" type="float" />
							<param name="Y" type="float" />
							<param name="Z" type="float" />
						</accessor>
					</technique_common>
				</source>
				<source id="meshId7-tangents" name="meshId7-tangents">
					<float_array id="meshId7-tangents-array" count="630"> 
						0.321309 0.420723 -0.848382 0.335047 0.428308 -0.839223 0.146551 0.467557 -0.871730 0.127446 0.459309 -0.879086 0.060813 -0.367726 0.927944 0.065576 -0.365168 0.928629 0.094957 -0.481113 0.871500 0.086764 -0.484177 0.870658 0.061978 -0.565447 0.822453 0.049543 -0.567764 0.821700 0.006101 -0.595371 0.803428 -0.006428 -0.595370 0.803426 -0.050924 -0.567511 0.821789 -0.060768 -0.565678 0.822384 -0.086568 -0.484250 0.870636 -0.091448 -0.482431 0.871147 -0.057655 -0.369412 0.927475 -0.059668 -0.368336 0.927776 -0.271599 -0.242808 0.931278 -0.270643 -0.243432 0.931393 -0.070692 -0.175053 0.982018 -0.071152 -0.174734 0.982042 0.247323 -0.183276 0.951442 0.247230 -0.183206 0.951479 0.528029 -0.182200 0.829451 0.528165 -0.182322 0.829337 0.693385 -0.105201 0.712846 0.693631 -0.105470 0.712567 -0.060836 -0.367715 -0.927946 -0.065612 -0.365152 -0.928633 -0.094955 -0.481120 -0.871497 -0.086758 -0.484184 -0.870654 -0.061978 -0.565448 -0.822452 -0.049543 -0.567765 -0.821699 -0.006101 -0.595368 -0.803430 0.006435 -0.595367 -0.803428 0.050973 -0.567504 -0.821791 0.060816 -0.565670 -0.822386 0.086572 -0.484252 -0.870635 0.091448 -0.482433 -0.871146 0.057658 -0.369414 -0.927475 0.059672 -0.368337 -0.927775 0.822731 0.277047 -0.496346 0.820407 0.273023 -0.502386 0.720706 0.374316 -0.583499 0.719322 0.372717 -0.586223 0.537355 0.398201 -0.743428 0.530255 0.392941 -0.751283 -0.470081 0.583743 -0.662018 -0.466519 0.556817 -0.687252 -0.662200 0.500286 -0.557857 -0.660846 0.516466 -0.544559 -0.831151 0.373128 -0.412266 -0.829476 0.384316 -0.405304 -0.948373 0.245354 -0.200975 -0.947050 0.253588 -0.196948 -0.979781 0.184763 0.076755 -0.977269 0.195783 0.081333 -0.925382 0.128230 0.356687 -0.923325 0.135656 0.359262 -0.812537 -0.014843 0.582720 -0.813029 -0.016987 0.581975 -0.636620 -0.178162 0.750315 -0.636561 -0.177883 0.750432 
						-0.393469 -0.240816 0.887237 -0.394042 -0.242700 0.886469 -0.114059 -0.274561 0.954781 -0.123928 -0.298317 0.946387 0.168473 -0.310264 0.935603 0.147954 -0.349489 0.925185 0.406154 -0.382962 0.829686 0.389677 -0.408782 0.825257 0.543289 -0.517986 0.660703 0.537535 -0.524808 0.660025 0.621559 -0.623469 0.474289 0.609448 -0.634615 0.475223 0.680256 -0.676890 0.281195 0.664253 -0.690311 0.286771 0.672522 -0.733058 0.101686 0.662813 -0.740916 0.108273 0.611191 -0.790566 -0.038107 0.606775 -0.794187 -0.033039 0.244705 0.778734 -0.577662 0.257429 0.770755 -0.582810 0.147063 0.700987 -0.697847 0.119177 0.726082 -0.677201 -0.029652 0.639397 -0.768305 -0.062923 0.684391 -0.726395 -0.247962 0.596894 -0.763041 -0.265118 0.638191 -0.722790 0.701578 -0.073216 0.708822 0.701769 -0.073255 0.708629 0.705520 -0.025236 0.708241 0.705459 -0.025222 0.708302 0.708207 0.025245 0.705553 0.708206 0.025245 0.705554 0.708747 0.073232 0.701651 0.708697 0.073242 0.701701 0.706917 0.114026 0.698044 0.706731 0.114056 0.698228 0.703453 0.143653 0.696073 0.703096 0.143689 0.696426 0.699642 0.159236 0.696524 0.699156 0.159253 0.697007 0.697071 0.159254 0.699093 0.696535 0.159235 0.699631 0.696517 0.143700 0.703004 0.696018 0.143648 0.703509 0.698293 0.114071 0.706665 0.697929 0.114012 0.707033 0.701726 0.073248 0.708672 0.701531 0.073208 0.708869 0.705520 0.025235 0.708240 0.705466 0.025223 0.708295 0.708207 -0.025242 0.705554 0.708208 -0.025241 0.705553 0.708742 -0.073231 0.701657 0.708692 -0.073242 0.701706 0.706921 -0.114027 0.698041 0.706734 -0.114057 0.698225 0.703451 -0.143650 0.696076 0.703106 -0.143686 0.696417 0.699776 -0.159226 0.696392 0.699286 -0.159244 0.696879 0.697021 -0.159253 0.699143 0.696467 -0.159233 0.699699 0.696510 -0.143700 0.703011 0.696018 -0.143649 0.703508 
						0.698292 -0.114069 0.706665 0.697936 -0.114010 0.707027 -0.529722 0.682247 -0.503918 -0.533008 0.663403 -0.525166 -0.532672 0.665473 -0.522882 -0.529089 0.685553 -0.500082 -0.355631 0.728252 -0.585813 -0.352377 0.707466 -0.612636 -0.352749 0.709760 -0.609761 -0.356168 0.731873 -0.580953 -0.180731 0.769521 -0.612514 -0.170921 0.752604 -0.635903 -0.171993 0.754473 -0.633394 -0.182465 0.772466 -0.608279 -0.023761 0.808406 -0.588146 -0.012900 0.798582 -0.601748 -0.014079 0.799663 -0.600284 -0.025699 0.810125 -0.585693 0.096891 0.846427 -0.523616 0.101306 0.843944 -0.526779 0.100827 0.844215 -0.526437 0.096102 0.846867 -0.523049 0.145290 0.890845 -0.430448 0.147735 0.890003 -0.431357 0.147470 0.890095 -0.431258 0.144854 0.890995 -0.430286 0.181338 0.915493 -0.359151 0.183403 0.915020 -0.359308 0.183179 0.915071 -0.359291 0.180969 0.915577 -0.359123 0.194970 0.932014 -0.305510 0.192749 0.932324 -0.305974 0.192990 0.932290 -0.305924 0.195367 0.931958 -0.305428 0.193543 0.940927 -0.277843 0.190893 0.941054 -0.279244 0.191181 0.941041 -0.279092 0.194016 0.940904 -0.277593 0.199568 0.940609 -0.274639 0.194871 0.940263 -0.279161 0.195381 0.940302 -0.278671 0.200405 0.940667 -0.273831 0.232362 0.932574 -0.276248 0.221012 0.929286 -0.295942 0.222249 0.929666 -0.293813 0.234375 0.933110 -0.272717 0.288854 0.918623 -0.269619 0.280400 0.910392 -0.304242 0.281335 0.911343 -0.300506 0.290323 0.919963 -0.263401 0.363281 0.898704 -0.245680 0.365073 0.885916 -0.286138 0.364910 0.887380 -0.281774 0.362892 0.900816 -0.238411 0.449329 0.871202 -0.197767 0.460268 0.857463 -0.230023 0.459111 0.859009 -0.226539 0.447312 0.873530 -0.191981 0.540220 0.832877 -0.120329 0.548219 0.825875 -0.131857 0.547358 0.826644 -0.130608 0.538778 0.834105 -0.118268 0.644715 0.764083 -0.022795 0.652000 0.757661 -0.029077 
						0.651214 0.758363 -0.028396 0.643405 0.765219 -0.021674 0.677129 0.719872 0.152579 0.697075 0.702559 0.143171 0.694938 0.704464 0.144197 0.673513 0.722903 0.154246 0.655121 0.671564 0.346147 0.675995 0.652447 0.342553 0.673757 0.654547 0.342957 0.651339 0.674919 0.346759 0.574358 0.616012 0.539112 0.582986 0.607112 0.539947 0.582055 0.608082 0.539860 0.572809 0.617591 0.538954 -0.685248 0.628174 -0.368555 -0.688712 0.619761 -0.376261 -0.688341 0.620678 -0.375427 -0.684619 0.629666 -0.367174 
					</float_array>
					<technique_common>
						<accessor count="210" offset="0" source="#meshId7-tangents-array" stride="3">
							<param name="X" type="float" />
							<param name="Y" type="float" />
							<param name="Z" type="float" />
						</accessor>
					</technique_common>
				</source>
				<source id="meshId7-bitangents" name="meshId7-bitangents">
					<float_array id="meshId7-bitangents-array" count="630"> 
						0.759032 0.421275 0.496385 0.753068 0.413562 0.511717 0.864010 0.368603 0.342955 0.867034 0.378832 0.323632 -0.874239 -0.468247 -0.128264 -0.873894 -0.470244 -0.123205 -0.931941 -0.350724 -0.092076 -0.932740 -0.346483 -0.099730 -0.980973 -0.186412 -0.054238 -0.981680 -0.179233 -0.064654 -0.999981 -0.003632 0.004902 -0.999979 0.003827 -0.005165 -0.981609 0.180032 0.063498 -0.981049 0.185715 0.055252 -0.932758 0.346381 0.099913 -0.932292 0.348911 0.095356 -0.874454 0.466915 0.131612 -0.874318 0.467764 0.129477 -0.833203 0.543617 -0.101261 -0.833514 0.543338 -0.100193 -0.821204 0.569063 0.042325 -0.821164 0.569161 0.041775 -0.764429 0.566471 0.307829 -0.764460 0.566493 0.307713 -0.632895 0.566818 0.527410 -0.632781 0.566779 0.527589 -0.535914 0.586017 0.607767 -0.535596 0.585969 0.608094 0.874234 -0.468261 0.128242 0.873889 -0.470263 0.123170 0.931940 -0.350727 0.092082 0.932738 -0.346484 0.099741 0.980973 -0.186413 0.054238 0.981680 -0.179232 0.064654 0.999981 -0.003632 -0.004902 0.999979 0.003831 0.005170 0.981607 0.180059 -0.063458 0.981046 0.185743 -0.055212 0.932757 0.346385 -0.099913 0.932291 0.348914 -0.095359 0.874450 0.466921 -0.131613 0.874315 0.467770 -0.129476 0.301831 0.526998 0.794463 0.308092 0.529094 0.790658 0.399938 0.463001 0.790999 0.402422 0.464289 0.788982 0.597301 0.442625 0.668816 0.603613 0.447301 0.659980 -0.087392 0.715588 0.693034 -0.104756 0.736734 0.668018 0.057546 0.776232 0.627815 0.071430 0.765562 0.639385 0.120608 0.844747 0.521398 0.131639 0.839716 0.526829 0.138390 0.890294 0.433848 0.147166 0.887984 0.435691 0.200072 0.904813 0.375879 0.212005 0.902492 0.374916 0.249460 0.914538 0.318418 0.256971 0.913466 0.315509 0.212465 0.923364 0.319777 0.210576 0.923327 0.321130 0.191142 0.906135 0.377339 0.191338 0.906190 0.377108 
						0.271656 0.891532 0.362455 0.270823 0.891021 0.364330 0.366289 0.881725 0.297310 0.363069 0.873973 0.323035 0.447473 0.869804 0.207867 0.454670 0.854798 0.250191 0.526174 0.840335 0.130300 0.538490 0.828082 0.155913 0.640465 0.764535 0.072742 0.645302 0.759868 0.078652 0.729539 0.681255 -0.060532 0.739686 0.670885 -0.052706 0.732974 0.628206 -0.260971 0.747507 0.613428 -0.254832 0.682845 0.561649 -0.467198 0.692273 0.551241 -0.465716 0.576023 0.477314 -0.663603 0.580673 0.471264 -0.663874 -0.803416 0.496383 0.328827 -0.799429 0.508684 0.319614 -0.648222 0.601199 0.467299 -0.653923 0.570638 0.496746 -0.477217 0.666329 0.572948 -0.473979 0.620025 0.625230 -0.292732 0.704656 0.646350 -0.277290 0.667484 0.691068 0.695902 -0.143635 -0.703626 0.695709 -0.143615 -0.703821 0.696584 -0.159233 -0.699582 0.696646 -0.159235 -0.699520 0.699616 -0.159235 -0.696550 0.699617 -0.159235 -0.696549 0.703701 -0.143628 -0.695827 0.703752 -0.143623 -0.695777 0.707296 -0.113965 -0.697670 0.707482 -0.113935 -0.697487 0.708994 -0.073181 -0.701408 0.709347 -0.073108 -0.701058 0.708181 -0.025252 -0.705579 0.708661 -0.025143 -0.705101 0.705039 0.025124 -0.708723 0.705568 0.025246 -0.708192 0.700967 0.073090 -0.709439 0.701463 0.073192 -0.708938 0.697421 0.113926 -0.707549 0.697785 0.113985 -0.707180 0.695751 0.143622 -0.703777 0.695949 0.143643 -0.703578 0.696583 0.159238 -0.699582 0.696638 0.159240 -0.699527 0.699617 0.159231 -0.696550 0.699615 0.159231 -0.696551 0.703707 0.143626 -0.695822 0.703757 0.143621 -0.695772 0.707293 0.113967 -0.697674 0.707479 0.113937 -0.697490 0.708996 0.073177 -0.701406 0.709338 0.073108 -0.701067 0.708049 0.025278 -0.705710 0.708533 0.025168 -0.705229 0.705088 -0.025137 -0.708674 0.705636 -0.025261 -0.708124 0.700974 -0.073092 -0.709432 0.701462 -0.073193 -0.708939 
						0.697421 -0.113929 -0.707548 0.697778 -0.113988 -0.707186 -0.122540 -0.649450 -0.750466 -0.107346 -0.668688 -0.735754 -0.108998 -0.666627 -0.737379 -0.125241 -0.645959 -0.753028 0.089401 -0.597408 -0.796939 0.101471 -0.621883 -0.776508 0.100167 -0.619263 -0.778768 0.087235 -0.592965 -0.800488 0.319065 -0.543216 -0.776604 0.324426 -0.566421 -0.757572 0.323859 -0.563929 -0.759670 0.318076 -0.539021 -0.779926 0.543192 -0.483454 -0.686451 0.543558 -0.499514 -0.674559 0.543529 -0.497781 -0.675862 0.543104 -0.480566 -0.688545 0.739587 -0.413289 -0.531229 0.738995 -0.418336 -0.528092 0.739060 -0.417789 -0.528434 0.739689 -0.412386 -0.531787 0.892201 -0.306011 -0.332165 0.891800 -0.308451 -0.330985 0.891844 -0.308186 -0.331113 0.892272 -0.305575 -0.332376 0.972319 -0.221628 -0.074008 0.971931 -0.223572 -0.073245 0.971974 -0.223361 -0.073328 0.972388 -0.221280 -0.074145 0.969677 -0.136371 0.202803 0.970121 -0.134236 0.202102 0.970073 -0.134468 0.202178 0.969597 -0.136752 0.202928 0.882991 -0.043622 0.467358 0.883568 -0.040798 0.466522 0.883506 -0.041104 0.466613 0.882887 -0.044126 0.467507 0.718714 0.050001 0.693506 0.720001 0.056141 0.691698 0.719863 0.055475 0.691895 0.718481 0.048905 0.693825 0.491559 0.132482 0.860708 0.496765 0.153865 0.854137 0.496213 0.151549 0.854872 0.490601 0.128658 0.861834 0.225895 0.208275 0.951627 0.236308 0.241732 0.941129 0.235193 0.238118 0.942329 0.224004 0.202273 0.953366 -0.049928 0.282095 0.958086 -0.034458 0.319999 0.946791 -0.036139 0.315915 0.948099 -0.052680 0.275276 0.959921 -0.306145 0.358127 0.882055 -0.289439 0.389877 0.874197 -0.291270 0.386458 0.875107 -0.309084 0.352409 0.883332 -0.514333 0.439959 0.736137 -0.505798 0.452965 0.734160 -0.506730 0.451560 0.734383 -0.515843 0.437626 0.736471 -0.633620 0.550840 0.543232 -0.626121 0.559641 0.542932 
						-0.626938 0.558690 0.542968 -0.634950 0.549261 0.543278 -0.720961 0.607479 0.333444 -0.701695 0.627421 0.337590 -0.703811 0.625282 0.337153 -0.724340 0.603869 0.332676 -0.741016 0.660490 0.121029 -0.722024 0.679381 0.130855 -0.724113 0.677358 0.129794 -0.744343 0.657062 0.119265 -0.698029 0.712584 -0.070564 -0.690839 0.720183 -0.063861 -0.691624 0.719364 -0.064589 -0.699301 0.711217 -0.071760 -0.294639 -0.701886 -0.648494 -0.286448 -0.709325 -0.644054 -0.287339 -0.708523 -0.644540 -0.296097 -0.700548 -0.649276 
					</float_array>
					<technique_common>
						<accessor count="210" offset="0" source="#meshId7-bitangents-array" stride="3">
							<param name="X" type="float" />
							<param name="Y" type="float" />
							<param name="Z" type="float" />
						</accessor>
					</technique_common>
				</source>
				<source id="meshId7-tex0" name="meshId7-tex0">
					<float_array id="meshId7-tex0-array" count="420"> 
						0.132489 0.101320 0.120337 0.091374 0.153093 0.063270 0.168779 0.072309 0.756751 0.648092 0.766778 0.660989 0.735162 0.692570 0.721942 0.682980 0.714940 0.732253 0.699411 0.727207 0.707972 0.776239 0.691644 0.776239 0.714938 0.820226 0.699409 0.825271 0.735159 0.859909 0.721938 0.869498 0.766774 0.891491 0.756746 0.904388 0.445435 0.014559 0.456196 0.000000 0.497460 0.012653 0.490302 0.026631 0.539165 0.025321 0.534381 0.040136 0.580402 0.039438 0.578033 0.054962 0.621272 0.053309 0.621485 0.071412 0.785399 0.647934 0.795426 0.660832 0.763810 0.692413 0.750590 0.682823 0.743588 0.732096 0.728059 0.727050 0.736620 0.776082 0.720292 0.776082 0.743586 0.820068 0.728057 0.825114 0.763807 0.859752 0.750587 0.869341 0.795422 0.891334 0.785395 0.904231 0.030175 0.194842 0.023128 0.178166 0.055036 0.149103 0.063418 0.162383 0.087182 0.119668 0.097493 0.131332 0.233532 0.239995 0.132489 0.101320 0.168779 0.072309 0.257310 0.222438 0.209480 0.046933 0.281607 0.207063 0.256024 0.032462 0.309318 0.198509 0.302470 0.021218 0.338035 0.191597 0.349536 0.012943 0.367119 0.186443 0.397982 0.007585 0.395938 0.183198 0.445435 0.014559 0.424357 0.187568 
						0.490302 0.026631 0.453173 0.194147 0.534381 0.040136 0.481931 0.202551 0.578033 0.054962 0.510172 0.212554 0.621485 0.071412 0.537393 0.224072 0.664055 0.093509 0.563001 0.237148 0.700217 0.126190 0.584478 0.256636 0.733552 0.160430 0.605054 0.277827 0.764649 0.196716 0.624305 0.300230 0.793939 0.235676 0.641778 0.323375 0.150078 0.323342 0.000000 0.232124 0.030175 0.194842 0.168316 0.301113 0.063418 0.162383 0.188656 0.279667 0.097493 0.131332 0.210537 0.259201 0.126579 0.467458 0.130481 0.475116 0.103552 0.483867 0.102207 0.475377 0.075236 0.483868 0.076580 0.475378 0.048305 0.475119 0.052207 0.467460 0.025396 0.458476 0.031474 0.452398 0.008752 0.435568 0.016410 0.431666 0.000001 0.408638 0.008491 0.407294 0.000000 0.380323 0.008490 0.381667 0.008749 0.353392 0.016408 0.357294 0.025392 0.330483 0.031471 0.336561 0.048300 0.313839 0.052202 0.321498 0.075230 0.305088 0.076575 0.313578 0.103546 0.305087 0.102201 0.313577 0.130476 0.313836 0.126574 0.321495 0.153385 0.330479 0.147307 0.336557 0.170029 0.353387 0.162371 0.357289 0.178781 0.380316 0.170290 0.381662 0.178781 0.408633 0.170292 0.407288 0.170032 0.435563 0.162373 0.431661 
						0.153389 0.458472 0.147311 0.452394 0.486137 0.771316 0.364157 0.906195 0.335018 0.874615 0.468151 0.751667 0.468151 0.751667 0.335018 0.874615 0.308071 0.841847 0.451073 0.730830 0.451073 0.730830 0.308071 0.841847 0.283006 0.807617 0.435120 0.709119 0.435120 0.709119 0.283006 0.807617 0.259635 0.771559 0.420543 0.686824 0.420543 0.686824 0.259635 0.771559 0.237897 0.733203 0.407650 0.664232 0.407650 0.664232 0.237897 0.733203 0.225868 0.690337 0.400643 0.639118 0.400643 0.639118 0.225868 0.690337 0.216413 0.647565 0.394954 0.613260 0.394954 0.613260 0.216413 0.647565 0.209344 0.604336 0.390655 0.587134 0.390655 0.587134 0.209344 0.604336 0.204628 0.560064 0.387855 0.561211 0.387855 0.561211 0.204628 0.560064 0.210604 0.516383 0.391457 0.535451 0.391457 0.535451 0.210604 0.516383 0.218947 0.474231 0.396733 0.509341 0.396733 0.509341 0.218947 0.474231 0.229541 0.433150 0.403504 0.483264 0.403504 0.483264 0.229541 0.433150 0.242426 0.392728 0.411644 0.457580 0.411644 0.457580 0.242426 0.392728 0.257786 0.352597 0.421066 0.432665 0.421066 0.432665 0.257786 0.352597 0.275964 0.312432 0.431721 0.408936 0.431721 0.408936 0.275964 0.312432 
						0.303509 0.277453 0.447883 0.388475 0.447883 0.388475 0.303509 0.277453 0.332493 0.244610 0.465422 0.368641 0.465422 0.368641 0.332493 0.244610 0.363254 0.213423 0.483995 0.349772 0.483995 0.349772 0.363254 0.213423 0.396244 0.183525 0.503290 0.332234 0.504827 0.789406 0.395927 0.936763 0.364157 0.906195 0.486137 0.771316 
					</float_array>
					<technique_common>
						<accessor count="210" offset="0" source="#meshId7-tex0-array" stride="2">
							<param name="S" type="float" />
							<param name="T" type="float" />
						</accessor>
					</technique_common>
				</source>
				<vertices id="meshId7-vertices">
					<input semantic="POSITION" source="#meshId7-positions" />
				</vertices>
				<polylist count="160" material="defaultMaterial">
					<input offset="0" semantic="VERTEX" source="#meshId7-vertices" />
					<input offset="0" semantic="NORMAL" source="#meshId7-normals" />
					<input offset="0" semantic="TANGENT" source="#meshId7-tangents" />
					<input offset="0" semantic="BINORMAL" source="#meshId7-bitangents" />
					<input offset="0" semantic="TEXCOORD" source="#meshId7-tex0" set="0" />
					<vcount>
						3 3 3 3 3 3 3 3 3 3 3 3 3 3 3 3 3 3 3 3 3 3 3 3 3 3 3 3 3 3 3 3 3 3 3 3 3 3 3 3 3 3 3 3 3 3 3 3 3 3 3 3 3 3 3 3 3 3 3 3 3 3 3 3 
						3 3 3 3 3 3 3 3 3 3 3 3 3 3 3 3 3 3 3 3 3 3 3 3 3 3 3 3 3 3 3 3 3 3 3 3 3 3 3 3 3 3 3 3 3 3 3 3 3 3 3 3 3 3 3 3 3 3 3 3 3 3 3 3 
						3 3 3 3 3 3 3 3 3 3 3 3 3 3 3 3 3 3 3 3 3 3 3 3 3 3 3 3 3 3 3 3 
					</vcount>
					<p>
						0 1 2 2 3 0 4 5 6 6 7 4 7 6 8 8 9 7 9 8 10 10 11 9 11 10 12 12 13 11 13 12 14 14 15 13 15 14 16 16 17 15 18 19 20 20 21 18 21 20 22 22 23 21 23 22 24 24 25 23 25 24 26 26 27 25 28 29 30 30 31 28 31 30 32 32 33 31 33 32 34 34 35 33 35 34 36 36 37 35 37 36 38 38 39 37 39 38 40 40 41 39 42 43 44 44 45 42 45 44 46 46 47 45 47 46 1 1 0 47 48 49 50 50 51 48 51 50 52 52 53 51 53 52 54 54 55 53 55 54 56 56 57 55 57 56 58 58 59 57 59 58 60 60 61 59 61 60 62 62 63 61 63 62 64 64 65 63 65 64 66 66 67 65 67 66 68 68 69 67 69 68 70 70 71 69 71 70 72 72 73 71 
						73 72 74 74 75 73 75 74 76 76 77 75 77 76 78 78 79 77 79 78 80 80 81 79 82 83 84 84 85 82 85 84 86 86 87 85 87 86 88 88 89 87 89 88 49 49 48 89 90 91 92 92 93 90 93 92 94 94 95 93 95 94 96 96 97 95 97 96 98 98 99 97 99 98 100 100 101 99 101 100 102 102 103 101 103 102 104 104 105 103 105 104 106 106 107 105 107 106 108 108 109 107 109 108 110 110 111 109 111 110 112 112 113 111 113 112 114 114 115 113 115 114 116 116 117 115 117 116 118 118 119 117 119 118 120 120 121 119 121 120 122 122 123 121 123 122 124 124 125 123 125 124 126 126 127 125 127 126 128 128 129 127 129 128 91 91 90 129 130 131 132 132 133 130 134 135 136 136 137 134 138 139 140 140 141 138 142 143 144 144 145 142 
						146 147 148 148 149 146 150 151 152 152 153 150 154 155 156 156 157 154 158 159 160 160 161 158 162 163 164 164 165 162 166 167 168 168 169 166 170 171 172 172 173 170 174 175 176 176 177 174 178 179 180 180 181 178 182 183 184 184 185 182 186 187 188 188 189 186 190 191 192 192 193 190 194 195 196 196 197 194 198 199 200 200 201 198 202 203 204 204 205 202 206 207 208 208 209 206 
					</p>
				</polylist>
			</mesh>
		</geometry>
		<geometry id="meshId8" name="meshId8_name" >
			<mesh>
				<source id="meshId8-positions" name="meshId8-positions">
					<float_array id="meshId8-positions-array" count="438"> 
						-17.705999 12.236133 31.660381 -17.746424 12.185724 31.681953 -17.788691 12.185724 31.634241 -17.762999 12.236133 31.596045 -17.762999 12.236133 31.596045 -17.788691 12.185724 31.634241 -17.848288 12.185724 31.611641 -17.843367 12.236133 31.565565 -17.911560 12.185724 31.619324 -17.928694 12.236133 31.575926 -17.964016 12.185724 31.655533 -17.999434 12.236133 31.624750 -17.999434 12.236133 31.624750 -17.964016 12.185724 31.655533 -17.993637 12.185724 31.711971 -18.039379 12.236133 31.700863 -17.993637 12.185724 31.775707 -18.039379 12.236133 31.786816 -17.964016 12.185724 31.832146 -17.999434 12.236133 31.862926 -17.999434 12.236133 31.862926 -17.964016 12.185724 31.832146 -17.911560 12.185724 31.868355 -17.928694 12.236133 31.911753 -17.848288 12.185724 31.876038 -17.843367 12.236133 31.922113 -17.788691 12.185724 31.853436 -17.762999 12.236133 31.891632 -17.762999 12.236133 31.891632 -17.788691 12.185724 31.853436 -17.746424 12.185724 31.805725 -17.705999 12.236133 31.827297 -17.731171 12.185724 31.743839 -17.685429 12.236133 31.743839 -17.677088 12.281883 31.644955 -17.744623 12.281883 31.568726 -17.744623 12.281883 31.568726 -17.839848 12.281883 31.532612 -17.940948 12.281883 31.544888 -18.024763 12.281883 31.602741 -18.024763 12.281883 31.602741 -18.072092 12.281883 31.692917 -18.072092 12.281883 31.794762 -18.024763 12.281883 31.884937 -18.024763 12.281883 31.884937 -17.940948 12.281883 31.942789 -17.839848 12.281883 31.955067 -17.744623 12.281883 31.918953 -17.744623 12.281883 31.918953 -17.677088 12.281883 31.842724 -17.652716 12.281883 31.743839 -17.677088 12.341610 31.644955 -17.744623 12.341610 31.568726 -17.744623 12.341610 31.568726 -17.744623 12.281883 31.568726 -17.839848 12.281883 31.532612 -17.839848 12.341610 31.532612 -17.940948 12.281883 31.544888 -17.940948 12.341610 31.544888 -17.940948 12.341610 31.544888 -17.940948 12.281883 31.544888 -18.024763 12.341610 31.602741 -18.072092 12.341610 31.692917 -18.072092 12.341610 31.794762 
						-18.024763 12.341610 31.884937 -17.940948 12.281883 31.942789 -17.940948 12.341610 31.942789 -17.940948 12.341610 31.942789 -17.940948 12.281883 31.942789 -17.839848 12.281883 31.955067 -17.839848 12.341610 31.955067 -17.744623 12.281883 31.918953 -17.744623 12.341610 31.918953 -17.744623 12.341610 31.918953 -17.677088 12.341610 31.842724 -17.652716 12.341610 31.743839 -17.705999 12.387362 31.660381 -17.762999 12.387362 31.596045 -17.762999 12.387362 31.596045 -17.744623 12.341610 31.568726 -17.839848 12.341610 31.532612 -17.843367 12.387362 31.565565 -17.940948 12.341610 31.544888 -17.928694 12.387362 31.575926 -18.024763 12.341610 31.602741 -17.999434 12.387362 31.624750 -17.999434 12.387362 31.624750 -18.039379 12.387362 31.700863 -18.039379 12.387362 31.786816 -17.999434 12.387362 31.862926 -17.999434 12.387362 31.862926 -18.024763 12.341610 31.884937 -17.940948 12.341610 31.942789 -17.928694 12.387362 31.911753 -17.839848 12.341610 31.955067 -17.843367 12.387362 31.922113 -17.744623 12.341610 31.918953 -17.762999 12.387362 31.891632 -17.762999 12.387362 31.891632 -17.705999 12.387362 31.827297 -17.685429 12.387362 31.743839 -17.732899 12.437769 31.674734 -17.780094 12.437769 31.621464 -17.780094 12.437769 31.621464 -17.846642 12.437769 31.596226 -17.917294 12.437769 31.604803 -17.975866 12.437769 31.645233 -17.975866 12.437769 31.645233 -18.008942 12.437769 31.708252 -18.008942 12.437769 31.779425 -17.975866 12.437769 31.842445 -17.975866 12.437769 31.842445 -17.917294 12.437769 31.882874 -17.846642 12.437769 31.891453 -17.780094 12.437769 31.866215 -17.780094 12.437769 31.866215 -17.732899 12.437769 31.812943 -17.715866 12.437769 31.743839 -17.788691 12.185724 31.634241 -17.746424 12.185724 31.681953 -17.865013 12.185724 31.743839 -17.848288 12.185724 31.611641 -17.911560 12.185724 31.619324 -17.964016 12.185724 31.655533 -17.993637 12.185724 31.711971 -17.993637 12.185724 31.775707 -17.964016 12.185724 31.832146 -17.911560 12.185724 31.868355 
						-17.848288 12.185724 31.876038 -17.788691 12.185724 31.853436 -17.746424 12.185724 31.805725 -17.731171 12.185724 31.743839 -17.732899 12.437769 31.674734 -17.780094 12.437769 31.621464 -17.865013 12.498280 31.743839 -17.846642 12.437769 31.596226 -17.917294 12.437769 31.604803 -17.975866 12.437769 31.645233 -18.008942 12.437769 31.708252 -18.008942 12.437769 31.779425 -17.975866 12.437769 31.842445 -17.917294 12.437769 31.882874 -17.846642 12.437769 31.891453 -17.780094 12.437769 31.866215 -17.732899 12.437769 31.812943 -17.715866 12.437769 31.743839 
					</float_array>
					<technique_common>
						<accessor count="146" offset="0" source="#meshId8-positions-array" stride="3">
							<param name="X" type="float" />
							<param name="Y" type="float" />
							<param name="Z" type="float" />
						</accessor>
					</technique_common>
				</source>
				<source id="meshId8-normals" name="meshId8-normals">
					<float_array id="meshId8-normals-array" count="438"> 
						0.692390 -0.623324 -0.363406 0.655451 -0.672614 -0.343474 0.420167 -0.674320 -0.607250 0.443396 -0.625086 -0.642392 0.443396 -0.625086 -0.642392 0.420167 -0.674320 -0.607250 0.089743 -0.676711 -0.730759 0.093838 -0.627556 -0.772896 -0.259367 -0.679238 -0.686560 -0.275341 -0.630159 -0.726008 -0.547456 -0.681321 -0.485894 -0.579886 -0.632301 -0.513739 -0.579886 -0.632301 -0.513739 -0.547456 -0.681321 -0.485894 -0.709592 -0.682496 -0.175152 -0.751252 -0.633509 -0.185168 -0.709591 -0.682498 0.175149 -0.751252 -0.633510 0.185165 -0.547455 -0.681324 0.485891 -0.579888 -0.632301 0.513737 -0.579888 -0.632301 0.513737 -0.547455 -0.681324 0.485891 -0.259367 -0.679236 0.686562 -0.275344 -0.630157 0.726008 0.089743 -0.676707 0.730763 0.093838 -0.627557 0.772895 0.420168 -0.674322 0.607247 0.443396 -0.625090 0.642388 0.443396 -0.625090 0.642388 0.420168 -0.674322 0.607247 0.655446 -0.672621 0.343471 0.692385 -0.623329 0.363405 0.740552 -0.671999 0.000000 0.782473 -0.622685 0.000000 0.852454 -0.269990 -0.447692 0.546415 -0.271115 -0.792419 0.546415 -0.271115 -0.792419 0.115432 -0.272701 -0.955149 -0.341468 -0.274378 -0.898953 -0.719722 -0.275762 -0.637146 -0.719722 -0.275762 -0.637146 -0.933106 -0.276543 -0.229861 -0.933107 -0.276543 0.229860 -0.719723 -0.275762 0.637145 -0.719723 -0.275762 0.637145 -0.341471 -0.274377 0.898952 0.115433 -0.272704 0.955148 0.546416 -0.271117 0.792417 0.546416 -0.271117 0.792417 0.852453 -0.269992 0.447693 0.962978 -0.269581 0.000000 0.852453 0.269990 -0.447693 0.546414 0.271119 -0.792418 0.546414 0.271119 -0.792418 0.546415 -0.271115 -0.792419 0.115432 -0.272701 -0.955149 0.115433 0.272706 -0.955148 -0.341468 -0.274378 -0.898953 -0.341469 0.274379 -0.898952 -0.341469 0.274379 -0.898952 -0.341468 -0.274378 -0.898953 -0.719723 0.275763 -0.637145 -0.933107 0.276544 -0.229860 -0.933107 0.276543 0.229861 
						-0.719723 0.275761 0.637146 -0.341471 -0.274377 0.898952 -0.341472 0.274378 0.898952 -0.341472 0.274378 0.898952 -0.341471 -0.274377 0.898952 0.115433 -0.272704 0.955148 0.115432 0.272704 0.955148 0.546416 -0.271117 0.792417 0.546415 0.271119 0.792417 0.546415 0.271119 0.792417 0.852452 0.269992 0.447693 0.962978 0.269581 -0.000001 0.736503 0.555139 -0.386502 0.471873 0.556941 -0.683485 0.471873 0.556941 -0.683485 0.546414 0.271119 -0.792418 0.115433 0.272706 -0.955148 0.100009 0.559466 -0.822798 -0.341469 0.274379 -0.898952 -0.293181 0.562124 -0.773344 -0.719723 0.275763 -0.637145 -0.617891 0.564319 -0.547499 -0.617891 0.564319 -0.547499 -0.800743 0.565552 -0.197386 -0.800743 0.565551 0.197388 -0.617893 0.564319 0.547497 -0.617893 0.564319 0.547497 -0.719723 0.275761 0.637146 -0.341472 0.274378 0.898952 -0.293186 0.562124 0.773343 0.115432 0.272704 0.955148 0.100008 0.559465 0.822798 0.546415 0.271119 0.792417 0.471873 0.556944 0.683483 0.471873 0.556944 0.683483 0.736501 0.555143 0.386500 0.832191 0.554489 -0.000002 0.757847 0.517537 -0.397271 0.486089 0.519301 -0.702883 0.486089 0.519301 -0.702883 0.103734 0.521770 -0.846756 -0.301133 0.524383 -0.796455 -0.635939 0.526552 -0.564203 -0.635939 0.526552 -0.564203 -0.824658 0.527761 -0.203490 -0.824660 0.527760 0.203484 -0.635942 0.526557 0.564194 -0.635942 0.526557 0.564194 -0.301135 0.524388 0.796451 0.103734 0.521770 0.846756 0.486088 0.519304 0.702881 0.486088 0.519304 0.702881 0.757846 0.517540 0.397268 0.856041 0.516908 0.000000 0.000000 -1.000000 -0.000005 0.000000 -1.000000 -0.000007 0.000000 -1.000000 -0.000001 0.000000 -1.000000 0.000002 0.000000 -1.000000 0.000000 0.000000 -1.000000 0.000000 0.000000 -1.000000 0.000000 0.000000 -1.000000 0.000000 0.000000 -1.000000 0.000000 0.000000 -1.000000 0.000002 
						0.000000 -1.000000 0.000002 0.000000 -1.000000 0.000000 0.000000 -1.000000 0.000000 0.000000 -1.000000 0.000000 0.333028 0.926592 -0.174696 0.213930 0.926467 -0.309666 -0.000536 1.000000 -0.000002 0.045607 0.926295 -0.374030 -0.133611 0.926102 -0.352822 -0.282592 0.925946 -0.250531 -0.366881 0.925858 -0.090470 -0.366877 0.925860 0.090469 -0.282594 0.925948 0.250523 -0.133611 0.926104 0.352816 0.045607 0.926295 0.374028 0.213926 0.926472 0.309655 0.333028 0.926594 0.174686 0.375949 0.926641 0.000000 
					</float_array>
					<technique_common>
						<accessor count="146" offset="0" source="#meshId8-normals-array" stride="3">
							<param name="X" type="float" />
							<param name="Y" type="float" />
							<param name="Z" type="float" />
						</accessor>
					</technique_common>
				</source>
				<source id="meshId8-tangents" name="meshId8-tangents">
					<float_array id="meshId8-tangents-array" count="438"> 
						0.631180 0.767287 -0.113498 0.685079 0.720940 -0.104459 0.730645 0.648253 -0.214306 0.681211 0.700801 -0.211732 0.890778 0.386924 0.238338 0.903380 0.374112 0.209632 0.995100 0.091500 0.037474 0.994656 0.092673 0.045516 0.960196 -0.257687 -0.107802 0.952878 -0.278916 -0.119289 0.831964 -0.505680 -0.228307 0.806521 -0.534660 -0.252315 -0.183468 0.715743 -0.673833 -0.260418 0.690508 -0.674819 -0.418168 0.607975 -0.674909 -0.368016 0.634956 -0.679261 -0.636869 0.514887 -0.573837 -0.604534 0.547878 -0.578246 -0.828324 0.358587 -0.430459 -0.811818 0.395512 -0.429560 0.806995 -0.532308 0.255749 0.832079 -0.505002 0.229384 0.960111 -0.258248 0.107215 0.952804 -0.279333 0.118904 0.995225 0.089206 -0.039614 0.994819 0.089598 -0.048032 0.903348 0.374341 -0.209358 0.890657 0.387742 -0.237458 0.679508 0.701800 0.213885 0.713312 0.659081 0.238324 0.671574 0.727130 0.142378 0.632035 0.766913 0.111247 0.671763 0.740292 0.026496 0.622681 0.782468 -0.003442 0.279187 0.959096 -0.046801 0.322038 0.941427 -0.100034 0.812774 0.399931 0.423620 0.990617 0.102435 0.090473 0.911245 -0.330984 -0.245114 0.641565 -0.614896 -0.458581 0.241051 0.761382 -0.601824 -0.055785 0.742795 -0.667191 -0.359352 0.693396 -0.624555 -0.626821 0.652668 -0.425581 0.644741 -0.605874 0.466075 0.911835 -0.328657 0.246052 0.990866 0.099095 -0.091457 0.812128 0.402709 -0.422225 0.324321 0.940830 0.098258 0.283527 0.958211 0.038009 0.269571 0.962942 -0.008569 -0.280781 0.958782 0.043577 -0.313291 0.943630 0.106824 0.153739 -0.962546 -0.223316 -0.154074 -0.962547 0.223080 -0.032922 -0.962099 0.270706 0.032516 -0.962097 -0.270761 0.097239 -0.961622 0.256570 -0.097623 -0.961622 -0.256425 0.717904 0.693461 -0.061039 0.528926 0.734523 -0.425104 0.624487 0.658124 -0.420581 0.359418 0.696902 -0.620602 0.054025 0.739766 -0.670692 
						-0.244665 0.758110 -0.604490 -0.718766 0.692512 -0.061659 -0.529658 0.733936 -0.425206 -0.097240 -0.961622 0.256569 0.097623 -0.961622 -0.256423 -0.032515 -0.962098 -0.270759 0.032923 -0.962098 0.270709 -0.153738 -0.962546 -0.223314 0.154077 -0.962546 0.223082 -0.311141 0.944152 -0.108485 -0.276175 0.959652 -0.052876 -0.269571 0.962941 -0.008710 -0.560305 0.820786 0.111214 -0.600090 0.770828 0.213815 0.873253 -0.402072 0.275257 0.812008 -0.403226 0.421962 0.990934 -0.098158 0.091733 0.993885 -0.095073 0.056159 0.910831 0.332601 -0.244465 0.943407 0.301248 -0.138684 0.643513 0.609403 -0.463161 0.773780 0.560026 -0.296033 0.786152 0.455162 -0.418082 0.561096 0.592802 -0.577717 0.305225 0.668767 -0.677930 0.099582 0.746888 -0.657451 0.773444 0.561468 0.294172 0.640968 0.616551 0.457193 0.910319 0.334582 0.243669 0.943359 0.301480 0.138504 0.990705 -0.101276 -0.090814 0.993698 -0.098237 -0.053984 0.812373 -0.401664 -0.422749 0.873138 -0.402764 -0.274613 -0.603399 0.769229 -0.210231 -0.560762 0.820622 -0.110118 -0.554489 0.832191 -0.000262 -0.516268 0.847998 0.119864 -0.552816 0.805644 0.212914 0.863543 -0.408936 0.295067 0.992896 -0.104216 0.057420 0.939998 0.303713 -0.155442 0.757302 0.566528 -0.324868 0.770166 0.479680 -0.420419 0.535546 0.612750 -0.581144 0.278283 0.691757 -0.666357 0.080597 0.772388 -0.630016 0.757217 0.566888 0.324439 0.939723 0.305070 0.154445 0.992740 -0.106425 -0.056039 0.863314 -0.410210 -0.293966 -0.569580 0.798257 -0.195868 -0.528132 0.844141 -0.092215 -0.516809 0.855878 0.019527 1.000000 -0.000000 0.000635 1.000000 -0.000000 0.000351 1.000000 -0.000000 0.000148 0.999999 -0.000000 -0.001620 0.999992 0.000000 -0.004065 0.999998 0.000000 -0.001917 1.000000 0.000000 0.000221 1.000000 0.000000 0.000069 0.999998 0.000000 0.002183 0.999990 0.000000 0.004371 
						0.999998 0.000000 0.001906 1.000000 0.000000 -0.000380 1.000000 0.000000 -0.000012 1.000000 0.000000 0.000181 0.941083 -0.338174 0.000328 0.974613 -0.223867 0.003532 1.000000 0.000536 0.000040 0.998792 -0.049131 0.000112 0.990181 0.139514 -0.008771 0.956866 0.290475 -0.005743 0.929667 0.368401 0.000107 0.929669 0.368397 -0.000111 0.956869 0.290460 0.005805 0.990185 0.139483 0.008853 0.998790 -0.049169 -0.000017 0.974607 -0.223895 -0.003427 0.941078 -0.338189 -0.000238 0.926641 -0.375949 0.000072 
					</float_array>
					<technique_common>
						<accessor count="146" offset="0" source="#meshId8-tangents-array" stride="3">
							<param name="X" type="float" />
							<param name="Y" type="float" />
							<param name="Z" type="float" />
						</accessor>
					</technique_common>
				</source>
				<source id="meshId8-bitangents" name="meshId8-bitangents">
					<float_array id="meshId8-bitangents-array" count="438"> 
						0.349583 -0.150789 0.924691 0.317885 -0.166839 0.933335 0.538162 -0.353640 0.765063 0.582539 -0.343723 0.736547 0.099575 -0.677907 0.728373 0.085820 -0.636658 0.766356 0.041506 -0.730541 0.681606 0.043063 -0.773036 0.632898 -0.103694 -0.687192 0.719037 -0.127324 -0.724642 0.677261 -0.090157 -0.529234 0.843672 -0.115137 -0.560655 0.820006 0.793771 -0.296492 -0.531056 0.795282 -0.242898 -0.555451 0.567111 -0.405667 -0.716812 0.547891 -0.442151 -0.710153 0.301461 -0.518737 -0.800021 0.264877 -0.546347 -0.794572 0.119048 -0.638132 -0.760667 0.068422 -0.666158 -0.742666 0.111756 0.562889 0.818942 0.089092 0.529877 0.843382 0.104479 0.686984 0.719123 0.127869 0.724483 0.677329 -0.038381 0.730829 0.681481 -0.039107 0.773398 0.632713 -0.086142 0.636521 0.766434 -0.100648 0.677435 0.728664 -0.584525 0.341672 0.735929 -0.560932 0.333021 0.757927 -0.345514 0.137345 0.928308 -0.348043 0.152659 0.924965 -0.017805 -0.019621 0.999649 0.002143 0.002693 0.999994 0.442015 -0.085094 0.892962 0.773125 -0.200528 0.601719 0.202063 -0.875529 0.438883 0.073169 -0.956630 0.281967 -0.230285 -0.902865 0.363046 -0.265319 -0.738822 0.619474 0.651072 -0.586731 -0.481511 0.355247 -0.609738 -0.708533 0.013332 -0.665377 -0.746388 -0.298486 -0.705676 -0.642594 0.257504 0.746239 0.613856 0.227935 0.903716 0.362413 -0.069710 0.956981 0.281652 -0.204641 0.874255 0.440228 -0.772169 0.203308 0.602014 -0.439246 0.094532 0.893379 0.002310 0.008251 0.999963 0.441005 0.088556 0.893125 0.776711 0.189888 0.600552 -0.823284 0.000197 -0.567630 -0.823221 0.000197 -0.567722 -0.992770 0.000197 -0.120035 -0.992783 0.000197 -0.119925 -0.934850 0.000197 0.355043 -0.934809 0.000197 0.355150 0.606641 -0.666204 -0.433773 0.776941 -0.620639 -0.105690 0.303340 -0.700591 -0.645877 -0.011434 -0.661704 -0.749678 -0.355518 -0.613409 -0.705220 
						-0.649722 -0.590952 -0.478160 -0.605618 -0.667191 -0.433686 -0.776440 -0.621333 -0.105292 0.934848 0.000198 0.355047 0.934809 0.000197 0.355152 0.992783 0.000198 -0.119925 0.992770 0.000198 -0.120035 0.823282 0.000198 -0.567632 0.823220 0.000198 -0.567723 -0.777574 -0.187276 0.600255 -0.443906 -0.078567 0.892622 -0.002347 0.008388 0.999962 0.378975 0.134650 0.915559 0.645932 0.309259 0.697948 -0.121508 -0.726742 -0.676078 -0.205122 -0.874016 -0.440479 -0.068739 -0.957077 -0.281564 -0.046807 -0.823383 -0.565553 0.231916 -0.902271 -0.363486 0.155011 -0.770238 -0.618632 0.260556 -0.743359 -0.616059 0.139557 -0.606560 -0.782694 0.013269 -0.688746 -0.724881 -0.209718 -0.573355 -0.792011 -0.515411 -0.482600 -0.708131 -0.779931 -0.351714 -0.517693 -0.141395 0.605225 -0.783396 -0.266757 0.737442 -0.620500 -0.233916 0.901539 -0.364022 -0.155291 0.770147 -0.618674 0.071968 0.956753 -0.281860 0.050627 0.823012 -0.565764 0.203670 0.874735 -0.439725 0.122338 0.726357 -0.676342 -0.642842 -0.313210 0.699038 -0.378301 -0.135633 0.915692 -0.000144 0.000219 1.000000 0.398919 0.114260 0.909840 0.676840 0.285070 0.678692 -0.134206 -0.750398 -0.647218 -0.058286 -0.846697 -0.528874 0.160383 -0.795475 -0.584377 0.148577 -0.633869 -0.759036 0.049265 -0.701890 -0.710579 -0.182017 -0.588223 -0.787949 -0.492438 -0.492892 -0.717330 -0.767516 -0.355181 -0.533633 -0.148999 0.633542 -0.759226 -0.161984 0.794952 -0.584647 0.060876 0.846422 -0.529022 0.135671 0.749701 -0.647721 -0.662795 -0.305138 0.683808 -0.383075 -0.139925 0.913058 0.010094 -0.016716 0.999809 -0.000635 -0.000005 1.000000 -0.000351 -0.000007 1.000000 -0.000148 -0.000001 1.000000 0.001620 0.000002 0.999999 0.004065 0.000000 0.999992 0.001917 0.000000 0.999998 -0.000221 0.000000 1.000000 -0.000069 0.000000 1.000000 -0.002183 0.000000 0.999998 -0.004371 0.000002 0.999990 
						-0.001906 0.000002 0.999998 0.000380 0.000000 1.000000 0.000012 0.000000 1.000000 -0.000181 0.000000 1.000000 -0.058773 -0.164513 -0.984622 -0.066052 -0.302560 -0.950839 0.000040 -0.000002 -1.000000 -0.018272 -0.373583 -0.927417 0.041101 -0.350530 -0.935649 0.067455 -0.241347 -0.968092 0.033428 -0.084068 -0.995899 -0.033431 0.084066 -0.995899 -0.067391 0.241358 -0.968093 -0.041014 0.350536 -0.935651 0.018375 0.373576 -0.927417 0.066155 0.302525 -0.950843 0.058856 0.164473 -0.984624 0.000067 -0.000027 -1.000000 
					</float_array>
					<technique_common>
						<accessor count="146" offset="0" source="#meshId8-bitangents-array" stride="3">
							<param name="X" type="float" />
							<param name="Y" type="float" />
							<param name="Z" type="float" />
						</accessor>
					</technique_common>
				</source>
				<source id="meshId8-tex0" name="meshId8-tex0">
					<float_array id="meshId8-tex0-array" count="292"> 
						0.886568 0.566956 0.881098 0.568199 0.879905 0.562841 0.885334 0.560040 0.170485 0.466578 0.168097 0.471475 0.163261 0.469618 0.163701 0.464071 0.158239 0.470230 0.156379 0.464966 0.153994 0.473195 0.150403 0.469028 0.217097 0.030011 0.211448 0.031979 0.208502 0.027344 0.213133 0.024185 0.204722 0.023003 0.208489 0.018851 0.200537 0.019447 0.203264 0.014123 0.150407 0.491981 0.153996 0.487813 0.158243 0.490777 0.156383 0.496041 0.163264 0.491387 0.163706 0.496934 0.168100 0.489529 0.170489 0.494425 0.885331 0.588025 0.879902 0.585222 0.881097 0.579865 0.886567 0.581109 0.881414 0.574032 0.886866 0.574033 0.891001 0.566127 0.890403 0.558071 0.172562 0.462481 0.164155 0.459481 0.154759 0.460635 0.147332 0.465569 0.221847 0.027927 0.216768 0.021593 0.211556 0.015607 0.205983 0.009705 0.147337 0.495441 0.154766 0.500372 0.164162 0.501524 0.172568 0.498521 0.890399 0.589994 0.890999 0.581939 0.891153 0.574033 0.895757 0.566114 0.896209 0.558039 0.871717 0.085960 0.876633 0.085959 0.876634 0.094341 0.871719 0.094342 0.876636 0.102723 0.871720 0.102724 0.231226 0.030939 0.227469 0.034207 0.225786 0.024513 0.220278 0.018546 0.215058 0.012550 
						0.209906 0.006273 0.200536 0.003271 0.204291 0.000000 0.560682 0.000001 0.565597 0.000000 0.565599 0.008382 0.560683 0.008383 0.565601 0.016763 0.560685 0.016764 0.896205 0.590028 0.895756 0.581953 0.895675 0.574033 0.900214 0.566918 0.901189 0.559931 0.829947 0.205999 0.831998 0.210108 0.823442 0.213126 0.822999 0.208530 0.813802 0.211941 0.815413 0.207600 0.806236 0.206954 0.809284 0.203475 0.228499 0.020172 0.223375 0.015296 0.218704 0.009930 0.214579 0.004184 0.809285 0.178851 0.806237 0.175372 0.813804 0.170385 0.815414 0.174725 0.823444 0.169201 0.823000 0.173797 0.831999 0.172219 0.829948 0.176328 0.901186 0.588138 0.900212 0.581150 0.900005 0.574034 0.905020 0.567686 0.905987 0.561695 0.828198 0.201654 0.822663 0.203776 0.816946 0.203078 0.812087 0.199684 0.231229 0.015934 0.226761 0.011814 0.222618 0.007056 0.219153 0.002064 0.812087 0.182641 0.816947 0.179248 0.822664 0.178550 0.828199 0.180673 0.905985 0.586375 0.905018 0.580383 0.904780 0.574035 0.168097 0.471475 0.171633 0.475402 0.161975 0.480503 0.163261 0.469618 0.158239 0.470230 0.153994 0.473195 0.151511 0.477868 0.151511 0.483141 0.153996 0.487813 0.158243 0.490777 
						0.163264 0.491387 0.168100 0.489529 0.171635 0.485601 0.172907 0.480501 0.832335 0.197090 0.828198 0.201654 0.821245 0.191163 0.822663 0.203776 0.816946 0.203078 0.812087 0.199684 0.809177 0.194236 0.809177 0.188090 0.812087 0.182641 0.816947 0.179248 0.822664 0.178550 0.828199 0.180673 0.832336 0.185237 0.833824 0.191164 
					</float_array>
					<technique_common>
						<accessor count="146" offset="0" source="#meshId8-tex0-array" stride="2">
							<param name="S" type="float" />
							<param name="T" type="float" />
						</accessor>
					</technique_common>
				</source>
				<vertices id="meshId8-vertices">
					<input semantic="POSITION" source="#meshId8-positions" />
				</vertices>
				<polylist count="156" material="defaultMaterial">
					<input offset="0" semantic="VERTEX" source="#meshId8-vertices" />
					<input offset="0" semantic="NORMAL" source="#meshId8-normals" />
					<input offset="0" semantic="TANGENT" source="#meshId8-tangents" />
					<input offset="0" semantic="BINORMAL" source="#meshId8-bitangents" />
					<input offset="0" semantic="TEXCOORD" source="#meshId8-tex0" set="0" />
					<vcount>
						3 3 3 3 3 3 3 3 3 3 3 3 3 3 3 3 3 3 3 3 3 3 3 3 3 3 3 3 3 3 3 3 3 3 3 3 3 3 3 3 3 3 3 3 3 3 3 3 3 3 3 3 3 3 3 3 3 3 3 3 3 3 3 3 
						3 3 3 3 3 3 3 3 3 3 3 3 3 3 3 3 3 3 3 3 3 3 3 3 3 3 3 3 3 3 3 3 3 3 3 3 3 3 3 3 3 3 3 3 3 3 3 3 3 3 3 3 3 3 3 3 3 3 3 3 3 3 3 3 
						3 3 3 3 3 3 3 3 3 3 3 3 3 3 3 3 3 3 3 3 3 3 3 3 3 3 3 3 
					</vcount>
					<p>
						0 1 2 2 3 0 4 5 6 6 7 4 7 6 8 8 9 7 9 8 10 10 11 9 12 13 14 14 15 12 15 14 16 16 17 15 17 16 18 18 19 17 20 21 22 22 23 20 23 22 24 24 25 23 25 24 26 26 27 25 28 29 30 30 31 28 31 30 32 32 33 31 33 32 1 1 0 33 34 0 3 3 35 34 36 4 7 7 37 36 37 7 9 9 38 37 38 9 11 11 39 38 40 12 15 15 41 40 41 15 17 17 42 41 42 17 19 19 43 42 44 20 23 23 45 44 45 23 25 25 46 45 46 25 27 27 47 46 48 28 31 31 49 48 49 31 33 33 50 49 50 33 0 0 34 50 51 34 35 35 52 51 53 54 55 55 56 53 56 55 57 57 58 56 59 60 40 40 61 59 61 40 41 41 62 61 62 41 42 42 63 62 
						63 42 43 43 64 63 64 43 65 65 66 64 67 68 69 69 70 67 70 69 71 71 72 70 73 48 49 49 74 73 74 49 50 50 75 74 75 50 34 34 51 75 76 51 52 52 77 76 78 79 80 80 81 78 81 80 82 82 83 81 83 82 84 84 85 83 86 61 62 62 87 86 87 62 63 63 88 87 88 63 64 64 89 88 90 91 92 92 93 90 93 92 94 94 95 93 95 94 96 96 97 95 98 73 74 74 99 98 99 74 75 75 100 99 100 75 51 51 76 100 101 76 77 77 102 101 103 78 81 81 104 103 104 81 83 83 105 104 105 83 85 85 106 105 107 86 87 87 108 107 108 87 88 88 109 108 109 88 89 89 110 109 111 90 93 93 112 111 112 93 95 95 113 112 113 95 97 97 114 113 115 98 99 99 116 115 116 99 100 100 117 116 
						117 100 76 76 101 117 118 119 120 121 118 120 122 121 120 123 122 120 124 123 120 125 124 120 126 125 120 127 126 120 128 127 120 129 128 120 130 129 120 131 130 120 119 131 120 132 133 134 133 135 134 135 136 134 136 137 134 137 138 134 138 139 134 139 140 134 140 141 134 141 142 134 142 143 134 143 144 134 144 145 134 145 132 134 
					</p>
				</polylist>
			</mesh>
		</geometry>
		<geometry id="meshId9" name="meshId9_name" >
			<mesh>
				<source id="meshId9-positions" name="meshId9-positions">
					<float_array id="meshId9-positions-array" count="438"> 
						-17.704628 11.817802 31.663822 -17.743387 11.769470 31.684502 -17.783913 11.769470 31.638760 -17.759277 11.817802 31.602135 -17.759277 11.817802 31.602135 -17.783913 11.769470 31.638760 -17.841053 11.769470 31.617088 -17.836336 11.817802 31.572910 -17.901720 11.769470 31.624454 -17.918148 11.817802 31.582844 -17.952015 11.769470 31.659170 -17.985971 11.817802 31.629660 -17.985971 11.817802 31.629660 -17.952015 11.769470 31.659170 -17.980415 11.769470 31.713284 -18.024271 11.817802 31.702633 -17.980415 11.769470 31.774393 -18.024271 11.817802 31.785046 -17.952015 11.769470 31.828508 -17.985971 11.817802 31.858019 -17.985971 11.817802 31.858019 -17.952015 11.769470 31.828508 -17.901720 11.769470 31.863222 -17.918148 11.817802 31.904835 -17.841053 11.769470 31.870590 -17.836336 11.817802 31.914768 -17.783913 11.769470 31.848919 -17.759277 11.817802 31.885544 -17.759277 11.817802 31.885544 -17.783913 11.769470 31.848919 -17.743387 11.769470 31.803177 -17.704628 11.817802 31.823856 -17.728762 11.769470 31.743839 -17.684906 11.817802 31.743839 -17.676908 11.861668 31.649029 -17.741659 11.861668 31.575939 -17.741659 11.861668 31.575939 -17.832962 11.861668 31.541313 -17.929897 11.861668 31.553083 -18.010258 11.861668 31.608555 -18.010258 11.861668 31.608555 -18.055637 11.861668 31.695015 -18.055637 11.861668 31.792664 -18.010258 11.861668 31.879124 -18.010258 11.861668 31.879124 -17.929897 11.861668 31.934595 -17.832962 11.861668 31.946365 -17.741659 11.861668 31.911739 -17.741659 11.861668 31.911739 -17.676908 11.861668 31.838650 -17.653540 11.861668 31.743839 -17.676908 11.918934 31.649029 -17.741659 11.918934 31.575939 -17.741659 11.918934 31.575939 -17.741659 11.861668 31.575939 -17.832962 11.861668 31.541313 -17.832962 11.918934 31.541313 -17.929897 11.861668 31.553083 -17.929897 11.918934 31.553083 -17.929897 11.918934 31.553083 -17.929897 11.861668 31.553083 -18.010258 11.918934 31.608555 -18.055637 11.918934 31.695015 -18.055637 11.918934 31.792664 
						-18.010258 11.918934 31.879124 -17.929897 11.861668 31.934595 -17.929897 11.918934 31.934595 -17.929897 11.918934 31.934595 -17.929897 11.861668 31.934595 -17.832962 11.861668 31.946365 -17.832962 11.918934 31.946365 -17.741659 11.861668 31.911739 -17.741659 11.918934 31.911739 -17.741659 11.918934 31.911739 -17.676908 11.918934 31.838650 -17.653540 11.918934 31.743839 -17.704628 11.962799 31.663822 -17.759277 11.962799 31.602135 -17.759277 11.962799 31.602135 -17.741659 11.918934 31.575939 -17.832962 11.918934 31.541313 -17.836336 11.962799 31.572910 -17.929897 11.918934 31.553083 -17.918148 11.962799 31.582844 -18.010258 11.918934 31.608555 -17.985971 11.962799 31.629660 -17.985971 11.962799 31.629660 -18.024271 11.962799 31.702633 -18.024271 11.962799 31.785046 -17.985971 11.962799 31.858019 -17.985971 11.962799 31.858019 -18.010258 11.918934 31.879124 -17.929897 11.918934 31.934595 -17.918148 11.962799 31.904835 -17.832962 11.918934 31.946365 -17.836336 11.962799 31.914768 -17.741659 11.918934 31.911739 -17.759277 11.962799 31.885544 -17.759277 11.962799 31.885544 -17.704628 11.962799 31.823856 -17.684906 11.962799 31.743839 -17.730419 12.011131 31.677582 -17.775669 12.011131 31.626505 -17.775669 12.011131 31.626505 -17.839474 12.011131 31.602306 -17.907217 12.011131 31.610531 -17.963377 12.011131 31.649296 -17.963377 12.011131 31.649296 -17.995089 12.011131 31.709721 -17.995089 12.011131 31.777958 -17.963377 12.011131 31.838383 -17.963377 12.011131 31.838383 -17.907217 12.011131 31.877148 -17.839474 12.011131 31.885372 -17.775669 12.011131 31.861174 -17.775669 12.011131 31.861174 -17.730419 12.011131 31.810097 -17.714088 12.011131 31.743839 -17.783913 11.769470 31.638760 -17.743387 11.769470 31.684502 -17.857090 11.769470 31.743839 -17.841053 11.769470 31.617088 -17.901720 11.769470 31.624454 -17.952015 11.769470 31.659170 -17.980415 11.769470 31.713284 -17.980415 11.769470 31.774393 -17.952015 11.769470 31.828508 -17.901720 11.769470 31.863222 
						-17.841053 11.769470 31.870590 -17.783913 11.769470 31.848919 -17.743387 11.769470 31.803177 -17.728762 11.769470 31.743839 -17.730419 12.011131 31.677582 -17.775669 12.011131 31.626505 -17.857090 12.069148 31.743839 -17.839474 12.011131 31.602306 -17.907217 12.011131 31.610531 -17.963377 12.011131 31.649296 -17.995089 12.011131 31.709721 -17.995089 12.011131 31.777958 -17.963377 12.011131 31.838383 -17.907217 12.011131 31.877148 -17.839474 12.011131 31.885372 -17.775669 12.011131 31.861174 -17.730419 12.011131 31.810097 -17.714088 12.011131 31.743839 
					</float_array>
					<technique_common>
						<accessor count="146" offset="0" source="#meshId9-positions-array" stride="3">
							<param name="X" type="float" />
							<param name="Y" type="float" />
							<param name="Z" type="float" />
						</accessor>
					</technique_common>
				</source>
				<source id="meshId9-normals" name="meshId9-normals">
					<float_array id="meshId9-normals-array" count="438"> 
						0.692389 -0.623334 -0.363391 0.655466 -0.672597 -0.343478 0.420167 -0.674321 -0.607248 0.443392 -0.625098 -0.642383 0.443392 -0.625098 -0.642383 0.420167 -0.674321 -0.607248 0.089748 -0.676723 -0.730747 0.093838 -0.627568 -0.772886 -0.259365 -0.679237 -0.686562 -0.275347 -0.630165 -0.726000 -0.547469 -0.681306 -0.485900 -0.579899 -0.632295 -0.513732 -0.579899 -0.632295 -0.513732 -0.547469 -0.681306 -0.485900 -0.709614 -0.682475 -0.175148 -0.751255 -0.633506 -0.185165 -0.709609 -0.682479 0.175147 -0.751254 -0.633507 0.185166 -0.547464 -0.681308 0.485905 -0.579898 -0.632294 0.513734 -0.579898 -0.632294 0.513734 -0.547464 -0.681308 0.485905 -0.259368 -0.679229 0.686568 -0.275348 -0.630162 0.726003 0.089746 -0.676716 0.730754 0.093837 -0.627567 0.772887 0.420174 -0.674319 0.607246 0.443399 -0.625096 0.642380 0.443399 -0.625096 0.642380 0.420174 -0.674319 0.607246 0.655468 -0.672594 0.343480 0.692392 -0.623328 0.363394 0.740577 -0.671972 0.000006 0.782467 -0.622692 0.000005 0.852452 -0.270009 -0.447684 0.546415 -0.271129 -0.792414 0.546415 -0.271129 -0.792414 0.115432 -0.272709 -0.955147 -0.341477 -0.274381 -0.898948 -0.719729 -0.275758 -0.637141 -0.719729 -0.275758 -0.637141 -0.933105 -0.276548 -0.229862 -0.933105 -0.276548 0.229863 -0.719729 -0.275757 0.637141 -0.719729 -0.275757 0.637141 -0.341479 -0.274381 0.898948 0.115432 -0.272712 0.955146 0.546420 -0.271128 0.792411 0.546420 -0.271128 0.792411 0.852452 -0.270006 0.447685 0.962972 -0.269601 0.000002 0.852451 0.270009 -0.447685 0.546415 0.271129 -0.792414 0.546415 0.271129 -0.792414 0.546415 -0.271129 -0.792414 0.115432 -0.272709 -0.955147 0.115432 0.272711 -0.955146 -0.341477 -0.274381 -0.898948 -0.341478 0.274379 -0.898949 -0.341478 0.274379 -0.898949 -0.341477 -0.274381 -0.898948 -0.719727 0.275758 -0.637142 -0.933104 0.276549 -0.229863 -0.933104 0.276551 0.229863 
						-0.719725 0.275758 0.637144 -0.341479 -0.274381 0.898948 -0.341478 0.274380 0.898948 -0.341478 0.274380 0.898948 -0.341479 -0.274381 0.898948 0.115432 -0.272712 0.955146 0.115432 0.272716 0.955145 0.546420 -0.271128 0.792411 0.546420 0.271131 0.792410 0.546420 0.271131 0.792410 0.852453 0.270007 0.447683 0.962972 0.269601 -0.000001 0.736502 0.555150 -0.386488 0.471875 0.556942 -0.683484 0.471875 0.556942 -0.683484 0.546415 0.271129 -0.792414 0.115432 0.272711 -0.955146 0.100010 0.559463 -0.822800 -0.341478 0.274379 -0.898949 -0.293194 0.562123 -0.773340 -0.719727 0.275758 -0.637142 -0.617905 0.564307 -0.547495 -0.617905 0.564307 -0.547495 -0.800741 0.565553 -0.197390 -0.800737 0.565560 0.197389 -0.617899 0.564314 0.547495 -0.617899 0.564314 0.547495 -0.719725 0.275758 0.637144 -0.341478 0.274380 0.898948 -0.293192 0.562124 0.773340 0.115432 0.272716 0.955145 0.100010 0.559468 0.822796 0.546420 0.271131 0.792410 0.471877 0.556946 0.683479 0.471877 0.556946 0.683479 0.736508 0.555146 0.386483 0.832185 0.554498 -0.000001 0.757859 0.517514 -0.397276 0.486095 0.519276 -0.702896 0.486095 0.519276 -0.702896 0.103747 0.521752 -0.846765 -0.301139 0.524376 -0.796458 -0.635958 0.526533 -0.564199 -0.635958 0.526533 -0.564199 -0.824669 0.527746 -0.203483 -0.824665 0.527754 0.203481 -0.635955 0.526539 0.564197 -0.635955 0.526539 0.564197 -0.301142 0.524373 0.796459 0.103748 0.521751 0.846766 0.486093 0.519283 0.702893 0.486093 0.519283 0.702893 0.757864 0.517512 0.397270 0.856062 0.516873 0.000001 0.000000 -1.000000 0.000004 0.000000 -1.000000 0.000000 0.000000 -1.000000 0.000001 0.000000 -1.000000 0.000012 0.000000 -1.000000 0.000008 0.000000 -1.000000 0.000000 0.000000 -1.000000 0.000000 0.000000 -1.000000 0.000000 0.000000 -1.000000 0.000000 0.000000 -1.000000 -0.000004 
						0.000000 -1.000000 -0.000004 0.000000 -1.000000 0.000000 0.000000 -1.000000 0.000000 0.000000 -1.000000 0.000000 0.333018 0.926602 -0.174666 0.213927 0.926474 -0.309646 -0.000536 1.000000 0.000000 0.045615 0.926291 -0.374037 -0.133610 0.926104 -0.352816 -0.282589 0.925951 -0.250518 -0.366875 0.925860 -0.090477 -0.366873 0.925861 0.090475 -0.282579 0.925954 0.250514 -0.133607 0.926107 0.352810 0.045609 0.926292 0.374037 0.213930 0.926470 0.309656 0.333020 0.926599 0.174675 0.375941 0.926644 0.000000 
					</float_array>
					<technique_common>
						<accessor count="146" offset="0" source="#meshId9-normals-array" stride="3">
							<param name="X" type="float" />
							<param name="Y" type="float" />
							<param name="Z" type="float" />
						</accessor>
					</technique_common>
				</source>
				<source id="meshId9-tangents" name="meshId9-tangents">
					<float_array id="meshId9-tangents-array" count="438"> 
						0.631158 0.767294 -0.113579 0.685096 0.720939 -0.104358 0.730682 0.648228 -0.214253 0.681166 0.700822 -0.211803 0.890782 0.386909 0.238346 0.903393 0.374014 0.209750 0.995097 0.091539 0.037443 0.994658 0.092638 0.045544 0.960202 -0.257646 -0.107842 0.952864 -0.278988 -0.119229 0.831952 -0.505705 -0.228295 0.806508 -0.534688 -0.252296 -0.183468 0.715745 -0.673832 -0.260402 0.690519 -0.674815 -0.418142 0.607979 -0.674922 -0.368017 0.634958 -0.679258 -0.636855 0.514905 -0.573837 -0.604537 0.547890 -0.578232 -0.828326 0.358623 -0.430425 -0.811812 0.395534 -0.429550 0.806985 -0.532327 0.255740 0.832079 -0.504971 0.229454 0.960114 -0.258225 0.107242 0.952804 -0.279331 0.118909 0.995223 0.089247 -0.039579 0.994816 0.089666 -0.047975 0.903342 0.374371 -0.209331 0.890653 0.387762 -0.237439 0.679579 0.701757 0.213800 0.713214 0.659141 0.238449 0.671571 0.727145 0.142310 0.632041 0.766912 0.111222 0.671734 0.740315 0.026596 0.622688 0.782462 -0.003475 0.279178 0.959095 -0.046860 0.322003 0.941434 -0.100077 0.812766 0.399972 0.423596 0.990621 0.102383 0.090487 0.911230 -0.331035 -0.245103 0.641590 -0.614809 -0.458663 0.241099 0.761337 -0.601862 -0.055793 0.742803 -0.667181 -0.359358 0.693422 -0.624522 -0.626801 0.652704 -0.425556 0.644712 -0.605940 0.466029 0.911835 -0.328649 0.246063 0.990859 0.099200 -0.091424 0.812129 0.402702 -0.422230 0.324324 0.940828 0.098266 0.283562 0.958202 0.037966 0.269591 0.962936 -0.008697 -0.280768 0.958783 0.043644 -0.313263 0.943635 0.106857 0.154093 -0.962543 -0.223084 -0.153736 -0.962543 0.223330 -0.032504 -0.962097 0.270765 0.032934 -0.962096 -0.270715 0.097633 -0.961621 0.256423 -0.097237 -0.961622 -0.256571 0.718014 0.693340 -0.061125 0.529064 0.734408 -0.425131 0.624496 0.658093 -0.420616 0.359424 0.696880 -0.620623 0.054017 0.739744 -0.670717 
						-0.244650 0.758125 -0.604478 -0.718768 0.692510 -0.061664 -0.529657 0.733934 -0.425211 -0.097636 -0.961621 0.256421 0.097232 -0.961621 -0.256575 -0.032933 -0.962096 -0.270716 0.032509 -0.962095 0.270772 -0.154089 -0.962543 -0.223085 0.153743 -0.962542 0.223327 -0.311235 0.944128 -0.108425 -0.276166 0.959652 -0.052925 -0.269591 0.962936 -0.008711 -0.560297 0.820786 0.111258 -0.600070 0.770837 0.213836 0.873261 -0.402022 0.275306 0.811989 -0.403310 0.421918 0.990935 -0.098150 0.091734 0.993884 -0.095087 0.056151 0.910830 0.332597 -0.244475 0.943399 0.301275 -0.138678 0.643491 0.609454 -0.463124 0.773752 0.560106 -0.295955 0.786140 0.455195 -0.418069 0.561097 0.592794 -0.577725 0.305219 0.668752 -0.677947 0.099577 0.746889 -0.657451 0.773446 0.561446 0.294212 0.640994 0.616473 0.457262 0.910307 0.334623 0.243658 0.943347 0.301535 0.138466 0.990707 -0.101253 -0.090820 0.993697 -0.098243 -0.053982 0.812368 -0.401679 -0.422744 0.873131 -0.402797 -0.274587 -0.603443 0.769207 -0.210184 -0.560758 0.820623 -0.110129 -0.554498 0.832185 -0.000202 -0.516234 0.848015 0.119885 -0.552779 0.805667 0.212920 0.863536 -0.408951 0.295068 0.992883 -0.104394 0.057325 0.939983 0.303779 -0.155402 0.757258 0.566658 -0.324744 0.770147 0.479723 -0.420403 0.535545 0.612808 -0.581083 0.278318 0.691797 -0.666300 0.080578 0.772393 -0.630012 0.757197 0.566927 0.324416 0.939704 0.305153 0.154397 0.992736 -0.106478 -0.056024 0.863300 -0.410270 -0.293925 -0.569561 0.798272 -0.195861 -0.528119 0.844153 -0.092171 -0.516773 0.855896 0.019689 1.000000 0.000000 0.000636 1.000000 0.000000 0.000264 1.000000 0.000000 0.000150 0.999999 -0.000000 -0.001648 0.999991 -0.000000 -0.004184 0.999998 0.000000 -0.001930 1.000000 0.000000 0.000286 1.000000 0.000000 0.000126 0.999997 0.000000 0.002279 0.999990 -0.000000 0.004448 
						0.999998 -0.000000 0.001957 1.000000 0.000000 -0.000330 1.000000 0.000000 -0.000050 1.000000 0.000000 0.000095 0.941089 -0.338160 0.000340 0.974610 -0.223884 0.003465 1.000000 0.000536 0.000033 0.998789 -0.049196 -0.000026 0.990181 0.139518 -0.008759 0.956863 0.290484 -0.005688 0.929669 0.368397 0.000133 0.929672 0.368389 -0.000061 0.956874 0.290445 0.005802 0.990185 0.139485 0.008835 0.998789 -0.049190 0.000029 0.974604 -0.223909 -0.003396 0.941083 -0.338175 -0.000271 0.926644 -0.375941 0.000000 
					</float_array>
					<technique_common>
						<accessor count="146" offset="0" source="#meshId9-tangents-array" stride="3">
							<param name="X" type="float" />
							<param name="Y" type="float" />
							<param name="Z" type="float" />
						</accessor>
					</technique_common>
				</source>
				<source id="meshId9-bitangents" name="meshId9-bitangents">
					<float_array id="meshId9-bitangents-array" count="438"> 
						0.349625 -0.150716 0.924688 0.317818 -0.166912 0.933345 0.538110 -0.353683 0.765079 0.582594 -0.343658 0.736535 0.099554 -0.677904 0.728378 0.085680 -0.636714 0.766325 0.041554 -0.730525 0.681621 0.043016 -0.773031 0.632908 -0.103639 -0.687209 0.719029 -0.127411 -0.724609 0.677280 -0.090183 -0.529230 0.843672 -0.115161 -0.560635 0.820016 0.793761 -0.296501 -0.531065 0.795279 -0.242911 -0.555451 0.567103 -0.405697 -0.716801 0.547886 -0.442152 -0.710157 0.301448 -0.518743 -0.800022 0.264863 -0.546338 -0.794583 0.118995 -0.638130 -0.760678 0.068403 -0.666151 -0.742674 0.111772 0.562879 0.818947 0.089039 0.529929 0.843355 0.104447 0.686999 0.719113 0.127863 0.724479 0.677334 -0.038433 0.730815 0.681493 -0.039194 0.773382 0.632727 -0.086179 0.636506 0.766442 -0.100669 0.677418 0.728677 -0.584440 0.341749 0.735960 -0.561052 0.332906 0.757888 -0.345477 0.137392 0.928315 -0.348019 0.152671 0.924973 -0.017876 -0.019692 0.999646 0.002160 0.002722 0.999994 0.442024 -0.085038 0.892963 0.773139 -0.200476 0.601718 0.202094 -0.875506 0.438915 0.073114 -0.956633 0.281969 -0.230332 -0.902846 0.363065 -0.265240 -0.738897 0.619419 0.651047 -0.586791 -0.481471 0.355250 -0.609725 -0.708543 0.013318 -0.665347 -0.746415 -0.298514 -0.705646 -0.642614 0.257558 0.746187 0.613896 0.227924 0.903717 0.362417 -0.069818 0.956968 0.281670 -0.204627 0.874254 0.440235 -0.772165 0.203304 0.602021 -0.439224 0.094582 0.893385 0.002343 0.008376 0.999962 0.441017 0.088492 0.893126 0.776722 0.189845 0.600551 -0.823217 -0.000209 -0.567727 -0.823284 -0.000209 -0.567630 -0.992783 -0.000209 -0.119921 -0.992769 -0.000208 -0.120038 -0.934805 -0.000205 0.355160 -0.934846 -0.000203 0.355052 0.606506 -0.666331 -0.433768 0.776843 -0.620774 -0.105618 0.303311 -0.700622 -0.645858 -0.011446 -0.661724 -0.749660 -0.355527 -0.613432 -0.705196 
						-0.649725 -0.590935 -0.478177 -0.605611 -0.667192 -0.433694 -0.776438 -0.621334 -0.105295 0.934805 -0.000208 0.355162 0.934847 -0.000209 0.355052 0.992769 -0.000206 -0.120038 0.992783 -0.000205 -0.119922 0.823214 -0.000204 -0.567731 0.823279 -0.000203 -0.567637 -0.777534 -0.187380 0.600275 -0.443910 -0.078519 0.892625 -0.002348 0.008389 0.999962 0.378989 0.134606 0.915559 0.645949 0.309235 0.697943 -0.121446 -0.726770 -0.676060 -0.205194 -0.873974 -0.440528 -0.068731 -0.957076 -0.281568 -0.046823 -0.823383 -0.565551 0.231909 -0.902272 -0.363487 0.155034 -0.770228 -0.618638 0.260599 -0.743319 -0.616089 0.139646 -0.606497 -0.782726 0.013298 -0.688734 -0.724892 -0.209722 -0.573363 -0.792005 -0.515424 -0.482611 -0.708114 -0.779927 -0.351720 -0.517694 -0.141361 0.605251 -0.783383 -0.266689 0.737508 -0.620450 -0.233954 0.901523 -0.364037 -0.155354 0.770125 -0.618686 0.071943 0.956752 -0.281869 0.050633 0.823009 -0.565767 0.203675 0.874724 -0.439743 0.122373 0.726338 -0.676357 -0.642798 -0.313259 0.699056 -0.378294 -0.135613 0.915698 -0.000111 0.000169 1.000000 0.398939 0.114231 0.909835 0.676865 0.285047 0.678676 -0.134228 -0.750407 -0.647203 -0.058488 -0.846686 -0.528869 0.160458 -0.795455 -0.584384 0.148719 -0.633768 -0.759092 0.049303 -0.701875 -0.710592 -0.181968 -0.588175 -0.787996 -0.492410 -0.492842 -0.717384 -0.767508 -0.355197 -0.533635 -0.149041 0.633522 -0.759234 -0.162080 0.794931 -0.584650 0.060931 0.846427 -0.529008 0.135746 0.749682 -0.647727 -0.662807 -0.305134 0.683798 -0.383056 -0.139953 0.913061 0.010176 -0.016856 0.999806 -0.000636 0.000004 1.000000 -0.000264 0.000000 1.000000 -0.000150 0.000001 1.000000 0.001648 0.000012 0.999999 0.004184 0.000008 0.999991 0.001930 0.000000 0.999998 -0.000286 0.000000 1.000000 -0.000126 0.000000 1.000000 -0.002279 0.000000 0.999997 -0.004448 -0.000004 0.999990 
						-0.001957 -0.000004 0.999998 0.000330 0.000000 1.000000 0.000050 0.000000 1.000000 -0.000095 0.000000 1.000000 -0.058750 -0.164490 -0.984628 -0.066114 -0.302525 -0.950846 0.000033 0.000000 -1.000000 -0.018425 -0.373583 -0.927414 0.041113 -0.350522 -0.935652 0.067504 -0.241319 -0.968095 0.033455 -0.084065 -0.995898 -0.033387 0.084090 -0.995899 -0.067388 0.241350 -0.968096 -0.041029 0.350528 -0.935653 0.018425 0.373583 -0.927414 0.066188 0.302519 -0.950842 0.058819 0.164474 -0.984626 0.000000 0.000000 -1.000000 
					</float_array>
					<technique_common>
						<accessor count="146" offset="0" source="#meshId9-bitangents-array" stride="3">
							<param name="X" type="float" />
							<param name="Y" type="float" />
							<param name="Z" type="float" />
						</accessor>
					</technique_common>
				</source>
				<source id="meshId9-tex0" name="meshId9-tex0">
					<float_array id="meshId9-tex0-array" count="292"> 
						0.857646 0.587593 0.852401 0.588785 0.851257 0.583648 0.856462 0.580962 0.022199 0.006804 0.019909 0.011500 0.015272 0.009720 0.015694 0.004400 0.010457 0.010306 0.008673 0.005259 0.006387 0.013148 0.002944 0.009154 0.666597 0.593340 0.661181 0.595227 0.658357 0.590783 0.662796 0.587754 0.654733 0.586621 0.658344 0.582640 0.650720 0.583211 0.653334 0.578107 0.002948 0.031161 0.006389 0.027165 0.010460 0.030006 0.008678 0.035054 0.015275 0.030591 0.015699 0.035910 0.019912 0.028809 0.022203 0.033504 0.856459 0.607794 0.851254 0.605107 0.852400 0.599970 0.857644 0.601163 0.852704 0.594378 0.857931 0.594378 0.861896 0.586799 0.861322 0.579075 0.024191 0.002876 0.016130 0.000000 0.007121 0.001107 0.000000 0.005837 0.671152 0.591342 0.666282 0.585269 0.661285 0.579530 0.655941 0.573870 0.000004 0.034478 0.007127 0.039207 0.016136 0.040310 0.024196 0.037431 0.861319 0.609683 0.861894 0.601959 0.862041 0.594379 0.866456 0.586786 0.866889 0.579044 0.290575 0.263097 0.295288 0.263098 0.295287 0.271135 0.290574 0.271134 0.295285 0.279171 0.290572 0.279170 0.680145 0.594229 0.676542 0.597364 0.674928 0.588068 0.669647 0.582348 0.664642 0.576599 
						0.659703 0.570580 0.650718 0.567702 0.654319 0.564566 0.556592 0.238742 0.561305 0.238743 0.561304 0.246780 0.556591 0.246779 0.561302 0.254816 0.556589 0.254815 0.866886 0.609715 0.866455 0.601973 0.866377 0.594379 0.870729 0.587557 0.871664 0.580858 0.104585 0.464111 0.106552 0.468050 0.098349 0.470944 0.097923 0.466537 0.089106 0.469808 0.090650 0.465646 0.081851 0.465026 0.084774 0.461690 0.677530 0.583907 0.672617 0.579231 0.668138 0.574086 0.664183 0.568577 0.084775 0.438081 0.081852 0.434745 0.089107 0.429964 0.090651 0.434125 0.098350 0.428828 0.097924 0.433235 0.106553 0.431722 0.104587 0.435662 0.871661 0.607902 0.870727 0.601203 0.870528 0.594380 0.875337 0.588293 0.876265 0.582549 0.102909 0.459944 0.097602 0.461980 0.092120 0.461311 0.087461 0.458056 0.680147 0.579843 0.675863 0.575893 0.671891 0.571331 0.668568 0.566544 0.087462 0.441715 0.092121 0.438461 0.097603 0.437792 0.102910 0.439828 0.876262 0.606212 0.875336 0.600468 0.875107 0.594380 0.019909 0.011500 0.023299 0.015265 0.014040 0.020155 0.015272 0.009720 0.010457 0.010306 0.006387 0.013148 0.004006 0.017629 0.004007 0.022685 0.006389 0.027165 0.010460 0.030006 
						0.015275 0.030591 0.019912 0.028809 0.023301 0.025043 0.024521 0.020154 0.106875 0.455569 0.102909 0.459944 0.096242 0.449886 0.097602 0.461980 0.092120 0.461311 0.087461 0.458056 0.084671 0.452832 0.084671 0.446939 0.087462 0.441715 0.092121 0.438461 0.097603 0.437792 0.102910 0.439828 0.106875 0.444204 0.108303 0.449886 
					</float_array>
					<technique_common>
						<accessor count="146" offset="0" source="#meshId9-tex0-array" stride="2">
							<param name="S" type="float" />
							<param name="T" type="float" />
						</accessor>
					</technique_common>
				</source>
				<vertices id="meshId9-vertices">
					<input semantic="POSITION" source="#meshId9-positions" />
				</vertices>
				<polylist count="156" material="defaultMaterial">
					<input offset="0" semantic="VERTEX" source="#meshId9-vertices" />
					<input offset="0" semantic="NORMAL" source="#meshId9-normals" />
					<input offset="0" semantic="TANGENT" source="#meshId9-tangents" />
					<input offset="0" semantic="BINORMAL" source="#meshId9-bitangents" />
					<input offset="0" semantic="TEXCOORD" source="#meshId9-tex0" set="0" />
					<vcount>
						3 3 3 3 3 3 3 3 3 3 3 3 3 3 3 3 3 3 3 3 3 3 3 3 3 3 3 3 3 3 3 3 3 3 3 3 3 3 3 3 3 3 3 3 3 3 3 3 3 3 3 3 3 3 3 3 3 3 3 3 3 3 3 3 
						3 3 3 3 3 3 3 3 3 3 3 3 3 3 3 3 3 3 3 3 3 3 3 3 3 3 3 3 3 3 3 3 3 3 3 3 3 3 3 3 3 3 3 3 3 3 3 3 3 3 3 3 3 3 3 3 3 3 3 3 3 3 3 3 
						3 3 3 3 3 3 3 3 3 3 3 3 3 3 3 3 3 3 3 3 3 3 3 3 3 3 3 3 
					</vcount>
					<p>
						0 1 2 2 3 0 4 5 6 6 7 4 7 6 8 8 9 7 9 8 10 10 11 9 12 13 14 14 15 12 15 14 16 16 17 15 17 16 18 18 19 17 20 21 22 22 23 20 23 22 24 24 25 23 25 24 26 26 27 25 28 29 30 30 31 28 31 30 32 32 33 31 33 32 1 1 0 33 34 0 3 3 35 34 36 4 7 7 37 36 37 7 9 9 38 37 38 9 11 11 39 38 40 12 15 15 41 40 41 15 17 17 42 41 42 17 19 19 43 42 44 20 23 23 45 44 45 23 25 25 46 45 46 25 27 27 47 46 48 28 31 31 49 48 49 31 33 33 50 49 50 33 0 0 34 50 51 34 35 35 52 51 53 54 55 55 56 53 56 55 57 57 58 56 59 60 40 40 61 59 61 40 41 41 62 61 62 41 42 42 63 62 
						63 42 43 43 64 63 64 43 65 65 66 64 67 68 69 69 70 67 70 69 71 71 72 70 73 48 49 49 74 73 74 49 50 50 75 74 75 50 34 34 51 75 76 51 52 52 77 76 78 79 80 80 81 78 81 80 82 82 83 81 83 82 84 84 85 83 86 61 62 62 87 86 87 62 63 63 88 87 88 63 64 64 89 88 90 91 92 92 93 90 93 92 94 94 95 93 95 94 96 96 97 95 98 73 74 74 99 98 99 74 75 75 100 99 100 75 51 51 76 100 101 76 77 77 102 101 103 78 81 81 104 103 104 81 83 83 105 104 105 83 85 85 106 105 107 86 87 87 108 107 108 87 88 88 109 108 109 88 89 89 110 109 111 90 93 93 112 111 112 93 95 95 113 112 113 95 97 97 114 113 115 98 99 99 116 115 116 99 100 100 117 116 
						117 100 76 76 101 117 118 119 120 121 118 120 122 121 120 123 122 120 124 123 120 125 124 120 126 125 120 127 126 120 128 127 120 129 128 120 130 129 120 131 130 120 119 131 120 132 133 134 133 135 134 135 136 134 136 137 134 137 138 134 138 139 134 139 140 134 140 141 134 141 142 134 142 143 134 143 144 134 144 145 134 145 132 134 
					</p>
				</polylist>
			</mesh>
		</geometry>
		<geometry id="meshId10" name="meshId10_name" >
			<mesh>
				<source id="meshId10-positions" name="meshId10-positions">
					<float_array id="meshId10-positions-array" count="423"> 
						-17.743662 11.988346 31.681156 -17.774025 11.934494 31.697357 -17.805773 11.934494 31.661522 -17.786474 11.988346 31.632832 -17.786474 11.988346 31.632832 -17.805773 11.934494 31.661522 -17.850534 11.934494 31.644547 -17.846840 11.988346 31.609936 -17.898060 11.934494 31.650316 -17.910929 11.988346 31.617718 -17.937460 11.934494 31.677513 -17.964062 11.988346 31.654392 -17.964062 11.988346 31.654392 -17.937460 11.934494 31.677513 -17.959707 11.934494 31.719900 -17.994064 11.988346 31.711559 -17.959707 11.934494 31.767776 -17.994064 11.988346 31.776119 -17.937460 11.934494 31.810165 -17.964062 11.988346 31.833286 -17.964062 11.988346 31.833286 -17.937460 11.934494 31.810165 -17.898060 11.934494 31.837362 -17.910929 11.988346 31.869961 -17.850534 11.934494 31.843130 -17.846840 11.988346 31.877743 -17.805773 11.934494 31.826157 -17.786474 11.988346 31.854847 -17.786474 11.988346 31.854847 -17.805773 11.934494 31.826157 -17.774025 11.934494 31.790321 -17.743662 11.988346 31.806524 -17.762569 11.934494 31.743839 -17.728212 11.988346 31.743839 -17.721947 12.037220 31.669567 -17.772673 12.037220 31.612310 -17.772673 12.037220 31.612310 -17.786474 11.988346 31.632832 -17.846840 11.988346 31.609936 -17.844196 12.037220 31.585184 -17.910929 11.988346 31.617718 -17.920134 12.037220 31.594406 -17.920134 12.037220 31.594406 -17.910929 11.988346 31.617718 -17.983088 12.037220 31.637859 -18.018635 12.037220 31.705593 -18.018635 12.037220 31.782085 -17.983088 12.037220 31.849819 -17.910929 11.988346 31.869961 -17.920134 12.037220 31.893272 -17.920134 12.037220 31.893272 -17.910929 11.988346 31.869961 -17.846840 11.988346 31.877743 -17.844196 12.037220 31.902493 -17.786474 11.988346 31.854847 -17.772673 12.037220 31.875368 -17.772673 12.037220 31.875368 -17.721947 12.037220 31.818111 -17.703642 12.037220 31.743839 -17.721947 12.101027 31.669567 -17.772673 12.101027 31.612310 -17.772673 12.101027 31.612310 -17.844196 12.101027 31.585184 -17.920134 12.101027 31.594406 
						-17.920134 12.101027 31.594406 -17.983088 12.101027 31.637859 -18.018635 12.101027 31.705593 -18.018635 12.101027 31.782085 -17.983088 12.101027 31.849819 -17.920134 12.101027 31.893272 -17.920134 12.101027 31.893272 -17.844196 12.101027 31.902493 -17.772673 12.101027 31.875368 -17.772673 12.101027 31.875368 -17.721947 12.101027 31.818111 -17.703642 12.101027 31.743839 -17.743662 12.149900 31.681156 -17.786474 12.149900 31.632832 -17.786474 12.149900 31.632832 -17.846840 12.149900 31.609936 -17.910929 12.149900 31.617718 -17.910929 12.149900 31.617718 -17.964062 12.149900 31.654392 -17.994064 12.149900 31.711559 -17.994064 12.149900 31.776119 -17.964062 12.149900 31.833286 -17.910929 12.149900 31.869961 -17.910929 12.149900 31.869961 -17.846840 12.149900 31.877743 -17.786474 12.149900 31.854847 -17.786474 12.149900 31.854847 -17.743662 12.149900 31.806524 -17.728212 12.149900 31.743839 -17.763866 12.203753 31.691936 -17.799314 12.203753 31.651922 -17.799314 12.203753 31.651922 -17.849298 12.203753 31.632965 -17.902367 12.203753 31.639408 -17.902367 12.203753 31.639408 -17.946360 12.203753 31.669777 -17.971203 12.203753 31.717110 -17.971203 12.203753 31.770569 -17.946360 12.203753 31.817902 -17.902367 12.203753 31.848270 -17.902367 12.203753 31.848270 -17.849298 12.203753 31.854713 -17.799314 12.203753 31.835756 -17.799314 12.203753 31.835756 -17.763866 12.203753 31.795740 -17.751074 12.203753 31.743839 -17.805773 11.934494 31.661522 -17.774025 11.934494 31.697357 -17.863098 11.934494 31.743839 -17.850534 11.934494 31.644547 -17.898060 11.934494 31.650316 -17.937460 11.934494 31.677513 -17.959707 11.934494 31.719900 -17.959707 11.934494 31.767776 -17.937460 11.934494 31.810165 -17.898060 11.934494 31.837362 -17.850534 11.934494 31.843130 -17.805773 11.934494 31.826157 -17.774025 11.934494 31.790321 -17.762569 11.934494 31.743839 -17.763866 12.203753 31.691936 -17.799314 12.203753 31.651922 -17.863098 12.268394 31.743839 -17.849298 12.203753 31.632965 
						-17.902367 12.203753 31.639408 -17.946360 12.203753 31.669777 -17.971203 12.203753 31.717110 -17.971203 12.203753 31.717110 -17.971203 12.203753 31.770569 -17.863098 12.268394 31.743839 -17.971203 12.203753 31.770569 -17.946360 12.203753 31.817902 -17.902367 12.203753 31.848270 -17.849298 12.203753 31.854713 -17.799314 12.203753 31.835756 -17.763866 12.203753 31.795740 -17.751074 12.203753 31.743839 
					</float_array>
					<technique_common>
						<accessor count="141" offset="0" source="#meshId10-positions-array" stride="3">
							<param name="X" type="float" />
							<param name="Y" type="float" />
							<param name="Z" type="float" />
						</accessor>
					</technique_common>
				</source>
				<source id="meshId10-normals" name="meshId10-normals">
					<float_array id="meshId10-normals-array" count="423"> 
						0.771958 -0.489816 -0.405168 0.746319 -0.538488 -0.391202 0.478669 -0.540260 -0.692094 0.494685 -0.491544 -0.716708 0.494685 -0.491544 -0.716708 0.478669 -0.540260 -0.692094 0.102179 -0.542783 -0.833634 0.104786 -0.493968 -0.863143 -0.296392 -0.545435 -0.783998 -0.307820 -0.496528 -0.811608 -0.625896 -0.547612 -0.555316 -0.648827 -0.498647 -0.574783 -0.648827 -0.498647 -0.574783 -0.625896 -0.547612 -0.555316 -0.811598 -0.548818 -0.200267 -0.840960 -0.499827 -0.207266 -0.811600 -0.548815 0.200268 -0.840960 -0.499826 0.207268 -0.625900 -0.547607 0.555316 -0.648824 -0.498646 0.574786 -0.648824 -0.498646 0.574786 -0.625900 -0.547607 0.555316 -0.296396 -0.545433 0.783997 -0.307823 -0.496528 0.811607 0.102180 -0.542782 0.833635 0.104782 -0.493968 0.863143 0.478662 -0.540267 0.692094 0.494679 -0.491547 0.716711 0.494679 -0.491547 0.716711 0.478662 -0.540267 0.692094 0.746317 -0.538495 0.391195 0.771957 -0.489819 0.405167 0.843044 -0.537844 -0.000001 0.872183 -0.489180 0.000000 0.868202 -0.195930 -0.455891 0.556660 -0.196790 -0.807095 0.556660 -0.196790 -0.807095 0.494685 -0.491544 -0.716708 0.104786 -0.493968 -0.863143 0.117733 -0.197977 -0.973110 -0.307820 -0.496528 -0.811608 -0.347859 -0.199239 -0.916132 -0.347859 -0.199239 -0.916132 -0.307820 -0.496528 -0.811608 -0.733536 -0.200297 -0.649466 -0.951175 -0.200889 -0.234329 -0.951174 -0.200890 0.234332 -0.733533 -0.200297 0.649469 -0.307823 -0.496528 0.811607 -0.347863 -0.199240 0.916130 -0.347863 -0.199240 0.916130 -0.307823 -0.496528 0.811607 0.104782 -0.493968 0.863143 0.117733 -0.197978 0.973110 0.494679 -0.491547 0.716711 0.556661 -0.196788 0.807096 0.556661 -0.196788 0.807096 0.868204 -0.195931 0.455887 0.980681 -0.195613 0.000000 0.868204 0.195931 -0.455887 0.556665 0.196791 -0.807092 0.556665 0.196791 -0.807092 0.117733 0.197978 -0.973110 -0.347858 0.199241 -0.916132 
						-0.347858 0.199241 -0.916132 -0.733534 0.200298 -0.649468 -0.951174 0.200889 -0.234332 -0.951173 0.200890 0.234334 -0.733532 0.200297 0.649471 -0.347862 0.199240 0.916131 -0.347862 0.199240 0.916131 0.117733 0.197976 0.973111 0.556665 0.196791 0.807092 0.556665 0.196791 0.807092 0.868205 0.195934 0.455884 0.980681 0.195612 0.000001 0.801849 0.424240 -0.420783 0.514047 0.425874 -0.744572 0.514047 0.425874 -0.744572 0.109030 0.428161 -0.897101 -0.319963 0.430591 -0.843928 -0.319963 0.430591 -0.843928 -0.674809 0.432602 -0.597903 -0.874858 0.433724 -0.215653 -0.874857 0.433726 0.215654 -0.674806 0.432602 0.597906 -0.319966 0.430587 0.843930 -0.319966 0.430587 0.843930 0.109026 0.428155 0.897105 0.514040 0.425878 0.744574 0.514040 0.425878 0.744574 0.801844 0.424248 0.420784 0.905830 0.423641 0.000002 0.815013 0.391317 -0.427346 0.522921 0.392849 -0.756454 0.522921 0.392849 -0.756454 0.111503 0.395037 -0.911873 -0.324753 0.397368 -0.858274 -0.324753 0.397368 -0.858274 -0.685935 0.399268 -0.608341 -0.889701 0.400325 -0.219481 -0.889700 0.400328 0.219480 -0.685934 0.399267 0.608342 -0.324755 0.397361 0.858276 -0.324755 0.397361 0.858276 0.111502 0.395028 0.911877 0.522915 0.392855 0.756455 0.522915 0.392855 0.756455 0.815011 0.391327 0.427341 0.920489 0.390769 0.000000 0.000000 -1.000000 -0.000006 0.000000 -1.000000 0.000000 0.000000 -1.000000 0.000001 0.000000 -1.000000 0.000000 0.000000 -1.000000 0.000006 0.000000 -1.000000 0.000000 0.000000 -1.000000 0.000000 0.000000 -1.000000 0.000000 0.000000 -1.000000 0.000000 0.000000 -1.000000 -0.000006 0.000000 -1.000000 0.000006 0.000000 -1.000000 0.000013 0.000000 -1.000000 0.000000 0.000000 -1.000000 0.000000 0.442708 0.866070 -0.232232 0.284352 0.865865 -0.411608 -0.000665 1.000000 0.000000 0.060599 0.865573 -0.497103 
						-0.177567 0.865261 -0.468821 -0.375493 0.864993 -0.332855 -0.487418 0.864856 -0.120203 -0.487418 0.864856 -0.120203 -0.487416 0.864857 0.120202 -0.000665 1.000000 0.000000 -0.487416 0.864857 0.120202 -0.375484 0.864999 0.332848 -0.177568 0.865264 0.468815 0.060603 0.865567 0.497113 0.284363 0.865861 0.411609 0.442702 0.866076 0.232225 0.499790 0.866147 0.000000 
					</float_array>
					<technique_common>
						<accessor count="141" offset="0" source="#meshId10-normals-array" stride="3">
							<param name="X" type="float" />
							<param name="Y" type="float" />
							<param name="Z" type="float" />
						</accessor>
					</technique_common>
				</source>
				<source id="meshId10-tangents" name="meshId10-tangents">
					<float_array id="meshId10-tangents-array" count="423"> 
						-0.419873 0.085661 -0.903531 -0.402307 0.103274 -0.909661 -0.691669 0.253501 -0.676262 -0.731635 0.209536 -0.648695 0.857539 0.409988 0.310704 0.869180 0.403006 0.286552 0.993102 0.104109 0.053939 0.992963 0.100125 0.063246 0.943260 -0.295849 -0.150777 0.934438 -0.318334 -0.159654 0.767163 -0.560484 -0.311960 0.741041 -0.585661 -0.328419 -0.744002 0.574189 0.341713 -0.777636 0.492493 0.390812 -0.562052 0.639972 0.523960 -0.524761 0.659954 0.537668 -0.336198 0.719102 0.608164 -0.277366 0.727094 0.628014 -0.163513 0.788346 0.593106 -0.048719 0.781037 0.622581 0.743164 -0.577557 0.337841 0.767458 -0.559157 0.313612 0.942798 -0.298243 0.148942 0.935161 -0.315032 0.161952 0.993456 0.098667 -0.057527 0.993159 0.096958 -0.065077 0.869025 0.403945 -0.285700 0.857255 0.411539 -0.309435 0.716899 -0.235381 -0.656241 0.683593 -0.265347 -0.679920 0.406968 -0.095883 -0.908396 0.427124 -0.072379 -0.901292 0.002339 0.003667 -0.999991 0.002773 0.004944 -0.999984 -0.456124 0.046647 -0.888693 -0.812063 0.075953 -0.578606 0.829369 0.075838 0.553531 0.858372 0.147338 0.491415 0.992837 0.001862 0.119465 0.992601 -0.005862 0.121284 0.950526 -0.123013 -0.285250 0.937395 -0.056305 -0.343687 -0.766331 0.623366 0.155410 -0.881095 0.470675 0.046223 -0.567595 0.706162 0.423285 -0.303162 0.750632 0.587065 -0.011734 0.782188 0.622932 0.256135 0.803665 0.537139 0.156662 0.814932 0.557981 0.445491 0.824670 0.348506 0.937516 -0.066235 0.341579 0.950824 -0.129763 0.281238 0.993491 0.012995 -0.113169 0.992955 0.010258 -0.118047 0.856105 0.133667 -0.499216 0.828097 0.054009 -0.557977 0.802295 -0.124708 -0.583756 0.460292 -0.025169 -0.887411 0.001502 0.007530 -0.999970 -0.461850 -0.016842 -0.886798 -0.805228 -0.111090 -0.582466 0.828682 -0.063253 0.556133 0.993037 -0.019497 0.116177 0.937442 0.059270 -0.343059 
						-0.439075 0.828755 0.346956 -0.252500 0.806881 0.534028 0.011345 0.781446 0.623869 0.303230 0.749931 0.587925 0.568388 0.704723 0.424618 0.776877 0.608268 0.162700 0.937244 0.049133 0.345194 0.992816 -0.002424 -0.119624 0.829838 -0.086540 -0.551253 0.813688 0.066658 -0.577467 0.458141 0.036370 -0.888135 -0.001378 0.006913 -0.999975 -0.438891 -0.059709 -0.896554 -0.747686 -0.202950 -0.632279 0.850998 -0.144409 0.504925 0.993698 -0.023335 0.109633 0.946873 0.114787 -0.300426 -0.175621 0.848363 0.499438 -0.022843 0.797543 0.602829 0.217583 0.749659 0.625036 0.476593 0.691255 0.543163 0.703910 0.620668 0.345373 0.871820 0.482508 0.084356 0.946704 0.110464 0.302571 0.993436 -0.015514 -0.113329 0.852218 -0.155001 -0.499699 0.756874 0.183248 -0.627345 0.434510 0.069415 -0.897988 -0.001840 0.003938 -0.999991 -0.433206 -0.078300 -0.897887 -0.748158 -0.213699 -0.628166 0.848275 -0.152837 0.507021 0.993521 -0.024037 0.111074 0.945385 0.109549 -0.306995 -0.168067 0.868772 0.465821 -0.028551 0.820609 0.570777 0.201922 0.776214 0.597260 0.453043 0.714726 0.532841 0.680427 0.648243 0.341759 0.848285 0.523686 0.078521 0.945364 0.108885 0.307296 0.993481 -0.022405 -0.111774 0.848552 -0.155852 -0.505639 0.751050 0.207324 -0.626850 0.431972 0.081224 -0.898222 -0.001053 0.002481 -0.999996 1.000000 -0.000000 0.000839 1.000000 0.000000 0.000337 1.000000 0.000000 0.000180 0.999999 0.000000 -0.000980 0.999993 -0.000000 -0.003657 0.999998 0.000000 -0.001890 1.000000 0.000000 0.000229 1.000000 0.000000 0.000061 0.999998 0.000000 0.002081 0.999992 -0.000000 0.003926 0.999999 0.000000 0.001511 1.000000 -0.000000 -0.000402 1.000000 0.000000 0.000044 1.000000 0.000000 0.000241 0.890340 -0.455296 -0.000679 0.949426 -0.313959 -0.004555 1.000000 0.000665 0.000007 0.996656 -0.079815 -0.017480 
						0.982779 0.180666 -0.038790 0.923980 0.377488 -0.061360 0.873127 0.481406 -0.076794 0.657370 0.454069 0.601403 0.730756 0.328685 0.598299 0.747235 0.000497 0.664560 0.873128 0.481404 0.076794 0.923984 0.377478 0.061357 0.982779 0.180665 0.038793 0.996650 -0.079878 0.017580 0.949415 -0.313991 0.004602 0.890350 -0.455277 0.000624 0.866147 -0.499790 0.000000 
					</float_array>
					<technique_common>
						<accessor count="141" offset="0" source="#meshId10-tangents-array" stride="3">
							<param name="X" type="float" />
							<param name="Y" type="float" />
							<param name="Z" type="float" />
						</accessor>
					</technique_common>
				</source>
				<source id="meshId10-bitangents" name="meshId10-bitangents">
					<float_array id="meshId10-bitangents-array" count="423"> 
						0.477271 0.867607 -0.139534 0.530243 0.836281 -0.139562 0.540804 0.802406 -0.252338 0.469039 0.845269 -0.255976 0.141117 -0.768306 0.624333 0.124105 -0.738718 0.662490 0.057512 -0.833396 0.549676 0.055181 -0.863696 0.500983 -0.149706 -0.784203 0.602174 -0.179090 -0.807542 0.561964 -0.140412 -0.621272 0.770912 -0.172863 -0.639025 0.749510 0.159640 0.649352 -0.743544 0.059476 0.676441 -0.734092 -0.159394 0.537806 -0.827864 -0.131955 0.560923 -0.817284 -0.477782 0.426256 -0.768134 -0.464601 0.470646 -0.750092 -0.762570 0.280424 -0.582966 -0.759377 0.375943 -0.531049 0.163509 0.646359 0.745308 0.138772 0.622471 0.770241 0.152584 0.783297 0.602631 0.175268 0.808835 0.561308 -0.051027 0.834058 0.549312 -0.051543 0.864057 0.500748 -0.125214 0.738201 0.662858 -0.142853 0.767475 0.624961 0.491273 0.838438 0.235951 0.550983 0.798563 0.242311 0.526676 0.837156 0.147592 0.470795 0.868815 0.153340 0.537839 0.843036 0.004350 0.489172 0.872169 0.005669 0.195388 0.979508 -0.048869 0.175165 0.977499 -0.117526 -0.047721 -0.977508 0.205428 -0.135954 -0.858298 0.494814 -0.057405 -0.869478 0.490625 -0.029716 -0.980189 0.195822 0.041796 -0.859260 0.509829 0.016893 -0.978332 0.206352 0.540122 0.756121 -0.369526 0.359053 0.729332 -0.582371 0.373846 0.679129 -0.631683 0.057960 0.629441 -0.774884 -0.308432 0.589767 -0.746354 -0.629543 0.560361 -0.538212 -0.938457 0.298907 -0.173068 -0.824942 0.529360 -0.198113 -0.007376 0.977710 0.209831 -0.034326 0.858267 0.512055 0.044685 0.869383 0.492114 0.013388 0.980153 0.197791 0.149588 0.860532 0.486938 0.066213 0.978957 0.193024 0.215528 0.972483 0.088462 0.185346 0.980295 0.068334 0.195607 0.980652 0.007679 -0.181429 0.980473 0.075868 -0.204284 0.974132 0.096622 0.058391 -0.978403 -0.198288 0.004027 -0.980012 -0.198895 -0.014052 -0.978156 -0.207394 
						0.828377 0.522942 -0.200807 0.631008 0.555719 -0.541299 0.308446 0.590750 -0.745570 -0.057626 0.630275 -0.774230 -0.372648 0.680622 -0.630783 -0.524837 0.768318 -0.366378 0.023764 0.978718 -0.203828 -0.021324 0.980204 -0.196839 -0.038636 0.976619 -0.211478 -0.167440 0.978177 -0.123020 -0.190596 0.979942 -0.058189 -0.195607 0.980657 0.007049 -0.405479 0.903579 0.138318 -0.420382 0.881727 0.214094 0.107511 -0.893184 -0.436651 0.026006 -0.903401 -0.428007 -0.032489 -0.895218 -0.444443 0.931011 0.308013 -0.195824 0.737639 0.420452 -0.528307 0.432759 0.499895 -0.750216 0.086512 0.577969 -0.811460 -0.221692 0.653932 -0.723343 -0.370880 0.762746 -0.529780 0.037060 0.895764 -0.442983 -0.034605 0.903572 -0.427036 -0.097401 0.891405 -0.442618 -0.403614 0.886029 -0.228139 -0.410179 0.902882 -0.128680 -0.423637 0.905822 0.004347 -0.384820 0.916919 0.105705 -0.408428 0.894428 0.182165 0.083568 -0.906813 -0.413166 0.021959 -0.918351 -0.395158 -0.027967 -0.911097 -0.411242 0.930746 0.295524 -0.215352 0.727103 0.408884 -0.551485 0.409462 0.487065 -0.771433 0.056443 0.573502 -0.817257 -0.257901 0.648356 -0.716325 -0.418267 0.753563 -0.507145 0.028654 0.911179 -0.411012 -0.023724 0.918396 -0.394951 -0.080747 0.906297 -0.414855 -0.403093 0.895925 -0.186641 -0.386209 0.916660 -0.102844 -0.390767 0.920485 0.002695 -0.000839 -0.000006 1.000000 -0.000337 0.000000 1.000000 -0.000180 0.000001 1.000000 0.000980 0.000000 0.999999 0.003657 0.000006 0.999993 0.001890 0.000000 0.999998 -0.000229 0.000000 1.000000 -0.000061 0.000000 1.000000 -0.002081 0.000000 0.999998 -0.003926 -0.000006 0.999992 -0.001511 0.000006 0.999999 0.000402 0.000013 1.000000 -0.000044 0.000000 1.000000 -0.000241 0.000000 1.000000 -0.106323 -0.206465 -0.972660 -0.133172 -0.389496 -0.911350 0.000007 0.000000 -1.000000 -0.054806 -0.494382 -0.867516 
						0.051136 -0.467636 -0.882441 0.072573 -0.330591 -0.940980 -0.008549 -0.142383 -0.989775 0.574707 0.214117 -0.789851 0.477934 0.379459 -0.792206 0.664559 0.000442 -0.747235 0.008550 0.142382 -0.989775 -0.072569 0.330585 -0.940982 -0.051132 0.467630 -0.882444 0.054925 0.494382 -0.867508 0.133226 0.389479 -0.911349 0.106267 0.206485 -0.972662 0.000000 0.000000 -1.000000 
					</float_array>
					<technique_common>
						<accessor count="141" offset="0" source="#meshId10-bitangents-array" stride="3">
							<param name="X" type="float" />
							<param name="Y" type="float" />
							<param name="Z" type="float" />
						</accessor>
					</technique_common>
				</source>
				<source id="meshId10-tex0" name="meshId10-tex0">
					<float_array id="meshId10-tex0-array" count="282"> 
						0.422572 0.490829 0.421619 0.485643 0.425677 0.484895 0.427816 0.490032 0.052853 0.001897 0.050726 0.006576 0.047084 0.005182 0.047516 0.000000 0.043291 0.005645 0.041550 0.000733 0.040092 0.007873 0.036833 0.003857 0.261683 0.281247 0.258632 0.276565 0.261573 0.273634 0.265345 0.277296 0.264272 0.270254 0.268678 0.273122 0.266479 0.266738 0.271721 0.268676 0.036837 0.022874 0.040095 0.018856 0.043294 0.021084 0.041554 0.025996 0.047087 0.021545 0.047521 0.026727 0.050729 0.020149 0.052857 0.024828 0.406699 0.490035 0.408837 0.484897 0.412896 0.485644 0.411943 0.490830 0.417257 0.485860 0.417258 0.491039 0.423222 0.495213 0.429329 0.494824 0.233441 0.265071 0.232540 0.269635 0.227142 0.269371 0.227226 0.264930 0.221730 0.269518 0.220999 0.265023 0.260503 0.289298 0.257832 0.285017 0.264636 0.284764 0.268506 0.280197 0.272207 0.275562 0.275804 0.270777 0.274544 0.264086 0.279310 0.265743 0.233276 0.278651 0.234009 0.274157 0.239421 0.274305 0.239503 0.278746 0.244819 0.274042 0.245718 0.278608 0.405188 0.494828 0.411296 0.495215 0.417259 0.495319 0.423236 0.500357 0.429355 0.500678 0.233404 0.259593 0.227209 0.259792 0.221000 0.259743 
						0.265306 0.293090 0.268739 0.288026 0.272351 0.283264 0.276049 0.278633 0.279893 0.274056 0.284071 0.269587 0.233276 0.283931 0.239485 0.283884 0.245680 0.284085 0.405164 0.500682 0.411283 0.500359 0.417259 0.500285 0.422614 0.504761 0.427902 0.505398 0.232417 0.255013 0.227096 0.255360 0.221759 0.255247 0.270196 0.294731 0.272784 0.290082 0.275895 0.285709 0.279218 0.281547 0.282794 0.277546 0.286755 0.273993 0.234033 0.288427 0.239371 0.288316 0.244692 0.288665 0.406619 0.505401 0.411907 0.504762 0.417260 0.504602 0.422012 0.509560 0.426533 0.510162 0.231492 0.250229 0.226990 0.250546 0.222475 0.250450 0.274942 0.296425 0.277100 0.292396 0.279854 0.288426 0.282744 0.284806 0.286005 0.281241 0.289457 0.278246 0.234748 0.293225 0.239263 0.293131 0.243765 0.293448 0.407989 0.510165 0.412510 0.509561 0.417261 0.509388 0.050726 0.006576 0.053379 0.009529 0.046109 0.013364 0.047084 0.005182 0.043291 0.005645 0.040092 0.007873 0.038230 0.011384 0.038231 0.015346 0.040095 0.018856 0.043294 0.021084 0.047087 0.021545 0.050729 0.020149 0.053381 0.017196 0.054336 0.013362 0.018222 0.256076 0.015090 0.259680 0.009403 0.251429 0.010677 0.261438 
						0.005999 0.260981 0.002140 0.258458 0.000000 0.254519 0.279854 0.288426 0.282744 0.284806 0.289456 0.293129 0.000000 0.248339 0.002140 0.244400 0.006000 0.241877 0.010677 0.241420 0.015090 0.243179 0.018222 0.246782 0.019353 0.251429 
					</float_array>
					<technique_common>
						<accessor count="141" offset="0" source="#meshId10-tex0-array" stride="2">
							<param name="S" type="float" />
							<param name="T" type="float" />
						</accessor>
					</technique_common>
				</source>
				<vertices id="meshId10-vertices">
					<input semantic="POSITION" source="#meshId10-positions" />
				</vertices>
				<polylist count="156" material="defaultMaterial">
					<input offset="0" semantic="VERTEX" source="#meshId10-vertices" />
					<input offset="0" semantic="NORMAL" source="#meshId10-normals" />
					<input offset="0" semantic="TANGENT" source="#meshId10-tangents" />
					<input offset="0" semantic="BINORMAL" source="#meshId10-bitangents" />
					<input offset="0" semantic="TEXCOORD" source="#meshId10-tex0" set="0" />
					<vcount>
						3 3 3 3 3 3 3 3 3 3 3 3 3 3 3 3 3 3 3 3 3 3 3 3 3 3 3 3 3 3 3 3 3 3 3 3 3 3 3 3 3 3 3 3 3 3 3 3 3 3 3 3 3 3 3 3 3 3 3 3 3 3 3 3 
						3 3 3 3 3 3 3 3 3 3 3 3 3 3 3 3 3 3 3 3 3 3 3 3 3 3 3 3 3 3 3 3 3 3 3 3 3 3 3 3 3 3 3 3 3 3 3 3 3 3 3 3 3 3 3 3 3 3 3 3 3 3 3 3 
						3 3 3 3 3 3 3 3 3 3 3 3 3 3 3 3 3 3 3 3 3 3 3 3 3 3 3 3 
					</vcount>
					<p>
						0 1 2 2 3 0 4 5 6 6 7 4 7 6 8 8 9 7 9 8 10 10 11 9 12 13 14 14 15 12 15 14 16 16 17 15 17 16 18 18 19 17 20 21 22 22 23 20 23 22 24 24 25 23 25 24 26 26 27 25 28 29 30 30 31 28 31 30 32 32 33 31 33 32 1 1 0 33 34 0 3 3 35 34 36 37 38 38 39 36 39 38 40 40 41 39 42 43 12 12 44 42 44 12 15 15 45 44 45 15 17 17 46 45 46 17 19 19 47 46 47 19 48 48 49 47 50 51 52 52 53 50 53 52 54 54 55 53 56 28 31 31 57 56 57 31 33 33 58 57 58 33 0 0 34 58 59 34 35 35 60 59 61 36 39 39 62 61 62 39 41 41 63 62 64 42 44 44 65 64 65 44 45 45 66 65 66 45 46 46 67 66 
						67 46 47 47 68 67 68 47 49 49 69 68 70 50 53 53 71 70 71 53 55 55 72 71 73 56 57 57 74 73 74 57 58 58 75 74 75 58 34 34 59 75 76 59 60 60 77 76 78 61 62 62 79 78 79 62 63 63 80 79 81 64 65 65 82 81 82 65 66 66 83 82 83 66 67 67 84 83 84 67 68 68 85 84 85 68 69 69 86 85 87 70 71 71 88 87 88 71 72 72 89 88 90 73 74 74 91 90 91 74 75 75 92 91 92 75 59 59 76 92 93 76 77 77 94 93 95 78 79 79 96 95 96 79 80 80 97 96 98 81 82 82 99 98 99 82 83 83 100 99 100 83 84 84 101 100 101 84 85 85 102 101 102 85 86 86 103 102 104 87 88 88 105 104 105 88 89 89 106 105 107 90 91 91 108 107 108 91 92 92 109 108 
						109 92 76 76 93 109 110 111 112 113 110 112 114 113 112 115 114 112 116 115 112 117 116 112 118 117 112 119 118 112 120 119 112 121 120 112 122 121 112 123 122 112 111 123 112 124 125 126 125 127 126 127 128 126 128 129 126 129 130 126 131 132 133 134 135 126 135 136 126 136 137 126 137 138 126 138 139 126 139 140 126 140 124 126 
					</p>
				</polylist>
			</mesh>
		</geometry>
		<geometry id="meshId11" name="meshId11_name" >
			<mesh>
				<source id="meshId11-positions" name="meshId11-positions">
					<float_array id="meshId11-positions-array" count="444"> 
						-17.697136 10.416947 31.664261 -17.735680 10.382171 31.684830 -17.775982 10.382171 31.639339 -17.751484 10.416947 31.602915 -17.832808 10.382171 31.617786 -17.828117 10.416947 31.573853 -17.893141 10.382171 31.625113 -17.909477 10.416947 31.583731 -17.943157 10.382171 31.659637 -17.976929 10.416947 31.630289 -17.976929 10.416947 31.630289 -17.943157 10.382171 31.659637 -17.971401 10.382171 31.713451 -18.015017 10.416947 31.702860 -17.971401 10.382171 31.774227 -18.015017 10.416947 31.784819 -17.943157 10.382171 31.828041 -17.976929 10.416947 31.857389 -17.976929 10.416947 31.857389 -17.943157 10.382171 31.828041 -17.893141 10.382171 31.862564 -17.909477 10.416947 31.903948 -17.832808 10.382171 31.869892 -17.828117 10.416947 31.913824 -17.775982 10.382171 31.848339 -17.751484 10.416947 31.884764 -17.735680 10.382171 31.802849 -17.697136 10.416947 31.823418 -17.697136 10.416947 31.823418 -17.735680 10.382171 31.802849 -17.721136 10.382171 31.743839 -17.677521 10.416947 31.743839 -17.735680 10.382171 31.684830 -17.697136 10.416947 31.664261 -17.669567 10.448510 31.649551 -17.751484 10.416947 31.602915 -17.733963 10.448510 31.576866 -17.733963 10.448510 31.576866 -17.824760 10.448510 31.542431 -17.921162 10.448510 31.554134 -18.001081 10.448510 31.609299 -18.001081 10.448510 31.609299 -18.046209 10.448510 31.695286 -18.046209 10.448510 31.792393 -18.001081 10.448510 31.878380 -18.001081 10.448510 31.878380 -17.921162 10.448510 31.933544 -17.824760 10.448510 31.945248 -17.733963 10.448510 31.910812 -17.733963 10.448510 31.910812 -17.751484 10.416947 31.884764 -17.669567 10.448510 31.838127 -17.646328 10.448510 31.743839 -17.669567 10.489715 31.649551 -17.733963 10.489715 31.576866 -17.733963 10.489715 31.576866 -17.733963 10.448510 31.576866 -17.824760 10.448510 31.542431 -17.824760 10.489715 31.542431 -17.921162 10.448510 31.554134 -17.921162 10.489715 31.554134 -17.921162 10.489715 31.554134 -17.921162 10.448510 31.554134 -18.001081 10.489715 31.609299 
						-18.046209 10.489715 31.695286 -18.046209 10.489715 31.792393 -18.001081 10.489715 31.878380 -17.921162 10.448510 31.933544 -17.921162 10.489715 31.933544 -17.921162 10.489715 31.933544 -17.921162 10.448510 31.933544 -17.824760 10.448510 31.945248 -17.824760 10.489715 31.945248 -17.733963 10.448510 31.910812 -17.733963 10.489715 31.910812 -17.733963 10.489715 31.910812 -17.669567 10.489715 31.838127 -17.646328 10.489715 31.743839 -17.697136 10.521277 31.664261 -17.751484 10.521277 31.602915 -17.751484 10.521277 31.602915 -17.733963 10.489715 31.576866 -17.824760 10.489715 31.542431 -17.828117 10.521277 31.573853 -17.921162 10.489715 31.554134 -17.909477 10.521277 31.583731 -18.001081 10.489715 31.609299 -17.976929 10.521277 31.630289 -17.976929 10.521277 31.630289 -18.015017 10.521277 31.702860 -18.015017 10.521277 31.784819 -17.976929 10.521277 31.857389 -17.976929 10.521277 31.857389 -18.001081 10.489715 31.878380 -17.921162 10.489715 31.933544 -17.909477 10.521277 31.903948 -17.824760 10.489715 31.945248 -17.828117 10.521277 31.913824 -17.733963 10.489715 31.910812 -17.751484 10.521277 31.884764 -17.751484 10.521277 31.884764 -17.697136 10.521277 31.823418 -17.677521 10.521277 31.743839 -17.722784 10.556054 31.677946 -17.767786 10.556054 31.627151 -17.767786 10.556054 31.627151 -17.831238 10.556054 31.603088 -17.898607 10.556054 31.611267 -17.954456 10.556054 31.649818 -17.954456 10.556054 31.649818 -17.985994 10.556054 31.709908 -17.985994 10.556054 31.777769 -17.954458 10.556054 31.837860 -17.954458 10.556054 31.837860 -17.898607 10.556054 31.876411 -17.831238 10.556054 31.884590 -17.767786 10.556054 31.860525 -17.767786 10.556054 31.860525 -17.722784 10.556054 31.809731 -17.706543 10.556054 31.743839 -17.775982 10.382171 31.639339 -17.735680 10.382171 31.684830 -17.848757 10.382171 31.743839 -17.832808 10.382171 31.617786 -17.893141 10.382171 31.625113 -17.943157 10.382171 31.659637 -17.971401 10.382171 31.713451 -17.971401 10.382171 31.774227 
						-17.943157 10.382171 31.828041 -17.893141 10.382171 31.862564 -17.832808 10.382171 31.869892 -17.775982 10.382171 31.848339 -17.735680 10.382171 31.802849 -17.721136 10.382171 31.743839 -17.722784 10.556054 31.677946 -17.767786 10.556054 31.627151 -17.848757 10.597799 31.743839 -17.831238 10.556054 31.603088 -17.898607 10.556054 31.611267 -17.954456 10.556054 31.649818 -17.985994 10.556054 31.709908 -17.985994 10.556054 31.777769 -17.954458 10.556054 31.837860 -17.898607 10.556054 31.876411 -17.831238 10.556054 31.884590 -17.767786 10.556054 31.860525 -17.722784 10.556054 31.809731 -17.706543 10.556054 31.743839 
					</float_array>
					<technique_common>
						<accessor count="148" offset="0" source="#meshId11-positions-array" stride="3">
							<param name="X" type="float" />
							<param name="Y" type="float" />
							<param name="Z" type="float" />
						</accessor>
					</technique_common>
				</source>
				<source id="meshId11-normals" name="meshId11-normals">
					<float_array id="meshId11-normals-array" count="444"> 
						0.595799 -0.739760 -0.312697 0.551670 -0.782388 -0.289013 0.353447 -0.783792 -0.510632 0.381270 -0.741308 -0.552355 0.075527 -0.785756 -0.613908 0.080623 -0.743470 -0.663891 -0.217554 -0.787821 -0.576202 -0.236234 -0.745742 -0.622947 -0.458952 -0.789525 -0.407447 -0.497110 -0.747612 -0.440407 -0.497110 -0.747612 -0.440407 -0.458952 -0.789525 -0.407447 -0.594645 -0.790472 -0.146802 -0.643694 -0.748656 -0.158657 -0.594647 -0.790471 0.146803 -0.643694 -0.748656 0.158659 -0.458953 -0.789523 0.407451 -0.497108 -0.747610 0.440411 -0.497108 -0.747610 0.440411 -0.458953 -0.789523 0.407451 -0.217554 -0.787819 0.576205 -0.236237 -0.745738 0.622950 0.075523 -0.785754 0.613911 0.080623 -0.743468 0.663894 0.353449 -0.783791 0.510633 0.381268 -0.741308 0.552355 0.551677 -0.782386 0.289008 0.595802 -0.739758 0.312696 0.595802 -0.739758 0.312696 0.551677 -0.782386 0.289008 0.623429 -0.781880 -0.000003 0.673491 -0.739196 0.000001 0.551670 -0.782388 -0.289013 0.595799 -0.739760 -0.312697 0.826827 -0.357413 -0.434296 0.381270 -0.741308 -0.552355 0.529795 -0.358817 -0.768484 0.529795 -0.358817 -0.768484 0.111796 -0.360787 -0.925924 -0.330985 -0.362872 -0.871076 -0.697274 -0.364597 -0.617154 -0.697274 -0.364597 -0.617154 -0.903774 -0.365572 -0.222597 -0.903774 -0.365572 0.222598 -0.697271 -0.364599 0.617156 -0.697271 -0.364599 0.617156 -0.330986 -0.362873 0.871075 0.111796 -0.360787 0.925924 0.529793 -0.358819 0.768484 0.529793 -0.358819 0.768484 0.381268 -0.741308 0.552355 0.826828 -0.357411 0.434296 0.934142 -0.356903 0.000002 0.826828 0.357414 -0.434293 0.529796 0.358818 -0.768483 0.529796 0.358818 -0.768483 0.529795 -0.358817 -0.768484 0.111796 -0.360787 -0.925924 0.111796 0.360789 -0.925923 -0.330985 -0.362872 -0.871076 -0.330986 0.362879 -0.871072 -0.330986 0.362879 -0.871072 -0.330985 -0.362872 -0.871076 -0.697271 0.364601 -0.617155 
						-0.903774 0.365571 -0.222599 -0.903774 0.365573 0.222597 -0.697271 0.364601 0.617154 -0.330986 -0.362873 0.871075 -0.330985 0.362876 0.871074 -0.330985 0.362876 0.871074 -0.330986 -0.362873 0.871075 0.111796 -0.360787 0.925924 0.111796 0.360783 0.925925 0.529793 -0.358819 0.768484 0.529792 0.358814 0.768487 0.529792 0.358814 0.768487 0.826828 0.357412 0.434295 0.934141 0.356903 0.000002 0.650380 0.678617 -0.341299 0.416404 0.680324 -0.603131 0.416404 0.680324 -0.603131 0.529796 0.358818 -0.768483 0.111796 0.360789 -0.925923 0.088168 0.682720 -0.725341 -0.330986 0.362879 -0.871072 -0.258178 0.685246 -0.681015 -0.697271 0.364601 -0.617155 -0.543647 0.687315 -0.481712 -0.543647 0.687315 -0.481712 -0.704180 0.688475 -0.173589 -0.704181 0.688474 0.173586 -0.543646 0.687314 0.481715 -0.543646 0.687314 0.481715 -0.697271 0.364601 0.617154 -0.330985 0.362876 0.871074 -0.258177 0.685243 0.681019 0.111796 0.360783 0.925925 0.088170 0.682715 0.725345 0.529792 0.358814 0.768487 0.416404 0.680320 0.603136 0.416404 0.680320 0.603136 0.650382 0.678614 0.341301 0.735064 0.677998 0.000001 0.679564 0.641372 -0.356139 0.435683 0.643113 -0.629751 0.435683 0.643113 -0.629751 0.093051 0.645573 -0.758008 -0.269160 0.648173 -0.712337 -0.568187 0.650304 -0.504250 -0.568187 0.650304 -0.504250 -0.736546 0.651501 -0.181790 -0.736551 0.651495 0.181787 -0.568189 0.650301 0.504252 -0.568189 0.650301 0.504252 -0.269157 0.648176 0.712336 0.093052 0.645578 0.758004 0.435689 0.643113 0.629747 0.435689 0.643113 0.629747 0.679570 0.641369 0.356133 0.767747 0.640753 -0.000004 0.000000 -1.000000 0.000010 0.000000 -1.000000 0.000008 0.000000 -1.000000 0.000001 0.000000 -1.000000 0.000006 0.000000 -1.000000 0.000012 0.000000 -1.000000 -0.000008 0.000000 -1.000000 -0.000016 0.000000 -1.000000 0.000008 
						0.000000 -1.000000 0.000004 0.000000 -1.000000 -0.000006 0.000000 -1.000000 -0.000002 0.000000 -1.000000 0.000000 0.000000 -1.000000 0.000000 0.000000 -1.000000 0.000000 0.249514 0.959487 -0.130872 0.160292 0.959413 -0.232020 -0.000416 1.000000 -0.000002 0.034177 0.959310 -0.280278 -0.100120 0.959202 -0.264401 -0.211778 0.959113 -0.187757 -0.274963 0.959061 -0.067810 -0.274963 0.959060 0.067810 -0.211777 0.959114 0.187753 -0.100117 0.959204 0.264395 0.034177 0.959312 0.280272 0.160290 0.959415 0.232013 0.249511 0.959488 0.130869 0.281656 0.959516 0.000000 
					</float_array>
					<technique_common>
						<accessor count="148" offset="0" source="#meshId11-normals-array" stride="3">
							<param name="X" type="float" />
							<param name="Y" type="float" />
							<param name="Z" type="float" />
						</accessor>
					</technique_common>
				</source>
				<source id="meshId11-tangents" name="meshId11-tangents">
					<float_array id="meshId11-tangents-array" count="444"> 
						0.801049 0.575399 0.165039 0.832947 0.534716 0.142404 0.929710 0.354726 0.099037 0.918652 0.370704 0.136595 0.996624 0.079365 0.021030 0.996102 0.084004 0.026893 0.973643 -0.216584 -0.071486 0.967855 -0.237531 -0.082677 0.886585 -0.436769 -0.152314 0.864317 -0.471346 -0.175466 -0.787419 0.601907 -0.132966 -0.819177 0.553585 -0.149973 -0.790066 0.608357 -0.075478 -0.751436 0.657575 -0.054222 -0.795080 0.605277 0.038569 -0.751106 0.657764 0.056448 -0.830279 0.544365 0.119596 -0.789128 0.600577 0.128779 0.864510 -0.470150 0.177711 0.886607 -0.436600 0.152669 0.973495 -0.217813 0.069750 0.967728 -0.238433 0.081555 0.996851 0.074427 -0.027372 0.996216 0.081799 -0.029376 0.930299 0.351740 -0.104033 0.918382 0.372144 -0.134472 0.833016 0.534169 -0.144044 0.800332 0.579355 -0.154326 0.746253 0.653836 0.124920 0.804629 0.590472 0.062566 0.781847 0.623403 0.009205 0.739185 0.673481 0.005482 0.809953 0.585244 -0.038272 0.751132 0.651074 -0.109098 0.362559 0.928996 -0.074285 0.764042 0.589052 -0.263169 0.389321 0.907881 -0.155504 0.829651 0.407351 0.381765 0.991499 0.102912 0.079614 0.924662 -0.308904 -0.222663 0.681736 -0.603314 -0.413820 -0.360631 0.922511 -0.137545 -0.370028 0.928738 -0.022905 -0.367774 0.929328 0.033026 -0.359768 0.922686 0.138627 0.683454 -0.597737 0.419048 0.924845 -0.308047 0.223091 0.991650 0.100775 -0.080465 0.829765 0.406810 -0.382093 0.390369 0.907578 0.154644 0.749715 0.597520 0.284425 0.367102 0.927925 0.064750 0.356890 0.934107 -0.008581 -0.367838 0.927740 0.063203 -0.401682 0.904186 0.145258 0.203663 -0.933408 -0.295418 -0.203662 -0.933408 0.295418 -0.043247 -0.932648 0.358186 0.043248 -0.932647 -0.358188 0.128890 -0.931839 0.339210 -0.128894 -0.931836 -0.339216 0.128064 0.931836 0.339531 -0.129175 0.931839 -0.339102 0.354904 0.923639 0.144689 
						0.366998 0.929507 0.036468 0.369434 0.928904 -0.025596 0.356213 0.923388 -0.143062 -0.129790 0.931838 0.338869 0.128605 0.931837 -0.339322 -0.129179 -0.931837 0.339104 0.128604 -0.931839 -0.339320 -0.043552 -0.932648 -0.358149 0.042942 -0.932650 0.358218 -0.203914 -0.933407 -0.295246 0.203406 -0.933409 0.295590 -0.400036 0.904694 -0.146627 -0.363602 0.928760 -0.072103 -0.356890 0.934106 -0.008659 -0.681604 0.719693 0.132126 -0.719271 0.652267 0.239161 0.905114 -0.372859 0.204314 0.830560 -0.402952 0.384447 0.991997 -0.095539 0.082547 0.995534 -0.085063 0.040946 0.923940 0.312240 -0.220999 0.959563 0.263734 -0.098405 0.682528 0.600771 -0.416209 0.833705 0.508461 -0.215415 0.726331 0.672866 0.140339 0.690531 0.720957 0.058199 0.690407 0.721017 -0.058935 0.723542 0.674655 -0.146039 0.833481 0.509649 0.213466 0.681134 0.605241 0.411994 0.923739 0.313160 0.220539 0.959571 0.263686 0.098456 0.991849 -0.097832 -0.081636 0.995421 -0.087372 -0.038763 0.830769 -0.401931 -0.385064 0.905082 -0.373093 -0.204030 -0.722704 0.650184 -0.234436 -0.682167 0.719447 -0.130552 -0.677998 0.735064 -0.000403 -0.638221 0.756245 0.144109 -0.672651 0.697530 0.246967 0.894897 -0.384609 0.226350 0.994769 -0.092507 0.043330 0.955637 0.271613 -0.113945 0.816077 0.524036 -0.243731 0.693970 0.707973 0.131072 0.656078 0.753510 0.042251 0.650730 0.755859 -0.072299 0.681286 0.715426 -0.154969 0.816010 0.524374 0.243226 0.955628 0.271673 0.113882 0.994634 -0.094844 -0.041324 0.894801 -0.385254 -0.225635 -0.689072 0.688446 -0.226325 -0.649440 0.751734 -0.114561 -0.640621 0.767589 0.020318 0.999996 0.000000 0.002891 1.000000 0.000000 0.000631 1.000000 -0.000000 -0.000166 0.999999 0.000000 0.001152 0.999997 -0.000000 -0.002399 0.999999 0.000000 -0.001448 1.000000 0.000000 -0.000147 1.000000 -0.000000 -0.000136 
						0.999999 0.000000 0.001080 0.999998 -0.000000 0.002080 0.999999 0.000000 -0.001444 0.999995 0.000000 -0.003254 1.000000 0.000000 -0.000977 1.000000 0.000000 -0.000190 0.967819 -0.251647 0.000245 0.986410 -0.164287 0.002130 1.000000 0.000416 0.000139 0.999368 -0.035547 0.000196 0.994725 0.102461 -0.004959 0.976605 0.215020 -0.003168 0.961269 0.275611 0.000218 0.961276 0.275589 0.000135 0.976617 0.214960 0.003480 0.994730 0.102396 0.005183 0.999366 -0.035618 0.000047 0.986399 -0.164360 -0.001811 0.967812 -0.251676 -0.000000 0.959516 -0.281656 0.000076 
					</float_array>
					<technique_common>
						<accessor count="148" offset="0" source="#meshId11-tangents-array" stride="3">
							<param name="X" type="float" />
							<param name="Y" type="float" />
							<param name="Z" type="float" />
						</accessor>
					</technique_common>
				</source>
				<source id="meshId11-bitangents" name="meshId11-bitangents">
					<float_array id="meshId11-bitangents-array" count="444"> 
						0.057836 -0.348815 0.935405 0.043125 -0.319293 0.946674 0.103510 -0.509744 0.854076 0.103501 -0.559501 0.822342 0.032198 -0.613423 0.789098 0.035775 -0.663472 0.747345 -0.068478 -0.576567 0.814175 -0.086314 -0.622453 0.777883 -0.057705 -0.431141 0.900437 -0.076403 -0.467877 0.880485 0.364491 0.280686 -0.887897 0.343964 0.264941 -0.900830 0.148971 0.071101 -0.986282 0.144922 0.084318 -0.985844 -0.119344 -0.093785 -0.988414 -0.146620 -0.082835 -0.985719 -0.316226 -0.283409 -0.905362 -0.360778 -0.283523 -0.888512 0.074201 0.469081 0.880032 0.057357 0.431317 0.900375 0.070555 0.576107 0.814324 0.087713 0.622113 0.777999 -0.024183 0.614045 0.788900 -0.032466 0.663750 0.747249 -0.098070 0.511812 0.853482 -0.105871 0.558543 0.822691 -0.041681 0.320214 0.946428 -0.066998 0.342208 0.937233 -0.296862 0.158923 0.941603 -0.219602 0.198028 0.955280 -0.007195 -0.005741 0.999958 -0.004053 -0.003691 0.999985 0.199087 -0.212974 0.956560 0.284295 -0.169876 0.943567 0.430009 -0.096037 0.897702 0.520455 -0.321684 0.790978 0.753489 -0.216802 0.620686 0.176059 -0.839830 0.513506 0.066565 -0.926953 0.369225 -0.188281 -0.879149 0.437776 -0.221460 -0.709282 0.669234 0.619480 0.126658 -0.774727 0.215108 0.061666 -0.974641 -0.218940 -0.052018 -0.974351 -0.619984 -0.125372 -0.774533 0.216112 0.713987 0.665971 0.187378 0.879449 0.437560 -0.064279 0.927188 0.369041 -0.175525 0.840092 0.513261 -0.752949 0.218063 0.620900 -0.540890 0.305667 0.783585 -0.426136 0.105894 0.898440 0.003061 0.008017 0.999963 0.425501 0.107491 0.898552 0.746972 0.231729 0.623165 -0.823309 -0.000000 -0.567593 -0.823310 -0.000000 -0.567592 -0.992790 0.000000 -0.119869 -0.992790 0.000000 -0.119869 -0.934792 0.000000 0.355195 -0.934791 0.000000 0.355198 0.934905 0.000827 -0.354897 0.934753 0.000283 -0.355299 0.622782 -0.118143 -0.773424 
						0.220239 -0.048734 -0.974228 -0.216129 0.059102 -0.974575 -0.622033 0.120086 -0.773727 -0.934667 -0.000896 -0.355523 -0.934831 -0.000286 -0.355092 0.934752 -0.000286 0.355300 0.934831 -0.000286 0.355092 0.992776 -0.000286 -0.119979 0.992803 -0.000286 -0.119759 0.823248 -0.000286 -0.567681 0.823375 -0.000286 -0.567498 -0.747858 -0.229740 0.622838 -0.429126 -0.098294 0.897880 -0.003092 0.008088 0.999963 0.335293 0.146699 0.930622 0.556109 0.334227 0.760944 -0.085883 -0.630980 -0.771031 -0.171715 -0.841950 -0.511502 -0.058679 -0.927741 -0.368582 -0.033745 -0.725712 -0.687171 0.191788 -0.877966 -0.438626 0.112175 -0.678883 -0.725627 0.219018 -0.711436 -0.667750 0.096874 -0.518715 -0.849441 0.420584 -0.273588 -0.865020 0.165219 -0.078886 -0.983097 -0.165734 0.078344 -0.983054 -0.425366 0.269147 -0.864074 -0.098787 0.517550 -0.849931 -0.223314 0.707636 -0.670360 -0.192757 0.877640 -0.438854 -0.112109 0.678905 -0.725617 0.061133 0.927504 -0.368780 0.036911 0.725442 -0.687293 0.170712 0.842439 -0.511032 0.086220 0.630846 -0.771103 -0.551641 -0.338268 0.762409 -0.334142 -0.147916 0.930844 -0.000274 0.000295 1.000000 0.361756 0.129364 0.923254 0.598098 0.316003 0.736492 -0.096639 -0.662179 -0.743088 -0.042149 -0.758075 -0.650804 0.119625 -0.711405 -0.692526 0.105746 -0.549991 -0.828449 0.442232 -0.275461 -0.853553 0.164507 -0.088148 -0.982429 -0.184508 0.065042 -0.980676 -0.461531 0.255488 -0.849538 -0.106246 0.549673 -0.828596 -0.119707 0.711380 -0.692538 0.045214 0.757782 -0.650939 0.097504 0.661804 -0.743309 -0.579099 -0.335334 0.743099 -0.341193 -0.153435 0.927386 0.013022 -0.015597 0.999794 -0.002891 0.000010 0.999996 -0.000631 0.000008 1.000000 0.000166 0.000001 1.000000 -0.001152 0.000006 0.999999 0.002399 0.000012 0.999997 0.001448 -0.000008 0.999999 0.000147 -0.000016 1.000000 0.000136 0.000008 1.000000 
						-0.001080 0.000004 0.999999 -0.002080 -0.000006 0.999998 0.001444 -0.000002 0.999999 0.003254 0.000000 0.999995 0.000977 0.000000 1.000000 0.000190 0.000000 1.000000 -0.032698 -0.126722 -0.991399 -0.036074 -0.229208 -0.972709 0.000139 -0.000002 -1.000000 -0.009775 -0.280108 -0.959919 0.022334 -0.263503 -0.964400 0.037333 -0.184035 -0.982210 0.018899 -0.065124 -0.997698 -0.018558 0.065221 -0.997698 -0.037021 0.184100 -0.982210 -0.022101 0.263521 -0.964401 0.010028 0.280093 -0.959921 0.036396 0.229148 -0.972711 0.032936 0.126657 -0.991400 0.000073 -0.000022 -1.000000 
					</float_array>
					<technique_common>
						<accessor count="148" offset="0" source="#meshId11-bitangents-array" stride="3">
							<param name="X" type="float" />
							<param name="Y" type="float" />
							<param name="Z" type="float" />
						</accessor>
					</technique_common>
				</source>
				<source id="meshId11-tex0" name="meshId11-tex0">
					<float_array id="meshId11-tex0-array" count="296"> 
						0.443881 0.459459 0.440026 0.461872 0.436713 0.458133 0.439172 0.454297 0.432126 0.456383 0.432610 0.451835 0.427265 0.456975 0.425673 0.452657 0.423183 0.459801 0.420009 0.456511 0.786232 0.121825 0.781682 0.119702 0.782575 0.114562 0.787113 0.115192 0.782574 0.109080 0.787113 0.108449 0.781681 0.103939 0.786231 0.101816 0.420005 0.476969 0.423181 0.473680 0.427262 0.476508 0.425669 0.480826 0.432123 0.477101 0.432605 0.481650 0.436710 0.475353 0.439168 0.479190 0.440024 0.471615 0.443878 0.474029 0.004598 0.330304 0.000002 0.328713 0.000404 0.323469 0.004894 0.323468 0.000000 0.318225 0.004596 0.316633 0.008129 0.315843 0.004051 0.309926 0.007882 0.308143 0.440941 0.451109 0.432998 0.448196 0.424359 0.449227 0.417446 0.453869 0.790230 0.123290 0.790562 0.115599 0.790561 0.108042 0.790228 0.100351 0.417442 0.479611 0.424354 0.484255 0.432992 0.485289 0.440936 0.482378 0.007887 0.338793 0.004055 0.337011 0.008131 0.331092 0.008242 0.323468 0.011408 0.315845 0.012006 0.308166 0.916736 0.029522 0.920128 0.029522 0.920127 0.037514 0.916736 0.037514 0.920127 0.045506 0.916735 0.045506 0.793792 0.131353 0.790351 0.131352 0.793911 0.123299 
						0.793708 0.115603 0.793708 0.108037 0.793909 0.100341 0.790348 0.092288 0.793789 0.092287 0.184167 0.030174 0.187558 0.030175 0.187557 0.038167 0.184166 0.038166 0.187557 0.046159 0.184166 0.046158 0.012011 0.338768 0.011411 0.331090 0.011316 0.323467 0.014875 0.316633 0.015961 0.310010 0.803600 0.567206 0.805373 0.570389 0.797445 0.573254 0.797069 0.569612 0.788677 0.572178 0.789990 0.568746 0.781681 0.567491 0.784235 0.564841 0.797862 0.121882 0.797180 0.115206 0.797179 0.108434 0.797860 0.101758 0.784238 0.543371 0.781684 0.540721 0.788683 0.536036 0.789995 0.539468 0.797451 0.534962 0.797074 0.538604 0.805377 0.537829 0.803604 0.541012 0.015965 0.336923 0.014878 0.330300 0.014670 0.323467 0.018548 0.317373 0.019621 0.311695 0.801991 0.563925 0.796742 0.565925 0.791258 0.565257 0.786646 0.562053 0.801601 0.120561 0.800888 0.114827 0.800887 0.108811 0.801600 0.103078 0.786648 0.546160 0.791261 0.542957 0.796746 0.542290 0.801994 0.544292 0.019625 0.335237 0.018550 0.329559 0.018316 0.323466 0.436713 0.458133 0.440026 0.461872 0.430833 0.466742 0.432126 0.456383 0.427265 0.456975 0.423183 0.459801 0.420828 0.464236 0.420828 0.469245 
						0.423181 0.473680 0.427262 0.476508 0.432123 0.477101 0.436710 0.475353 0.440024 0.471615 0.441238 0.466744 0.805828 0.559654 0.801991 0.563925 0.795355 0.554108 0.796742 0.565925 0.791258 0.565257 0.786646 0.562053 0.783952 0.556973 0.783952 0.551239 0.786648 0.546160 0.791261 0.542957 0.796746 0.542290 0.801994 0.544292 0.805830 0.548565 0.807211 0.554109 
					</float_array>
					<technique_common>
						<accessor count="148" offset="0" source="#meshId11-tex0-array" stride="2">
							<param name="S" type="float" />
							<param name="T" type="float" />
						</accessor>
					</technique_common>
				</source>
				<vertices id="meshId11-vertices">
					<input semantic="POSITION" source="#meshId11-positions" />
				</vertices>
				<polylist count="156" material="defaultMaterial">
					<input offset="0" semantic="VERTEX" source="#meshId11-vertices" />
					<input offset="0" semantic="NORMAL" source="#meshId11-normals" />
					<input offset="0" semantic="TANGENT" source="#meshId11-tangents" />
					<input offset="0" semantic="BINORMAL" source="#meshId11-bitangents" />
					<input offset="0" semantic="TEXCOORD" source="#meshId11-tex0" set="0" />
					<vcount>
						3 3 3 3 3 3 3 3 3 3 3 3 3 3 3 3 3 3 3 3 3 3 3 3 3 3 3 3 3 3 3 3 3 3 3 3 3 3 3 3 3 3 3 3 3 3 3 3 3 3 3 3 3 3 3 3 3 3 3 3 3 3 3 3 
						3 3 3 3 3 3 3 3 3 3 3 3 3 3 3 3 3 3 3 3 3 3 3 3 3 3 3 3 3 3 3 3 3 3 3 3 3 3 3 3 3 3 3 3 3 3 3 3 3 3 3 3 3 3 3 3 3 3 3 3 3 3 3 3 
						3 3 3 3 3 3 3 3 3 3 3 3 3 3 3 3 3 3 3 3 3 3 3 3 3 3 3 3 
					</vcount>
					<p>
						0 1 2 2 3 0 3 2 4 4 5 3 5 4 6 6 7 5 7 6 8 8 9 7 10 11 12 12 13 10 13 12 14 14 15 13 15 14 16 16 17 15 18 19 20 20 21 18 21 20 22 22 23 21 23 22 24 24 25 23 25 24 26 26 27 25 28 29 30 30 31 28 31 30 32 32 33 31 34 33 35 35 36 34 37 3 5 5 38 37 38 5 7 7 39 38 39 7 9 9 40 39 41 10 13 13 42 41 42 13 15 15 43 42 43 15 17 17 44 43 45 18 21 21 46 45 46 21 23 23 47 46 47 23 25 25 48 47 49 50 28 28 51 49 51 28 31 31 52 51 52 31 33 33 34 52 53 34 36 36 54 53 55 56 57 57 58 55 58 57 59 59 60 58 61 62 41 41 63 61 63 41 42 42 64 63 64 42 43 43 65 64 
						65 43 44 44 66 65 66 44 67 67 68 66 69 70 71 71 72 69 72 71 73 73 74 72 75 49 51 51 76 75 76 51 52 52 77 76 77 52 34 34 53 77 78 53 54 54 79 78 80 81 82 82 83 80 83 82 84 84 85 83 85 84 86 86 87 85 88 63 64 64 89 88 89 64 65 65 90 89 90 65 66 66 91 90 92 93 94 94 95 92 95 94 96 96 97 95 97 96 98 98 99 97 100 75 76 76 101 100 101 76 77 77 102 101 102 77 53 53 78 102 103 78 79 79 104 103 105 80 83 83 106 105 106 83 85 85 107 106 107 85 87 87 108 107 109 88 89 89 110 109 110 89 90 90 111 110 111 90 91 91 112 111 113 92 95 95 114 113 114 95 97 97 115 114 115 97 99 99 116 115 117 100 101 101 118 117 118 101 102 102 119 118 
						119 102 78 78 103 119 120 121 122 123 120 122 124 123 122 125 124 122 126 125 122 127 126 122 128 127 122 129 128 122 130 129 122 131 130 122 132 131 122 133 132 122 121 133 122 134 135 136 135 137 136 137 138 136 138 139 136 139 140 136 140 141 136 141 142 136 142 143 136 143 144 136 144 145 136 145 146 136 146 147 136 147 134 136 
					</p>
				</polylist>
			</mesh>
		</geometry>
		<geometry id="meshId12" name="meshId12_name" >
			<mesh>
				<source id="meshId12-positions" name="meshId12-positions">
					<float_array id="meshId12-positions-array" count="405"> 
						-17.728550 13.691059 31.680544 -17.759209 13.510289 31.696903 -17.791265 13.510289 31.660721 -17.771780 13.691059 31.631748 -17.771780 13.691059 31.631748 -17.791265 13.510289 31.660721 -17.836464 13.510289 31.643578 -17.832733 13.691059 31.608631 -17.884453 13.510289 31.649405 -17.897448 13.691059 31.616489 -17.897448 13.691059 31.616489 -17.884453 13.510289 31.649405 -17.924236 13.510289 31.676865 -17.951097 13.691059 31.653522 -17.946701 13.510289 31.719669 -17.981392 13.691059 31.711245 -17.946701 13.510289 31.768009 -17.981392 13.691059 31.776432 -17.924236 13.510289 31.810814 -17.951097 13.691059 31.834154 -17.884453 13.510289 31.838272 -17.897448 13.691059 31.871189 -17.897448 13.691059 31.871189 -17.884453 13.510289 31.838272 -17.836464 13.510289 31.844101 -17.832733 13.691059 31.879047 -17.791265 13.510289 31.826958 -17.771780 13.691059 31.855930 -17.771780 13.691059 31.855930 -17.791265 13.510289 31.826958 -17.759209 13.510289 31.790775 -17.728550 13.691059 31.807135 -17.747641 13.510289 31.743839 -17.712950 13.691059 31.743839 -17.718456 13.772587 31.675159 -17.765364 13.772587 31.622211 -17.831505 13.772587 31.597128 -17.901726 13.772587 31.605654 -17.901726 13.772587 31.605654 -17.959940 13.772587 31.645836 -17.992813 13.772587 31.708471 -17.992813 13.772587 31.779207 -17.959940 13.772587 31.841843 -17.901726 13.772587 31.882025 -17.901726 13.772587 31.882025 -17.831505 13.772587 31.890551 -17.765364 13.772587 31.865467 -17.765364 13.772587 31.865467 -17.718456 13.772587 31.812519 -17.701529 13.772587 31.743839 -17.718456 14.305993 31.675159 -17.765364 14.305993 31.622211 -17.831505 14.305993 31.597128 -17.901726 14.305993 31.605654 -17.901726 14.305993 31.605654 -17.959940 14.305993 31.645836 -17.992813 14.305993 31.708471 -17.992813 14.305993 31.779207 -17.959940 14.305993 31.841843 -17.901726 14.305993 31.882025 -17.901726 14.305993 31.882025 -17.831505 14.305993 31.890551 -17.765364 14.305993 31.865467 -17.765364 14.305993 31.865467 
						-17.718456 14.305993 31.812519 -17.701529 14.305993 31.743839 -17.718576 14.354350 31.675222 -17.765440 14.354350 31.622322 -17.765440 14.354350 31.622322 -17.831518 14.354350 31.597263 -17.901674 14.354350 31.605782 -17.901674 14.354350 31.605782 -17.959835 14.354350 31.645927 -17.992678 14.354350 31.708504 -17.992678 14.354350 31.779175 -17.959835 14.354350 31.841751 -17.901674 14.354350 31.881897 -17.901674 14.354350 31.881897 -17.831518 14.354350 31.890415 -17.765440 14.354350 31.865355 -17.765440 14.354350 31.865355 -17.718576 14.354350 31.812456 -17.701664 14.354350 31.743839 -17.748951 14.535120 31.691429 -17.784746 14.535120 31.651028 -17.784746 14.535120 31.651028 -17.835217 14.535120 31.631886 -17.888800 14.535120 31.638391 -17.888800 14.535120 31.638391 -17.933224 14.535120 31.669056 -17.958309 14.535120 31.716850 -17.958309 14.535120 31.770828 -17.933224 14.535120 31.818623 -17.888800 14.535120 31.849285 -17.888800 14.535120 31.849285 -17.835217 14.535120 31.855791 -17.784746 14.535120 31.836651 -17.784746 14.535120 31.836651 -17.748951 14.535120 31.796249 -17.736032 14.535120 31.743839 -17.791265 13.510289 31.660721 -17.759209 13.510289 31.696903 -17.849150 13.301687 31.743839 -17.836464 13.510289 31.643578 -17.791265 13.510289 31.660721 -17.849150 13.301687 31.743839 -17.884453 13.510289 31.649405 -17.924236 13.510289 31.676865 -17.884453 13.510289 31.649405 -17.849150 13.301687 31.743839 -17.946701 13.510289 31.719669 -17.946701 13.510289 31.768009 -17.924236 13.510289 31.810814 -17.884453 13.510289 31.838272 -17.836464 13.510289 31.844101 -17.884453 13.510289 31.838272 -17.849150 13.301687 31.743839 -17.791265 13.510289 31.826958 -17.759209 13.510289 31.790775 -17.791265 13.510289 31.826958 -17.747641 13.510289 31.743839 -17.748951 14.535120 31.691429 -17.784746 14.535120 31.651028 -17.849150 14.549218 31.743839 -17.835217 14.535120 31.631886 -17.888800 14.535120 31.638391 -17.933224 14.535120 31.669056 -17.958309 14.535120 31.716850 
						-17.958309 14.535120 31.770828 -17.933224 14.535120 31.818623 -17.888800 14.535120 31.849285 -17.835217 14.535120 31.855791 -17.784746 14.535120 31.836651 -17.748951 14.535120 31.796249 -17.736032 14.535120 31.743839 
					</float_array>
					<technique_common>
						<accessor count="135" offset="0" source="#meshId12-positions-array" stride="3">
							<param name="X" type="float" />
							<param name="Y" type="float" />
							<param name="Z" type="float" />
						</accessor>
					</technique_common>
				</source>
				<source id="meshId12-normals" name="meshId12-normals">
					<float_array id="meshId12-normals-array" count="405"> 
						0.872393 -0.170892 -0.457960 0.869618 -0.188789 -0.456205 0.558033 -0.189634 -0.807860 0.559521 -0.171658 -0.810845 0.559521 -0.171658 -0.810845 0.558033 -0.189634 -0.807860 0.118730 -0.190826 -0.974417 0.118569 -0.172741 -0.977805 -0.347656 -0.192095 -0.917734 -0.349353 -0.173896 -0.920713 -0.349353 -0.173896 -0.920713 -0.347656 -0.192095 -0.917734 -0.734247 -0.193143 -0.650828 -0.737060 -0.174851 -0.652817 -0.952524 -0.193738 -0.234870 -0.955902 -0.175390 -0.235565 -0.952523 -0.193740 0.234871 -0.955902 -0.175390 0.235565 -0.734241 -0.193145 0.650835 -0.737058 -0.174850 0.652819 -0.347645 -0.192097 0.917737 -0.349344 -0.173896 0.920717 -0.349344 -0.173896 0.920717 -0.347645 -0.192097 0.917737 0.118719 -0.190826 0.974418 0.118561 -0.172740 0.977806 0.558034 -0.189628 0.807861 0.559522 -0.171654 0.810846 0.559522 -0.171654 0.810846 0.558034 -0.189628 0.807861 0.869621 -0.188785 0.456201 0.872395 -0.170889 0.457956 0.982078 -0.188477 0.000001 0.985338 -0.170611 0.000001 0.885310 -0.017632 -0.464667 0.567945 -0.017712 -0.822876 0.120481 -0.017826 -0.992556 -0.354576 -0.017948 -0.934855 -0.354576 -0.017948 -0.934855 -0.748409 -0.018048 -0.662991 -0.970785 -0.018104 -0.239267 -0.970785 -0.018104 0.239267 -0.748410 -0.018047 0.662991 -0.354575 -0.017947 0.934855 -0.354575 -0.017947 0.934855 0.120481 -0.017825 0.992556 0.567949 -0.017712 0.822873 0.567949 -0.017712 0.822873 0.885310 -0.017633 0.464667 0.999845 -0.017604 0.000000 0.885456 0.000234 -0.464723 0.568061 0.000233 -0.822987 0.120539 0.000234 -0.992709 -0.354597 0.000236 -0.935019 -0.354597 0.000236 -0.935019 -0.748514 0.000236 -0.663118 -0.970942 0.000237 -0.239315 -0.970942 0.000237 0.239315 -0.748514 0.000237 0.663119 -0.354597 0.000236 0.935019 -0.354597 0.000236 0.935019 0.120538 0.000234 0.992709 0.568064 0.000233 0.822984 0.568064 0.000233 0.822984 
						0.885456 0.000234 0.464723 1.000000 0.000235 0.000000 0.876123 0.144251 -0.460000 0.561854 0.144904 -0.814447 0.561854 0.144904 -0.814447 0.118932 0.145826 -0.982135 -0.351047 0.146805 -0.924778 -0.351047 0.146805 -0.924778 -0.740454 0.147613 -0.655697 -0.960258 0.148066 -0.236603 -0.960257 0.148068 0.236605 -0.740452 0.147616 0.655698 -0.351045 0.146807 0.924778 -0.351045 0.146807 0.924778 0.118941 0.145824 0.982135 0.561839 0.144905 0.814457 0.561839 0.144905 0.814457 0.876121 0.144254 0.460004 0.989575 0.144017 0.000000 0.869905 0.187088 -0.456360 0.558218 0.187936 -0.808129 0.558218 0.187936 -0.808129 0.118757 0.189123 -0.974746 -0.347772 0.190380 -0.918047 -0.347772 0.190380 -0.918047 -0.734492 0.191425 -0.651059 -0.952852 0.192009 -0.234957 -0.952852 0.192011 0.234959 -0.734492 0.191426 0.651058 -0.347771 0.190382 0.918047 -0.347771 0.190382 0.918047 0.118769 0.189120 0.974745 0.558202 0.187937 0.808140 0.558202 0.187937 0.808140 0.869905 0.187092 0.456358 0.982402 0.186780 0.000000 0.511224 -0.436800 -0.740173 0.796347 -0.437348 -0.417801 -0.001001 -0.999999 0.000001 0.108819 -0.436002 -0.893342 0.511224 -0.436800 -0.740173 -0.001001 -0.999999 0.000001 -0.318983 -0.435131 -0.841968 -0.674053 -0.434434 -0.597428 -0.318983 -0.435131 -0.841968 -0.001001 -0.999999 0.000001 -0.874699 -0.434038 -0.215668 -0.874698 -0.434040 0.215667 -0.674054 -0.434427 0.597432 -0.318987 -0.435122 0.841972 0.108820 -0.435993 0.893347 -0.318987 -0.435122 0.841972 -0.001001 -0.999999 0.000001 0.511225 -0.436790 0.740178 0.796344 -0.437358 0.417798 0.511225 -0.436790 0.740178 0.899197 -0.437545 -0.000010 0.109563 0.992316 -0.057479 0.070396 0.992301 -0.101895 -0.000189 1.000000 -0.000001 0.015014 0.992281 -0.123099 -0.043975 0.992258 -0.116149 -0.093024 0.992240 -0.082500 -0.120781 0.992232 -0.029800 
						-0.120782 0.992232 0.029801 -0.093024 0.992241 0.082490 -0.043975 0.992259 0.116141 0.015015 0.992280 0.123106 0.070396 0.992301 0.101900 0.109565 0.992316 0.057479 0.123679 0.992322 0.000000 
					</float_array>
					<technique_common>
						<accessor count="135" offset="0" source="#meshId12-normals-array" stride="3">
							<param name="X" type="float" />
							<param name="Y" type="float" />
							<param name="Z" type="float" />
						</accessor>
					</technique_common>
				</source>
				<source id="meshId12-tangents" name="meshId12-tangents">
					<float_array id="meshId12-tangents-array" count="405"> 
						-0.458555 0.038352 -0.887838 -0.449746 0.078318 -0.889716 -0.795595 0.154440 -0.585813 -0.811014 0.088283 -0.578327 -0.828039 -0.073415 -0.555843 -0.829614 -0.105848 -0.548213 -0.992909 -0.016922 -0.117669 -0.992843 -0.006436 -0.119256 -0.937599 0.064314 0.341720 -0.936888 0.050272 0.345996 -0.918824 -0.128979 0.372997 -0.898987 -0.209785 0.384465 -0.642258 -0.113001 0.758113 -0.655066 -0.052752 0.753728 -0.232575 -0.034838 0.971954 -0.236678 -0.014852 0.971475 0.231537 0.040005 0.972003 0.235791 0.019855 0.971601 0.640641 0.120118 0.758387 0.653893 0.059608 0.754236 0.902554 0.196639 0.383053 0.922446 0.108658 0.370522 0.936933 -0.053547 0.345383 0.937617 -0.066829 0.341187 0.992926 0.021012 -0.116859 0.992904 0.011525 -0.118356 0.829477 0.099561 -0.549596 0.827704 0.065072 -0.557379 0.807740 -0.106284 -0.579879 0.792237 -0.167916 -0.586656 0.450368 -0.075299 -0.889662 0.459109 -0.035093 -0.887687 0.000213 0.001106 -0.999999 0.000194 0.001117 -0.999999 -0.464538 0.011044 -0.885484 -0.823013 -0.000860 -0.568021 -0.992715 -0.000896 -0.120484 -0.935026 0.005249 0.354540 -0.934275 -0.033294 0.354995 -0.662828 -0.014750 0.748626 -0.239227 -0.004368 0.970954 0.239164 0.007689 0.970949 0.662716 0.019232 0.748623 0.934730 0.018409 0.354881 0.935027 -0.007770 0.354491 0.992713 0.004214 -0.120424 0.823058 0.008628 -0.567891 0.822457 -0.026162 -0.568225 0.464564 -0.009797 -0.885485 0.000005 0.000268 -1.000000 -0.464712 -0.006602 -0.885438 -0.822958 -0.008173 -0.568043 -0.992701 0.004006 -0.120537 -0.935015 -0.002992 0.354595 -0.934994 0.007285 0.354589 -0.663037 0.015400 0.748428 -0.239309 0.006033 0.970925 0.239313 -0.003072 0.970938 0.663087 -0.009547 0.748481 0.934764 -0.023272 0.354506 0.935019 0.000001 0.354597 0.992709 0.000180 -0.120538 0.822955 -0.008560 -0.568042 0.822979 0.003560 -0.568061 
						0.464704 0.008642 -0.885424 -0.000000 0.000231 -1.000000 -0.461709 -0.023418 -0.886722 -0.813561 -0.081493 -0.575741 -0.826280 0.050984 -0.560947 -0.992861 0.008426 -0.118980 -0.936307 -0.044748 0.348320 -0.927713 0.079364 0.364760 -0.657864 0.040599 0.752041 -0.237412 0.012446 0.971329 0.237944 -0.008863 0.971238 0.658789 -0.033862 0.751566 0.925317 -0.096837 0.366622 0.936270 0.041452 0.348827 0.992806 -0.003735 -0.119679 0.826563 -0.058304 -0.559817 0.815875 0.065623 -0.574492 0.461327 0.026164 -0.886845 -0.000080 0.000552 -1.000000 -0.456858 -0.043035 -0.888498 -0.804823 -0.114042 -0.582456 -0.828593 0.076108 -0.554654 -0.992856 0.011172 -0.118796 -0.937495 -0.057506 0.343214 -0.917415 0.132884 0.375089 -0.652030 0.066843 0.755241 -0.235251 0.021597 0.971695 0.235743 -0.019084 0.971628 0.652481 -0.064480 0.755057 0.916074 -0.139518 0.375956 0.937481 0.056407 0.343435 0.992838 -0.009890 -0.119055 0.828718 -0.078785 -0.554094 0.806382 0.106430 -0.581739 0.457003 0.042261 -0.888461 0.000051 -0.000269 -1.000000 -0.743442 0.207350 -0.635846 -0.431280 0.073715 -0.899202 -0.000575 -0.000000 -1.000000 -0.993542 -0.018647 -0.111923 -0.852840 -0.151235 -0.499792 -0.993725 0.000995 -0.111845 -0.947132 0.114004 0.299907 -0.616318 -0.115074 0.779044 -0.854983 -0.251228 0.453749 -0.000023 0.000001 1.000000 -0.222319 -0.036091 0.974306 0.222263 0.036205 0.974314 0.616268 0.115189 0.779067 0.854985 0.251224 0.453747 0.993526 0.018212 -0.112135 0.947149 -0.114477 0.299673 0.993705 -0.000995 -0.112028 0.852793 0.150847 -0.499989 0.430106 -0.076186 -0.899558 0.742179 -0.209914 -0.636480 -0.000574 -0.001156 -0.999999 0.878655 -0.123725 -0.461149 0.880098 -0.109867 -0.461906 0.885448 0.000167 -0.464739 0.883223 -0.070872 -0.463567 0.885306 -0.015168 -0.464761 0.884536 0.044317 -0.464363 0.881562 0.093412 -0.462734 
						0.878941 0.120848 -0.461366 0.878952 0.120759 -0.461367 0.881584 0.093231 -0.462728 0.884623 0.044205 -0.464207 0.885417 -0.015108 -0.464553 0.883248 -0.070672 -0.463550 0.880094 -0.109691 -0.461954 
					</float_array>
					<technique_common>
						<accessor count="135" offset="0" source="#meshId12-tangents-array" stride="3">
							<param name="X" type="float" />
							<param name="Y" type="float" />
							<param name="Z" type="float" />
						</accessor>
					</technique_common>
				</source>
				<source id="meshId12-bitangents" name="meshId12-bitangents">
					<float_array id="meshId12-bitangents-array" count="405"> 
						0.169288 0.984543 -0.044905 0.203698 0.978890 -0.016800 0.235856 0.969633 -0.064689 0.170859 0.981193 -0.089821 0.035887 0.982417 -0.183217 0.018449 0.976133 -0.216390 0.005965 0.981478 -0.191482 0.014308 0.984946 -0.172268 -0.006619 0.979267 -0.202467 -0.013881 0.983480 -0.180484 -0.183615 0.976281 -0.114721 -0.266381 0.958692 -0.099758 -0.219969 0.974642 -0.041077 -0.166228 0.983181 -0.075657 -0.196487 0.980434 -0.011875 -0.173885 0.984387 -0.027314 -0.197712 0.980237 0.006752 -0.175086 0.984299 0.022376 -0.224656 0.973790 0.035541 -0.170792 0.982789 0.070398 -0.254046 0.961474 0.105017 -0.164476 0.978751 0.122451 -0.010760 0.983307 0.181635 -0.004210 0.979098 0.203346 0.001825 0.981399 0.191971 0.009176 0.984900 0.172881 0.023788 0.976795 0.212850 0.042913 0.983006 0.178488 0.185718 0.979407 0.079184 0.246899 0.967391 0.056527 0.202307 0.979127 0.019541 0.167767 0.984665 0.047842 0.188477 0.982077 0.001126 0.170611 0.985338 0.001134 0.020745 0.999784 0.001587 0.009353 0.999843 -0.015066 0.001258 0.999841 -0.017804 -0.001456 0.999825 -0.018643 -0.037497 0.999285 -0.004963 -0.023290 0.999728 -0.000924 -0.018623 0.999827 -0.000091 -0.019418 0.999807 -0.003134 -0.026261 0.999652 -0.002434 -0.023578 0.999669 0.010248 0.000902 0.999809 0.019536 -0.002037 0.999832 0.018203 0.002959 0.999806 0.019478 0.031592 0.999501 -0.000291 0.020166 0.999797 -0.000482 0.017604 0.999845 0.000268 -0.003275 0.999978 -0.005737 -0.006858 0.999967 -0.004451 0.003949 0.999992 0.000715 -0.002714 0.999996 0.001281 0.006895 0.999973 -0.002363 0.010389 0.999881 -0.011371 0.001674 0.999982 -0.005801 0.000965 0.999995 0.002926 0.006508 0.999954 0.006989 0.021844 0.999729 0.008032 0.000083 1.000000 -0.000221 -0.000207 1.000000 -0.000211 0.006913 0.999963 -0.005054 -0.003062 0.999994 0.001830 
						-0.004224 0.999963 0.007544 -0.000235 1.000000 0.000231 -0.138683 0.989264 0.046085 -0.149799 0.986084 0.072101 -0.039760 0.988131 0.148377 -0.009075 0.989274 0.145787 0.009753 0.988153 0.153163 0.126943 0.985977 0.108332 0.137632 0.988212 0.067047 0.146766 0.988899 0.023201 0.145906 0.988937 -0.026721 0.133146 0.988465 -0.072175 0.143375 0.984414 -0.101849 0.012877 0.988296 -0.152002 -0.013784 0.989303 -0.145219 -0.033634 0.987726 -0.152530 -0.136694 0.987267 -0.081355 -0.139966 0.989195 -0.043626 -0.144017 0.989575 0.000558 -0.185867 0.981400 0.048036 -0.201625 0.975538 0.087595 -0.042734 0.979228 0.198207 -0.011577 0.981890 0.189099 0.012547 0.980025 0.198479 0.193403 0.972675 0.128444 0.188091 0.979228 0.075719 0.191648 0.981155 0.024592 0.191047 0.981207 -0.027081 0.186518 0.979387 -0.077542 0.199660 0.971745 -0.125884 0.013599 0.980088 -0.198096 -0.012875 0.981904 -0.188940 -0.040466 0.979016 -0.199725 -0.195341 0.976398 -0.092140 -0.185510 0.981433 -0.048738 -0.186780 0.982402 -0.000274 0.431212 0.875335 -0.218733 0.424063 0.896266 -0.129916 0.999999 -0.001001 -0.000575 0.032140 0.899752 -0.435216 0.106369 0.886755 -0.449835 0.111845 -0.000113 -0.993726 -0.034511 0.893120 -0.448492 -0.407192 0.893323 -0.190183 -0.408967 0.864607 -0.291892 -0.999999 0.001001 -0.000023 -0.430669 0.900171 -0.064926 -0.430700 0.900166 0.064803 -0.407265 0.893311 0.190080 -0.408959 0.864613 0.291886 0.032620 0.899766 0.435152 -0.034008 0.893064 0.448642 0.112028 -0.000111 0.993705 0.106737 0.886826 0.449608 0.425259 0.896055 0.127440 0.433382 0.874729 0.216863 0.437544 0.899196 -0.001291 -0.464717 0.000021 -0.885459 -0.469544 -0.057161 -0.881056 -0.464739 -0.000089 -0.885448 -0.468713 -0.101764 -0.877469 -0.462925 -0.123265 -0.877785 -0.457103 -0.116171 -0.881794 -0.456356 -0.082160 -0.885996 
						-0.461383 -0.029531 -0.886709 -0.467749 0.029587 -0.883366 -0.469974 0.082040 -0.878860 -0.466066 0.115872 -0.877130 -0.459436 0.122927 -0.879663 -0.455927 0.101557 -0.884204 -0.458408 0.057134 -0.886904 
					</float_array>
					<technique_common>
						<accessor count="135" offset="0" source="#meshId12-bitangents-array" stride="3">
							<param name="X" type="float" />
							<param name="Y" type="float" />
							<param name="Z" type="float" />
						</accessor>
					</technique_common>
				</source>
				<source id="meshId12-tex0" name="meshId12-tex0">
					<float_array id="meshId12-tex0-array" count="270"> 
						0.115222 0.358873 0.113886 0.343780 0.117832 0.343297 0.120566 0.358565 0.121934 0.358678 0.123458 0.343463 0.127435 0.343702 0.127301 0.358835 0.131419 0.343623 0.132671 0.358781 0.717367 0.355571 0.720791 0.340197 0.724711 0.340868 0.722700 0.356010 0.728685 0.341179 0.728022 0.356199 0.732673 0.341179 0.733338 0.356198 0.736647 0.340867 0.738660 0.356009 0.740567 0.340196 0.743992 0.355569 0.810752 0.486481 0.812008 0.471344 0.815987 0.471425 0.816115 0.486537 0.819959 0.471188 0.821474 0.486383 0.099212 0.358537 0.101986 0.343276 0.105931 0.343770 0.104555 0.358859 0.109908 0.343930 0.109888 0.358960 0.115641 0.365597 0.121437 0.365545 0.127257 0.365573 0.133078 0.365568 0.716276 0.362684 0.722070 0.362772 0.727816 0.362825 0.733545 0.362825 0.739290 0.362770 0.745085 0.362683 0.810343 0.493259 0.816156 0.493267 0.821969 0.493241 0.098323 0.365515 0.104118 0.365582 0.109880 0.365613 0.115613 0.409503 0.121423 0.409542 0.127250 0.409530 0.133077 0.409532 0.716200 0.406805 0.722011 0.406757 0.727796 0.406718 0.733571 0.406718 0.739355 0.406756 0.745167 0.406803 0.810329 0.537165 0.816148 0.537165 0.821967 0.537179 0.098222 0.409512 
						0.104031 0.409488 0.109822 0.409480 0.115556 0.413443 0.121331 0.413702 0.121448 0.413602 0.127249 0.413476 0.133052 0.413526 0.716314 0.411068 0.722086 0.410721 0.727822 0.410590 0.733546 0.410590 0.739281 0.410720 0.745053 0.411067 0.810351 0.541153 0.816147 0.541106 0.821941 0.541234 0.098302 0.413671 0.104078 0.413428 0.109817 0.413368 0.114390 0.428551 0.118888 0.428856 0.122901 0.428771 0.127377 0.428625 0.131855 0.428676 0.719216 0.426282 0.723719 0.425864 0.728349 0.425675 0.733020 0.425675 0.737650 0.425863 0.742153 0.426281 0.811542 0.556284 0.816014 0.556235 0.820484 0.556382 0.100706 0.428832 0.105205 0.428539 0.109797 0.428452 0.117832 0.343297 0.113886 0.343780 0.109933 0.324845 0.127435 0.343702 0.123458 0.343463 0.128002 0.324656 0.131419 0.343623 0.724711 0.340868 0.720791 0.340197 0.730678 0.322122 0.728685 0.341179 0.732673 0.341179 0.736647 0.340867 0.740567 0.340196 0.815987 0.471425 0.812008 0.471344 0.815427 0.452404 0.819959 0.471188 0.105931 0.343770 0.101986 0.343276 0.109908 0.343930 0.108405 0.088920 0.107338 0.093251 0.099061 0.088933 0.104380 0.096590 0.100209 0.098172 0.095781 0.097635 0.092110 0.095101 
						0.090037 0.091151 0.090037 0.086690 0.092110 0.082740 0.095781 0.080206 0.100209 0.079669 0.104380 0.081251 0.107338 0.084589 
					</float_array>
					<technique_common>
						<accessor count="135" offset="0" source="#meshId12-tex0-array" stride="2">
							<param name="S" type="float" />
							<param name="T" type="float" />
						</accessor>
					</technique_common>
				</source>
				<vertices id="meshId12-vertices">
					<input semantic="POSITION" source="#meshId12-positions" />
				</vertices>
				<polylist count="156" material="defaultMaterial">
					<input offset="0" semantic="VERTEX" source="#meshId12-vertices" />
					<input offset="0" semantic="NORMAL" source="#meshId12-normals" />
					<input offset="0" semantic="TANGENT" source="#meshId12-tangents" />
					<input offset="0" semantic="BINORMAL" source="#meshId12-bitangents" />
					<input offset="0" semantic="TEXCOORD" source="#meshId12-tex0" set="0" />
					<vcount>
						3 3 3 3 3 3 3 3 3 3 3 3 3 3 3 3 3 3 3 3 3 3 3 3 3 3 3 3 3 3 3 3 3 3 3 3 3 3 3 3 3 3 3 3 3 3 3 3 3 3 3 3 3 3 3 3 3 3 3 3 3 3 3 3 
						3 3 3 3 3 3 3 3 3 3 3 3 3 3 3 3 3 3 3 3 3 3 3 3 3 3 3 3 3 3 3 3 3 3 3 3 3 3 3 3 3 3 3 3 3 3 3 3 3 3 3 3 3 3 3 3 3 3 3 3 3 3 3 3 
						3 3 3 3 3 3 3 3 3 3 3 3 3 3 3 3 3 3 3 3 3 3 3 3 3 3 3 3 
					</vcount>
					<p>
						0 1 2 2 3 0 4 5 6 6 7 4 7 6 8 8 9 7 10 11 12 12 13 10 13 12 14 14 15 13 15 14 16 16 17 15 17 16 18 18 19 17 19 18 20 20 21 19 22 23 24 24 25 22 25 24 26 26 27 25 28 29 30 30 31 28 31 30 32 32 33 31 33 32 1 1 0 33 34 0 3 3 35 34 35 4 7 7 36 35 36 7 9 9 37 36 38 10 13 13 39 38 39 13 15 15 40 39 40 15 17 17 41 40 41 17 19 19 42 41 42 19 21 21 43 42 44 22 25 25 45 44 45 25 27 27 46 45 47 28 31 31 48 47 48 31 33 33 49 48 49 33 0 0 34 49 50 34 35 35 51 50 51 35 36 36 52 51 52 36 37 37 53 52 54 38 39 39 55 54 55 39 40 40 56 55 56 40 41 41 57 56 
						57 41 42 42 58 57 58 42 43 43 59 58 60 44 45 45 61 60 61 45 46 46 62 61 63 47 48 48 64 63 64 48 49 49 65 64 65 49 34 34 50 65 66 50 51 51 67 66 68 51 52 52 69 68 69 52 53 53 70 69 71 54 55 55 72 71 72 55 56 56 73 72 73 56 57 57 74 73 74 57 58 58 75 74 75 58 59 59 76 75 77 60 61 61 78 77 78 61 62 62 79 78 80 63 64 64 81 80 81 64 65 65 82 81 82 65 50 50 66 82 83 66 67 67 84 83 85 68 69 69 86 85 86 69 70 70 87 86 88 71 72 72 89 88 89 72 73 73 90 89 90 73 74 74 91 90 91 74 75 75 92 91 92 75 76 76 93 92 94 77 78 78 95 94 95 78 79 79 96 95 97 80 81 81 98 97 98 81 82 82 99 98 
						99 82 66 66 83 99 100 101 102 103 104 105 106 103 105 107 108 109 110 107 109 111 110 109 112 111 109 113 112 109 114 115 116 117 114 116 118 119 102 120 118 102 101 120 102 121 122 123 122 124 123 124 125 123 125 126 123 126 127 123 127 128 123 128 129 123 129 130 123 130 131 123 131 132 123 132 133 123 133 134 123 134 121 123 
					</p>
				</polylist>
			</mesh>
		</geometry>
		<geometry id="meshId13" name="meshId13_name" >
			<mesh>
				<source id="meshId13-positions" name="meshId13-positions">
					<float_array id="meshId13-positions-array" count="432"> 
						-17.729548 12.521808 31.678104 -17.749092 12.349004 31.688534 -17.786863 12.349004 31.645899 -17.774441 12.521808 31.627430 -17.774441 12.521808 31.627430 -17.786863 12.349004 31.645899 -17.840122 12.349004 31.625698 -17.837744 12.521808 31.603422 -17.896667 12.349004 31.632566 -17.904951 12.521808 31.611584 -17.904951 12.521808 31.611584 -17.896667 12.349004 31.632566 -17.943544 12.349004 31.664925 -17.960669 12.521808 31.650042 -17.970016 12.349004 31.715359 -17.992132 12.521808 31.709988 -17.970016 12.349004 31.772320 -17.992132 12.521808 31.777691 -17.943544 12.349004 31.822754 -17.960669 12.521808 31.837635 -17.896667 12.349004 31.855112 -17.904951 12.521808 31.876095 -17.904951 12.521808 31.876095 -17.896667 12.349004 31.855112 -17.840122 12.349004 31.861979 -17.837744 12.521808 31.884256 -17.786863 12.349004 31.841780 -17.774443 12.521808 31.860249 -17.774443 12.521808 31.860249 -17.786863 12.349004 31.841780 -17.749092 12.349004 31.799145 -17.729548 12.521808 31.809574 -17.735460 12.349004 31.743839 -17.713345 12.521808 31.743839 -17.701075 12.599743 31.662910 -17.756346 12.599743 31.600525 -17.756346 12.599743 31.600525 -17.834278 12.599743 31.570969 -17.917021 12.599743 31.581013 -17.917021 12.599743 31.581013 -17.985615 12.599743 31.628361 -18.024349 12.599743 31.702164 -18.024349 12.599743 31.785515 -17.985615 12.599743 31.859318 -17.917021 12.599743 31.906666 -17.917021 12.599743 31.906666 -17.834278 12.599743 31.916710 -17.756346 12.599743 31.887154 -17.756346 12.599743 31.887154 -17.701075 12.599743 31.824766 -17.681128 12.599743 31.743839 -17.701075 13.109643 31.662910 -17.756346 13.109643 31.600525 -17.756346 13.109643 31.600525 -17.834278 13.109643 31.570969 -17.917021 13.109643 31.581013 -17.917021 13.109643 31.581013 -17.985615 13.109643 31.628361 -18.024349 13.109643 31.702164 -18.024349 13.109643 31.785515 -17.985615 13.109643 31.859318 -17.917021 13.109643 31.906666 -17.917021 13.109643 31.906666 -17.834278 13.109643 31.916710 
						-17.756346 13.109643 31.887154 -17.756346 13.109643 31.887154 -17.701075 13.109643 31.824766 -17.681128 13.109643 31.743839 -17.701214 13.155869 31.662987 -17.756433 13.155869 31.600657 -17.756433 13.155869 31.600657 -17.834295 13.155869 31.571129 -17.916960 13.155869 31.581165 -17.916960 13.155869 31.581165 -17.985493 13.155869 31.628469 -18.024191 13.155869 31.702202 -18.024191 13.155869 31.785477 -17.985493 13.155869 31.859207 -17.916960 13.155869 31.906513 -17.916960 13.155869 31.906513 -17.834295 13.155869 31.916550 -17.756433 13.155869 31.887020 -17.756433 13.155869 31.887020 -17.701214 13.155869 31.824692 -17.681286 13.155869 31.743839 -17.737005 13.328672 31.682083 -17.779182 13.328672 31.634476 -17.779182 13.328672 31.634476 -17.838652 13.328672 31.611923 -17.901791 13.328672 31.619591 -17.901791 13.328672 31.619591 -17.954136 13.328672 31.655720 -17.983692 13.328672 31.712036 -17.983692 13.328672 31.775640 -17.954136 13.328672 31.831959 -17.901791 13.328672 31.868088 -17.901791 13.328672 31.868088 -17.838652 13.328672 31.875755 -17.779182 13.328672 31.853203 -17.779182 13.328672 31.853203 -17.737005 13.328672 31.805595 -17.721785 13.328672 31.743839 -17.786863 12.349004 31.645899 -17.749092 12.349004 31.688534 -17.855070 12.149594 31.743839 -17.840122 12.349004 31.625698 -17.786863 12.349004 31.645899 -17.855070 12.149594 31.743839 -17.896667 12.349004 31.632566 -17.943544 12.349004 31.664925 -17.970016 12.349004 31.715359 -17.943544 12.349004 31.664925 -17.855070 12.149594 31.743839 -17.970016 12.349004 31.772320 -17.943544 12.349004 31.822754 -17.896667 12.349004 31.855112 -17.943544 12.349004 31.822754 -17.855070 12.149594 31.743839 -17.840122 12.349004 31.861979 -17.786863 12.349004 31.841780 -17.749092 12.349004 31.799145 -17.786863 12.349004 31.841780 -17.735460 12.349004 31.743839 -17.737005 13.328672 31.682083 -17.779182 13.328672 31.634476 -17.855070 13.536104 31.743839 -17.779182 13.328672 31.634476 -17.838652 13.328672 31.611923 
						-17.855070 13.536104 31.743839 -17.901791 13.328672 31.619591 -17.954136 13.328672 31.655720 -17.954136 13.328672 31.655720 -17.983692 13.328672 31.712036 -17.855070 13.536104 31.743839 -17.983692 13.328672 31.775640 -17.954136 13.328672 31.831959 -17.954136 13.328672 31.831959 -17.901791 13.328672 31.868088 -17.855070 13.536104 31.743839 -17.838652 13.328672 31.875755 -17.779182 13.328672 31.853203 -17.779182 13.328672 31.853203 -17.737005 13.328672 31.805595 -17.721785 13.328672 31.743839 
					</float_array>
					<technique_common>
						<accessor count="144" offset="0" source="#meshId13-positions-array" stride="3">
							<param name="X" type="float" />
							<param name="Y" type="float" />
							<param name="Z" type="float" />
						</accessor>
					</technique_common>
				</source>
				<source id="meshId13-normals" name="meshId13-normals">
					<float_array id="meshId13-normals-array" count="432"> 
						0.862143 -0.228083 -0.452423 0.878331 -0.127153 -0.460833 0.563597 -0.127740 -0.816114 0.553031 -0.229113 -0.801040 0.553031 -0.229113 -0.801040 0.563597 -0.127740 -0.816114 0.119804 -0.128565 -0.984438 0.117401 -0.230564 -0.965949 -0.351381 -0.129441 -0.927241 -0.344820 -0.232108 -0.909519 -0.344820 -0.232108 -0.909519 -0.351381 -0.129441 -0.927241 -0.742015 -0.130172 -0.657624 -0.727786 -0.233384 -0.644872 -0.962611 -0.130585 -0.237336 -0.943955 -0.234098 -0.232695 -0.962610 -0.130585 0.237339 -0.943954 -0.234098 0.232698 -0.742009 -0.130172 0.657630 -0.727782 -0.233384 0.644876 -0.351392 -0.129440 0.927237 -0.344825 -0.232108 0.909517 -0.344825 -0.232108 0.909517 -0.351392 -0.129440 0.927237 0.119805 -0.128561 0.984438 0.117405 -0.230562 0.965949 0.563605 -0.127735 0.816108 0.553033 -0.229108 0.801039 0.553033 -0.229108 0.801039 0.563605 -0.127735 0.816108 0.878325 -0.127151 0.460844 0.862138 -0.228083 0.452434 0.991911 -0.126936 0.000000 0.973729 -0.227709 0.000000 0.884423 -0.047718 -0.464240 0.567334 -0.047931 -0.822092 0.567334 -0.047931 -0.822092 0.120307 -0.048230 -0.991564 -0.354270 -0.048548 -0.933882 -0.354270 -0.048548 -0.933882 -0.747669 -0.048810 -0.662275 -0.969784 -0.048955 -0.239001 -0.969784 -0.048955 0.239001 -0.747669 -0.048809 0.662275 -0.354269 -0.048548 0.933883 -0.354269 -0.048548 0.933883 0.120309 -0.048229 0.991564 0.567334 -0.047930 0.822092 0.567334 -0.047930 0.822092 0.884421 -0.047718 0.464244 0.998865 -0.047641 0.000000 0.885453 0.000285 -0.464728 0.568056 0.000288 -0.822990 0.568056 0.000288 -0.822990 0.120551 0.000290 -0.992707 -0.354596 0.000294 -0.935020 -0.354596 0.000294 -0.935020 -0.748515 0.000295 -0.663117 -0.970943 0.000293 -0.239312 -0.970943 0.000293 0.239312 -0.748516 0.000295 0.663117 -0.354595 0.000294 0.935020 -0.354595 0.000294 0.935020 0.120551 0.000290 0.992707 
						0.568056 0.000287 0.822990 0.568056 0.000287 0.822990 0.885452 0.000284 0.464730 1.000000 0.000283 0.000000 0.871458 0.176580 -0.457581 0.558783 0.177374 -0.810123 0.558783 0.177374 -0.810123 0.118207 0.178493 -0.976815 -0.349175 0.179682 -0.919669 -0.349175 0.179682 -0.919669 -0.736366 0.180661 -0.652018 -0.954891 0.181210 -0.235257 -0.954891 0.181209 0.235259 -0.736363 0.180660 0.652021 -0.349173 0.179683 0.919670 -0.349173 0.179683 0.919670 0.118207 0.178492 0.976815 0.558778 0.177372 0.810127 0.558778 0.177372 0.810127 0.871458 0.176579 0.457582 0.984338 0.176292 -0.000001 0.862128 0.228541 -0.452222 0.553217 0.229551 -0.800786 0.553217 0.229551 -0.800786 0.117745 0.230974 -0.965809 -0.344464 0.232484 -0.909558 -0.344464 0.232484 -0.909558 -0.727561 0.233736 -0.644999 -0.943855 0.234447 -0.232749 -0.943854 0.234449 0.232753 -0.727555 0.233737 0.645005 -0.344463 0.232485 0.909558 -0.344463 0.232485 0.909558 0.117745 0.230974 0.965809 0.553211 0.229549 0.800790 0.553211 0.229549 0.800790 0.862126 0.228543 0.452225 0.973619 0.228180 -0.000001 0.487678 -0.513556 -0.705996 0.759529 -0.514169 -0.398429 -0.001119 -0.999999 0.000001 0.103845 -0.512711 -0.852258 0.487678 -0.513556 -0.705996 -0.001119 -0.999999 0.000001 -0.304322 -0.511800 -0.803398 -0.643224 -0.511028 -0.570187 -0.834809 -0.510602 -0.205865 -0.643224 -0.511028 -0.570187 -0.001119 -0.999999 0.000001 -0.834811 -0.510598 0.205866 -0.643228 -0.511017 0.570192 -0.304325 -0.511794 0.803401 -0.643228 -0.511017 0.570192 -0.001119 -0.999999 0.000001 0.103861 -0.512718 0.852252 0.487679 -0.513560 0.705993 0.759530 -0.514166 0.398431 0.487679 -0.513560 0.705993 0.857556 -0.514391 0.000000 0.745055 0.540445 -0.390912 0.478246 0.540081 -0.692527 -0.000684 1.000000 0.000001 0.478246 0.540081 -0.692527 0.101694 0.539549 -0.835790 
						-0.000684 1.000000 0.000001 -0.298477 0.539005 -0.787646 -0.630578 0.538570 -0.558851 -0.630578 0.538570 -0.558851 -0.818253 0.538301 -0.201727 -0.000684 1.000000 0.000001 -0.818248 0.538308 0.201730 -0.630578 0.538569 0.558850 -0.630578 0.538569 0.558850 -0.298477 0.539005 0.787646 -0.000684 1.000000 0.000001 0.101696 0.539543 0.835794 0.478231 0.540085 0.692534 0.478231 0.540085 0.692534 0.745053 0.540450 0.390909 0.841298 0.540572 0.000000 
					</float_array>
					<technique_common>
						<accessor count="144" offset="0" source="#meshId13-normals-array" stride="3">
							<param name="X" type="float" />
							<param name="Y" type="float" />
							<param name="Z" type="float" />
						</accessor>
					</technique_common>
				</source>
				<source id="meshId13-tangents" name="meshId13-tangents">
					<float_array id="meshId13-tangents-array" count="432"> 
						-0.453678 0.050036 -0.889760 -0.452578 0.089312 -0.887241 -0.801593 0.154055 -0.577682 -0.801610 0.115757 -0.586533 0.832142 0.104365 0.544654 0.825854 0.108662 0.553316 0.992680 0.030769 0.116789 0.993055 0.019722 0.115988 0.936190 -0.039150 -0.349307 0.938178 -0.053897 -0.341931 -0.913432 -0.140200 0.382082 -0.926149 -0.096905 0.364495 -0.653680 -0.077123 0.752831 -0.651783 -0.057105 0.756253 -0.234844 -0.034386 0.971425 -0.236116 -0.013711 0.971628 0.232964 0.048044 0.971298 0.233118 0.026276 0.972093 0.653723 0.076878 0.752818 0.649592 0.066942 0.757330 0.924212 0.110214 0.365631 0.914043 0.137452 0.381619 0.938270 -0.057064 0.341163 0.936202 -0.041137 0.349047 0.992593 0.035637 -0.116143 0.993083 0.025963 -0.114506 0.825940 0.102881 -0.554292 0.831752 0.095956 -0.546792 0.798660 -0.128024 -0.588007 0.800199 -0.160778 -0.577783 0.454205 -0.078781 -0.887407 0.456236 -0.038926 -0.889007 0.000624 0.004874 -0.999988 0.001145 0.004895 -0.999987 -0.463643 0.023571 -0.885709 -0.821499 0.036402 -0.569047 0.823466 0.040282 0.565934 0.992698 0.014659 0.119732 0.935035 -0.003177 -0.354542 -0.932627 -0.054859 0.356646 -0.661976 -0.024380 0.749128 -0.239035 -0.005248 0.970997 0.238515 0.015635 0.971013 0.661314 0.036057 0.749242 0.933121 0.047300 0.356439 0.935062 -0.005210 0.354446 0.992653 0.018819 -0.119526 0.823487 0.034480 -0.566286 0.821065 -0.043605 -0.569167 0.464093 -0.014873 -0.885662 0.000190 0.003978 -0.999992 -0.464719 -0.005744 -0.885440 -0.822799 -0.021361 -0.567931 0.822955 0.008999 0.568035 0.992686 0.006473 0.120550 0.934900 0.016095 -0.354546 -0.934929 0.013840 0.354566 -0.662912 0.024533 0.748295 -0.239290 0.012463 0.970868 0.239312 -0.000841 0.970942 0.663081 -0.010052 0.748480 0.934683 -0.026721 0.354476 0.934947 0.012617 0.354563 0.992626 0.012758 -0.120545 
						0.822990 0.000643 -0.568056 0.822950 0.009675 -0.568032 0.464660 0.016769 -0.885330 -0.000001 0.004471 -0.999990 -0.460563 -0.026185 -0.887241 -0.808116 -0.102993 -0.579949 0.827229 -0.049990 0.559636 0.992773 -0.000733 0.120004 0.937058 0.067084 -0.342670 -0.924299 0.095361 0.369564 -0.654993 0.051159 0.753901 -0.235241 0.021894 0.971690 0.237877 -0.007466 0.971267 0.657148 -0.038367 0.752784 0.921989 -0.109427 0.371433 0.937048 0.062256 0.343607 0.992535 0.008509 -0.121664 0.827925 -0.062737 -0.557318 0.811809 0.082680 -0.578040 0.458105 0.040250 -0.887986 -0.001063 0.005931 -0.999982 -0.445504 -0.083263 -0.891400 -0.778606 -0.199296 -0.595024 0.832066 -0.105850 0.544484 0.992973 -0.015789 0.117281 0.938776 0.092214 -0.331959 -0.909544 0.157339 0.384675 -0.642149 0.098877 0.760177 -0.226471 0.053744 0.972534 0.230970 -0.035432 0.972315 0.643592 -0.093073 0.759689 0.909115 -0.159103 0.384962 0.938795 0.088557 0.332900 0.992813 -0.006422 -0.119501 0.832497 -0.117595 -0.541406 0.783416 0.183469 -0.593800 0.441373 0.099610 -0.891778 -0.001657 0.007068 -0.999974 -0.717186 0.225452 -0.659406 -0.420330 0.079506 -0.903881 0.001159 -0.000002 -0.999999 0.994210 0.029715 0.103265 0.864931 0.174364 0.470629 0.994291 -0.001113 -0.106695 0.947050 -0.071899 -0.312933 0.743773 -0.240169 -0.623795 -0.219209 -0.034729 0.975060 -0.569034 -0.179218 0.802547 -0.001917 0.000003 0.999998 0.215263 0.041432 0.975677 0.565037 0.185749 0.803885 0.947038 -0.071810 0.312989 0.743730 -0.239979 0.623920 0.994284 -0.001113 0.106765 0.994211 0.029816 -0.103223 0.864958 0.174562 -0.470506 0.422658 -0.075496 -0.903139 0.719567 -0.221471 -0.658160 0.001177 0.001963 -0.999997 -0.413405 -0.085765 -0.906499 -0.701024 -0.240226 -0.671459 -0.001228 0.000000 -0.999999 0.867071 -0.165087 0.470036 0.993485 -0.011647 0.113363 
						0.995725 0.000681 -0.092364 0.950886 0.097019 -0.293944 0.757257 0.269124 -0.595091 -0.550333 0.197459 0.811260 -0.210679 0.045690 0.976487 0.002020 0.000000 0.999998 0.214835 -0.039147 0.975865 0.554569 -0.191087 0.809900 0.757290 0.269279 0.594980 0.950902 0.097180 0.293840 0.995732 0.000681 0.092294 0.993480 -0.011564 -0.113417 0.867078 -0.165071 -0.470029 0.698409 0.244215 -0.672743 0.410928 0.089714 -0.907243 -0.001214 0.001889 -0.999997 
					</float_array>
					<technique_common>
						<accessor count="144" offset="0" source="#meshId13-tangents-array" stride="3">
							<param name="X" type="float" />
							<param name="Y" type="float" />
							<param name="Z" type="float" />
						</accessor>
					</technique_common>
				</source>
				<source id="meshId13-bitangents" name="meshId13-bitangents">
					<float_array id="meshId13-bitangents-array" count="432"> 
						0.225576 0.972355 -0.060339 0.153973 0.987854 0.020899 0.199520 0.979770 -0.015570 0.227108 0.966492 -0.119642 -0.041187 -0.967789 0.248371 0.018000 -0.985837 0.166736 0.015275 -0.991224 0.131310 -0.007692 -0.972857 0.231278 0.008913 -0.990814 0.134938 0.030344 -0.971196 0.236344 -0.216198 0.962533 -0.163671 -0.137035 0.986841 -0.085831 -0.148716 0.988487 -0.027864 -0.213323 0.970706 -0.110555 -0.135015 0.990841 0.002434 -0.230647 0.972116 -0.042332 -0.138240 0.990272 -0.015826 -0.233680 0.971858 0.029769 -0.148554 0.988506 0.028052 -0.219918 0.970078 0.102885 -0.149522 0.985443 0.080902 -0.213591 0.962929 0.164760 -0.027286 0.971015 0.237457 -0.007037 0.990734 0.135637 -0.020151 0.991061 0.131878 0.001322 0.972711 0.232015 -0.013160 0.986458 0.163486 0.048410 0.968660 0.243628 0.237270 0.964945 0.112178 0.205015 0.978690 0.011598 0.149140 0.988750 -0.011443 0.220379 0.972863 0.070500 0.126934 0.991899 0.004914 0.227706 0.973717 0.005027 0.053207 0.998583 -0.001278 0.057201 0.998187 -0.018723 0.005990 -0.998038 0.062323 0.008761 -0.998729 0.049641 0.014246 -0.998816 0.046519 -0.068546 0.997313 -0.025842 -0.052711 0.998510 -0.014083 -0.048789 0.998787 -0.006613 -0.051273 0.998679 -0.003486 -0.060449 0.998157 0.005320 -0.061477 0.997700 0.028544 -0.012342 0.998807 0.047241 -0.012895 0.998659 0.050139 -0.001204 0.998255 0.059031 0.063128 0.997898 0.014615 0.049167 0.998750 0.008991 0.047641 0.998857 0.003982 -0.002922 0.999983 -0.004953 -0.017743 0.999772 -0.011897 0.007570 -0.999959 0.004875 0.006461 -0.999979 0.000492 0.014945 -0.999870 -0.005982 0.013045 0.999904 -0.004633 0.016489 0.999699 -0.018168 0.003267 0.999922 -0.012030 0.000486 1.000000 0.000746 0.006886 0.999949 0.007328 0.025089 0.999643 0.009200 -0.011693 0.999920 -0.004749 -0.012700 0.999919 0.001250 
						-0.000692 1.000000 0.000129 -0.008125 0.999953 0.005260 -0.008044 0.999859 0.014716 -0.000283 0.999990 0.004471 -0.168651 0.983938 0.058507 -0.186305 0.978739 0.085788 0.058767 -0.982873 -0.174663 0.020704 -0.983941 -0.177290 0.000124 -0.981435 -0.191796 0.154105 0.979092 0.132782 0.169557 0.982214 0.080660 0.181231 0.983201 0.021722 0.177759 0.983416 -0.035976 0.161014 0.982797 -0.090469 0.167377 0.977620 -0.127457 0.004485 0.981753 -0.190110 -0.030028 0.983905 -0.176154 -0.048028 0.982142 -0.181907 -0.169509 0.980665 -0.097793 -0.175217 0.983463 -0.045815 -0.176289 0.984320 0.006025 -0.241375 0.969967 0.030032 -0.296182 0.952674 0.068476 0.040223 -0.967524 -0.249560 0.011840 -0.972832 -0.231210 0.006699 -0.968219 -0.250015 0.232539 0.959789 0.157257 0.241456 0.967259 0.078154 0.240516 0.970642 0.002369 0.236205 0.971483 -0.020709 0.237600 0.967835 -0.082715 0.234212 0.959498 -0.156550 -0.003153 0.968560 -0.248760 -0.021399 0.972939 -0.230070 -0.030111 0.966167 -0.256153 -0.283227 0.955849 -0.078335 -0.248856 0.968424 -0.014996 -0.228174 0.973593 0.007259 0.497810 0.827908 -0.258367 0.496425 0.853996 -0.155734 0.999999 -0.001119 0.001159 -0.027620 -0.858047 0.512828 -0.118594 -0.840153 0.529224 0.106695 -0.000118 0.994292 0.102396 -0.856091 0.506581 0.181836 -0.825330 0.534571 -0.505017 0.859116 -0.082936 -0.512311 0.840673 -0.175515 -0.999997 0.001119 -0.001917 -0.506708 0.858821 0.075325 -0.516711 0.839261 0.169265 -0.102494 0.856102 0.506542 -0.182000 0.825392 0.534420 -0.106765 0.000120 0.994284 0.027513 0.858039 0.512847 0.118393 0.840110 0.529338 0.494444 0.854361 0.159975 0.494361 0.828979 0.261534 0.514390 0.857554 0.002289 -0.523440 0.836997 0.159523 -0.529005 0.806600 0.263723 -0.999999 -0.000684 0.001228 0.139530 -0.825263 -0.547241 0.051430 -0.841874 -0.537219 
						-0.092364 -0.000062 -0.995725 -0.082021 -0.836697 -0.541490 -0.170098 -0.798445 -0.577540 0.547270 0.819117 0.171880 0.534861 0.841513 0.076023 0.999998 0.000684 -0.002020 0.533213 0.841839 -0.083615 0.542976 0.820627 -0.178179 0.169951 0.798393 -0.577655 0.081838 0.836678 -0.541546 0.092294 0.000064 -0.995732 -0.051528 0.841879 -0.537201 -0.139538 0.825263 -0.547238 -0.532466 0.805399 -0.260409 -0.525389 0.836580 -0.155245 -0.540570 0.841296 0.002245 
					</float_array>
					<technique_common>
						<accessor count="144" offset="0" source="#meshId13-bitangents-array" stride="3">
							<param name="X" type="float" />
							<param name="Y" type="float" />
							<param name="Z" type="float" />
						</accessor>
					</technique_common>
				</source>
				<source id="meshId13-tex0" name="meshId13-tex0">
					<float_array id="meshId13-tex0-array" count="288"> 
						0.608548 0.311803 0.607493 0.297475 0.612124 0.296840 0.614159 0.311389 0.493910 0.732127 0.492701 0.746539 0.488045 0.746179 0.488308 0.731862 0.483409 0.746223 0.482697 0.731866 0.064022 0.346281 0.066206 0.332010 0.070995 0.332310 0.069623 0.346786 0.075751 0.332697 0.075323 0.346990 0.080516 0.332679 0.081050 0.346969 0.085269 0.332257 0.086749 0.346722 0.090056 0.331921 0.092346 0.346176 0.044788 0.360069 0.045499 0.345712 0.050135 0.345756 0.050399 0.360073 0.054790 0.345395 0.056001 0.359807 0.591553 0.311440 0.593523 0.296882 0.598157 0.297496 0.597167 0.311828 0.602825 0.297684 0.602858 0.311935 0.609600 0.318649 0.616403 0.318466 0.495350 0.725143 0.488516 0.724982 0.481679 0.724923 0.061403 0.353441 0.068186 0.353654 0.074879 0.353761 0.081544 0.353736 0.088237 0.353580 0.095017 0.353316 0.043771 0.367013 0.050608 0.366953 0.057441 0.366791 0.589342 0.318528 0.596146 0.318680 0.602873 0.318725 0.609764 0.360710 0.616607 0.360757 0.495877 0.683050 0.489018 0.682994 0.482159 0.682909 0.061389 0.395851 0.068220 0.395738 0.074992 0.395641 0.081743 0.395616 0.088515 0.395662 0.095347 0.395725 0.044255 0.409026 0.051114 0.408941 
						0.057973 0.408884 0.589330 0.360818 0.596172 0.360740 0.602968 0.360693 0.609689 0.364467 0.616476 0.364820 0.495882 0.679137 0.489062 0.679240 0.482243 0.679090 0.061562 0.400018 0.068340 0.399523 0.075042 0.399305 0.081720 0.399280 0.088423 0.399448 0.095205 0.399893 0.044340 0.412845 0.051159 0.412695 0.057979 0.412797 0.589479 0.364881 0.596265 0.364498 0.602976 0.364380 0.608235 0.378999 0.613403 0.379795 0.494281 0.664365 0.489073 0.664699 0.483900 0.664506 0.065100 0.414810 0.070445 0.414212 0.075765 0.413679 0.081104 0.413659 0.086428 0.414153 0.091777 0.414711 0.045998 0.427429 0.051171 0.427235 0.056379 0.427569 0.592619 0.379842 0.597784 0.379022 0.603009 0.378758 0.612124 0.296840 0.607493 0.297475 0.602782 0.278546 0.488045 0.746179 0.492701 0.746539 0.486102 0.765258 0.483409 0.746223 0.478836 0.746944 0.075751 0.332697 0.070995 0.332310 0.078063 0.313673 0.080516 0.332679 0.085269 0.332257 0.045499 0.345712 0.040926 0.344992 0.048189 0.326677 0.050135 0.345756 0.054790 0.345395 0.598157 0.297496 0.593523 0.296882 0.602825 0.297684 0.608235 0.378999 0.613403 0.379795 0.603055 0.399074 0.494281 0.664365 0.489073 0.664699 
						0.487431 0.644407 0.483900 0.664506 0.478831 0.663526 0.070445 0.414212 0.075765 0.413679 0.078509 0.433845 0.081104 0.413659 0.086428 0.414153 0.040929 0.428410 0.045998 0.427429 0.049531 0.447528 0.051171 0.427235 0.056379 0.427569 0.592619 0.379842 0.597784 0.379022 0.603009 0.378758 
					</float_array>
					<technique_common>
						<accessor count="144" offset="0" source="#meshId13-tex0-array" stride="2">
							<param name="S" type="float" />
							<param name="T" type="float" />
						</accessor>
					</technique_common>
				</source>
				<vertices id="meshId13-vertices">
					<input semantic="POSITION" source="#meshId13-positions" />
				</vertices>
				<polylist count="156" material="defaultMaterial">
					<input offset="0" semantic="VERTEX" source="#meshId13-vertices" />
					<input offset="0" semantic="NORMAL" source="#meshId13-normals" />
					<input offset="0" semantic="TANGENT" source="#meshId13-tangents" />
					<input offset="0" semantic="BINORMAL" source="#meshId13-bitangents" />
					<input offset="0" semantic="TEXCOORD" source="#meshId13-tex0" set="0" />
					<vcount>
						3 3 3 3 3 3 3 3 3 3 3 3 3 3 3 3 3 3 3 3 3 3 3 3 3 3 3 3 3 3 3 3 3 3 3 3 3 3 3 3 3 3 3 3 3 3 3 3 3 3 3 3 3 3 3 3 3 3 3 3 3 3 3 3 
						3 3 3 3 3 3 3 3 3 3 3 3 3 3 3 3 3 3 3 3 3 3 3 3 3 3 3 3 3 3 3 3 3 3 3 3 3 3 3 3 3 3 3 3 3 3 3 3 3 3 3 3 3 3 3 3 3 3 3 3 3 3 3 3 
						3 3 3 3 3 3 3 3 3 3 3 3 3 3 3 3 3 3 3 3 3 3 3 3 3 3 3 3 
					</vcount>
					<p>
						0 1 2 2 3 0 4 5 6 6 7 4 7 6 8 8 9 7 10 11 12 12 13 10 13 12 14 14 15 13 15 14 16 16 17 15 17 16 18 18 19 17 19 18 20 20 21 19 22 23 24 24 25 22 25 24 26 26 27 25 28 29 30 30 31 28 31 30 32 32 33 31 33 32 1 1 0 33 34 0 3 3 35 34 36 4 7 7 37 36 37 7 9 9 38 37 39 10 13 13 40 39 40 13 15 15 41 40 41 15 17 17 42 41 42 17 19 19 43 42 43 19 21 21 44 43 45 22 25 25 46 45 46 25 27 27 47 46 48 28 31 31 49 48 49 31 33 33 50 49 50 33 0 0 34 50 51 34 35 35 52 51 53 36 37 37 54 53 54 37 38 38 55 54 56 39 40 40 57 56 57 40 41 41 58 57 58 41 42 42 59 58 
						59 42 43 43 60 59 60 43 44 44 61 60 62 45 46 46 63 62 63 46 47 47 64 63 65 48 49 49 66 65 66 49 50 50 67 66 67 50 34 34 51 67 68 51 52 52 69 68 70 53 54 54 71 70 71 54 55 55 72 71 73 56 57 57 74 73 74 57 58 58 75 74 75 58 59 59 76 75 76 59 60 60 77 76 77 60 61 61 78 77 79 62 63 63 80 79 80 63 64 64 81 80 82 65 66 66 83 82 83 66 67 67 84 83 84 67 51 51 68 84 85 68 69 69 86 85 87 70 71 71 88 87 88 71 72 72 89 88 90 73 74 74 91 90 91 74 75 75 92 91 92 75 76 76 93 92 93 76 77 77 94 93 94 77 78 78 95 94 96 79 80 80 97 96 97 80 81 81 98 97 99 82 83 83 100 99 100 83 84 84 101 100 
						101 84 68 68 85 101 102 103 104 105 106 107 108 105 107 109 108 107 110 111 112 113 110 112 114 113 112 115 116 117 118 115 117 119 118 117 120 121 104 122 120 104 103 122 104 123 124 125 126 127 128 127 129 128 129 130 128 131 132 133 132 134 133 134 135 133 136 137 138 137 139 138 139 140 138 141 142 125 142 143 125 143 123 125 
					</p>
				</polylist>
			</mesh>
		</geometry>
		<geometry id="meshId14" name="meshId14_name" >
			<mesh>
				<source id="meshId14-positions" name="meshId14-positions">
					<float_array id="meshId14-positions-array" count="438"> 
						-17.722332 10.787106 31.677486 -17.754471 10.747027 31.694637 -17.788076 10.747027 31.656704 -17.767649 10.787106 31.626335 -17.767649 10.787106 31.626335 -17.788076 10.747027 31.656704 -17.835459 10.747027 31.638735 -17.831547 10.787106 31.602100 -17.885765 10.747027 31.644842 -17.899387 10.787106 31.610338 -17.927471 10.747027 31.673630 -17.955629 10.787106 31.649158 -17.955629 10.787106 31.649158 -17.927471 10.747027 31.673630 -17.951021 10.747027 31.718500 -17.987387 10.787106 31.709669 -17.951021 10.747027 31.769176 -17.987387 10.787106 31.778008 -17.927471 10.747027 31.814049 -17.955629 10.787106 31.838518 -17.955629 10.787106 31.838518 -17.927471 10.747027 31.814049 -17.885765 10.747027 31.842834 -17.899387 10.787106 31.877340 -17.835459 10.747027 31.848944 -17.831547 10.787106 31.885578 -17.788076 10.747027 31.830975 -17.767649 10.787106 31.861343 -17.767649 10.787106 31.861343 -17.788076 10.747027 31.830975 -17.754471 10.747027 31.793041 -17.722332 10.787106 31.810192 -17.742344 10.747027 31.743839 -17.705976 10.787106 31.743839 -17.699347 10.823479 31.665222 -17.753040 10.823479 31.604614 -17.753040 10.823479 31.604614 -17.828749 10.823479 31.575899 -17.909130 10.823479 31.585659 -17.975767 10.823479 31.631657 -17.975767 10.823479 31.631657 -18.013397 10.823479 31.703354 -18.013397 10.823479 31.784325 -17.975767 10.823479 31.856022 -17.975767 10.823479 31.856022 -17.909130 10.823479 31.902018 -17.828749 10.823479 31.911777 -17.753040 10.823479 31.883064 -17.753040 10.823479 31.883064 -17.699347 10.823479 31.822456 -17.679968 10.823479 31.743839 -17.699347 10.870966 31.665222 -17.753040 10.870966 31.604614 -17.753040 10.870966 31.604614 -17.753040 10.823479 31.604614 -17.828749 10.823479 31.575899 -17.828749 10.870966 31.575899 -17.909130 10.823479 31.585659 -17.909130 10.870966 31.585659 -17.909130 10.870966 31.585659 -17.909130 10.823479 31.585659 -17.975767 10.870966 31.631657 -18.013397 10.870966 31.703354 -18.013397 10.870966 31.784325 
						-17.975767 10.870966 31.856022 -17.909130 10.823479 31.902018 -17.909130 10.870966 31.902018 -17.909130 10.870966 31.902018 -17.909130 10.823479 31.902018 -17.828749 10.823479 31.911777 -17.828749 10.870966 31.911777 -17.753040 10.823479 31.883064 -17.753040 10.870966 31.883064 -17.753040 10.870966 31.883064 -17.699347 10.870966 31.822456 -17.679968 10.870966 31.743839 -17.722332 10.907339 31.677486 -17.767649 10.907339 31.626335 -17.767649 10.907339 31.626335 -17.753040 10.870966 31.604614 -17.828749 10.870966 31.575899 -17.831547 10.907339 31.602100 -17.909130 10.870966 31.585659 -17.899387 10.907339 31.610338 -17.975767 10.870966 31.631657 -17.955629 10.907339 31.649158 -17.955629 10.907339 31.649158 -17.987387 10.907339 31.709669 -17.987387 10.907339 31.778008 -17.955629 10.907339 31.838518 -17.955629 10.907339 31.838518 -17.975767 10.870966 31.856022 -17.909130 10.870966 31.902018 -17.899387 10.907339 31.877340 -17.828749 10.870966 31.911777 -17.831547 10.907339 31.885578 -17.753040 10.870966 31.883064 -17.767649 10.907339 31.861343 -17.767649 10.907339 31.861343 -17.722332 10.907339 31.810192 -17.705976 10.907339 31.743839 -17.743717 10.947417 31.688898 -17.781240 10.947417 31.646542 -17.781240 10.947417 31.646542 -17.834150 10.947417 31.626476 -17.890324 10.947417 31.633297 -17.936892 10.947417 31.665443 -17.936892 10.947417 31.665443 -17.963188 10.947417 31.715546 -17.963188 10.947417 31.772133 -17.936892 10.947417 31.822235 -17.936892 10.947417 31.822235 -17.890324 10.947417 31.854382 -17.834150 10.947417 31.861202 -17.781240 10.947417 31.841137 -17.781240 10.947417 31.841137 -17.743717 10.947417 31.798780 -17.730177 10.947417 31.743839 -17.788076 10.747027 31.656704 -17.754471 10.747027 31.694637 -17.848757 10.747027 31.743839 -17.835459 10.747027 31.638735 -17.885765 10.747027 31.644842 -17.927471 10.747027 31.673630 -17.951021 10.747027 31.718500 -17.951021 10.747027 31.769176 -17.927471 10.747027 31.814049 -17.885765 10.747027 31.842834 
						-17.835459 10.747027 31.848944 -17.788076 10.747027 31.830975 -17.754471 10.747027 31.793041 -17.742344 10.747027 31.743839 -17.743717 10.947417 31.688898 -17.781240 10.947417 31.646542 -17.848757 10.995526 31.743839 -17.834150 10.947417 31.626476 -17.890324 10.947417 31.633297 -17.936892 10.947417 31.665443 -17.963188 10.947417 31.715546 -17.963188 10.947417 31.772133 -17.936892 10.947417 31.822235 -17.890324 10.947417 31.854382 -17.834150 10.947417 31.861202 -17.781240 10.947417 31.841137 -17.743717 10.947417 31.798780 -17.730177 10.947417 31.743839 
					</float_array>
					<technique_common>
						<accessor count="146" offset="0" source="#meshId14-positions-array" stride="3">
							<param name="X" type="float" />
							<param name="Y" type="float" />
							<param name="Z" type="float" />
						</accessor>
					</technique_common>
				</source>
				<source id="meshId14-normals" name="meshId14-normals">
					<float_array id="meshId14-normals-array" count="438"> 
						0.692385 -0.623331 -0.363402 0.655455 -0.672614 -0.343466 0.420176 -0.674317 -0.607247 0.443399 -0.625098 -0.642378 0.443399 -0.625098 -0.642378 0.420176 -0.674317 -0.607247 0.089736 -0.676720 -0.730752 0.093835 -0.627565 -0.772889 -0.259369 -0.679244 -0.686554 -0.275342 -0.630167 -0.726000 -0.547458 -0.681315 -0.485901 -0.579885 -0.632311 -0.513728 -0.579885 -0.632311 -0.513728 -0.547458 -0.681315 -0.485901 -0.709621 -0.682466 -0.175152 -0.751247 -0.633516 -0.185163 -0.709619 -0.682470 0.175144 -0.751246 -0.633518 0.185160 -0.547454 -0.681329 0.485886 -0.579884 -0.632317 0.513721 -0.579884 -0.632317 0.513721 -0.547454 -0.681329 0.485886 -0.259363 -0.679250 0.686549 -0.275341 -0.630171 0.725997 0.089738 -0.676710 0.730761 0.093836 -0.627563 0.772890 0.420190 -0.674297 0.607259 0.443407 -0.625091 0.642379 0.443407 -0.625091 0.642379 0.420190 -0.674297 0.607259 0.655461 -0.672602 0.343479 0.692389 -0.623326 0.363405 0.740547 -0.672005 0.000001 0.782476 -0.622681 0.000000 0.852452 -0.269990 -0.447695 0.546423 -0.271124 -0.792410 0.546423 -0.271124 -0.792410 0.115436 -0.272700 -0.955149 -0.341467 -0.274374 -0.898954 -0.719725 -0.275767 -0.637141 -0.719725 -0.275767 -0.637141 -0.933102 -0.276559 -0.229860 -0.933102 -0.276559 0.229860 -0.719725 -0.275768 0.637140 -0.719725 -0.275768 0.637140 -0.341468 -0.274375 0.898954 0.115437 -0.272703 0.955148 0.546425 -0.271127 0.792408 0.546425 -0.271127 0.792408 0.852455 -0.269989 0.447691 0.962983 -0.269563 0.000000 0.852451 0.269989 -0.447698 0.546422 0.271123 -0.792411 0.546422 0.271123 -0.792411 0.546423 -0.271124 -0.792410 0.115436 -0.272700 -0.955149 0.115436 0.272700 -0.955149 -0.341467 -0.274374 -0.898954 -0.341466 0.274372 -0.898956 -0.341466 0.274372 -0.898956 -0.341467 -0.274374 -0.898954 -0.719724 0.275766 -0.637143 -0.933102 0.276559 -0.229862 -0.933101 0.276558 0.229864 
						-0.719723 0.275765 0.637144 -0.341468 -0.274375 0.898954 -0.341468 0.274373 0.898954 -0.341468 0.274373 0.898954 -0.341468 -0.274375 0.898954 0.115437 -0.272703 0.955148 0.115437 0.272702 0.955148 0.546425 -0.271127 0.792408 0.546424 0.271126 0.792408 0.546424 0.271126 0.792408 0.852453 0.269989 0.447694 0.962983 0.269563 0.000000 0.736510 0.555129 -0.386504 0.471886 0.556928 -0.683487 0.471886 0.556928 -0.683487 0.546422 0.271123 -0.792411 0.115436 0.272700 -0.955149 0.100012 0.559455 -0.822805 -0.341466 0.274372 -0.898956 -0.293187 0.562120 -0.773345 -0.719724 0.275766 -0.637143 -0.617893 0.564326 -0.547489 -0.617893 0.564326 -0.547489 -0.800730 0.565572 -0.197384 -0.800729 0.565571 0.197388 -0.617892 0.564326 0.547490 -0.617892 0.564326 0.547490 -0.719723 0.275765 0.637144 -0.341468 0.274373 0.898954 -0.293194 0.562123 0.773340 0.115437 0.272702 0.955148 0.100013 0.559456 0.822804 0.546424 0.271126 0.792408 0.471888 0.556928 0.683485 0.471888 0.556928 0.683485 0.736510 0.555130 0.386502 0.832200 0.554475 0.000000 0.757876 0.517498 -0.397267 0.486115 0.519242 -0.702908 0.486115 0.519242 -0.702908 0.103739 0.521740 -0.846773 -0.301145 0.524372 -0.796458 -0.635955 0.526542 -0.564195 -0.635955 0.526542 -0.564195 -0.824663 0.527754 -0.203487 -0.824663 0.527752 0.203489 -0.635954 0.526545 0.564192 -0.635954 0.526545 0.564192 -0.301155 0.524381 0.796449 0.103740 0.521739 0.846774 0.486115 0.519237 0.702912 0.486115 0.519237 0.702912 0.757871 0.517502 0.397270 0.856048 0.516896 0.000000 0.000000 -1.000000 0.000003 0.000000 -1.000000 -0.000023 0.000000 -1.000000 0.000002 0.000000 -1.000000 0.000009 0.000000 -1.000000 0.000006 0.000000 -1.000000 0.000000 0.000000 -1.000000 0.000000 0.000000 -1.000000 0.000000 0.000000 -1.000000 0.000006 0.000000 -1.000000 0.000003 
						0.000000 -1.000000 -0.000003 0.000000 -1.000000 0.000000 0.000000 -1.000000 0.000023 0.000000 -1.000000 0.000000 0.333019 0.926599 -0.174679 0.213927 0.926472 -0.309652 -0.000535 1.000000 -0.000002 0.045603 0.926298 -0.374022 -0.133617 0.926105 -0.352811 -0.282598 0.925947 -0.250519 -0.366884 0.925858 -0.090463 -0.366877 0.925860 0.090471 -0.282597 0.925946 0.250527 -0.133617 0.926105 0.352811 0.045612 0.926298 0.374022 0.213922 0.926475 0.309646 0.333022 0.926602 0.174657 0.375936 0.926646 -0.000017 
					</float_array>
					<technique_common>
						<accessor count="146" offset="0" source="#meshId14-normals-array" stride="3">
							<param name="X" type="float" />
							<param name="Y" type="float" />
							<param name="Z" type="float" />
						</accessor>
					</technique_common>
				</source>
				<source id="meshId14-tangents" name="meshId14-tangents">
					<float_array id="meshId14-tangents-array" count="438"> 
						0.631168 0.767290 -0.113550 0.685076 0.720942 -0.104463 0.730620 0.648272 -0.214331 0.681175 0.700818 -0.211788 0.890784 0.386880 0.238387 0.903388 0.374027 0.209749 0.995100 0.091505 0.037458 0.994658 0.092636 0.045542 0.960199 -0.257668 -0.107823 0.952866 -0.278982 -0.119227 0.831956 -0.505718 -0.228252 0.806521 -0.534668 -0.252299 -0.183432 0.715717 -0.673871 -0.260376 0.690503 -0.674840 -0.418127 0.607982 -0.674928 -0.368010 0.634939 -0.679279 -0.636838 0.514901 -0.573859 -0.604539 0.547877 -0.578241 -0.828320 0.358565 -0.430484 -0.811819 0.395505 -0.429565 0.807007 -0.532264 0.255802 0.832079 -0.505007 0.229373 0.960112 -0.258249 0.107205 0.952802 -0.279349 0.118881 0.995229 0.089135 -0.039673 0.994820 0.089592 -0.048034 0.903341 0.374330 -0.209409 0.890651 0.387758 -0.237456 0.679573 0.701763 0.213797 0.713193 0.659167 0.238445 0.671598 0.727130 0.142259 0.632013 0.766925 0.111295 0.671767 0.740285 0.026581 0.622677 0.782471 -0.003492 0.279160 0.959101 -0.046856 0.321942 0.941451 -0.100116 0.812772 0.399924 0.423629 0.990620 0.102393 0.090489 0.911236 -0.331022 -0.245099 0.641621 -0.614738 -0.458715 0.241059 0.761368 -0.601839 -0.055813 0.742819 -0.667162 -0.359365 0.693441 -0.624497 -0.626795 0.652730 -0.425524 0.644781 -0.605757 0.466172 0.911844 -0.328622 0.246064 0.990860 0.099171 -0.091439 0.812129 0.402689 -0.422242 0.324224 0.940855 0.098342 0.283473 0.958223 0.038111 0.269553 0.962946 -0.008684 -0.280788 0.958781 0.043561 -0.313316 0.943624 0.106807 0.154125 -0.962545 -0.223054 -0.153701 -0.962544 0.223348 -0.032463 -0.962099 0.270761 0.032934 -0.962099 -0.270704 0.097509 -0.961623 0.256463 -0.097428 -0.961624 -0.256492 0.717964 0.693394 -0.061084 0.529020 0.734450 -0.425113 0.624478 0.658145 -0.420562 0.359430 0.696887 -0.620611 0.054018 0.739736 -0.670725 
						-0.244648 0.758121 -0.604482 -0.718745 0.692536 -0.061643 -0.529657 0.733941 -0.425199 -0.097670 -0.961623 0.256400 0.097188 -0.961623 -0.256586 -0.032977 -0.962098 -0.270702 0.032464 -0.962099 0.270763 -0.154128 -0.962544 -0.223057 0.153702 -0.962544 0.223349 -0.311257 0.944123 -0.108401 -0.276169 0.959653 -0.052882 -0.269553 0.962947 -0.008639 -0.560266 0.820804 0.111280 -0.600020 0.770867 0.213869 0.873254 -0.402031 0.275314 0.812023 -0.403144 0.422011 0.990935 -0.098134 0.091743 0.993884 -0.095080 0.056158 0.910833 0.332595 -0.244466 0.943403 0.301260 -0.138682 0.643499 0.609445 -0.463126 0.773770 0.560066 -0.295982 0.786149 0.455211 -0.418034 0.561103 0.592771 -0.577742 0.305219 0.668738 -0.677961 0.099583 0.746880 -0.657460 0.773473 0.561352 0.294320 0.641034 0.616372 0.457342 0.910331 0.334539 0.243684 0.943345 0.301545 0.138461 0.990708 -0.101233 -0.090832 0.993699 -0.098217 -0.054004 0.812352 -0.401738 -0.422720 0.873127 -0.402783 -0.274618 -0.603377 0.769246 -0.210229 -0.560716 0.820643 -0.110195 -0.554475 0.832200 -0.000199 -0.516175 0.848039 0.119974 -0.552756 0.805690 0.212895 0.863526 -0.408944 0.295105 0.992893 -0.104251 0.057406 0.939986 0.303756 -0.155427 0.757277 0.566589 -0.324819 0.770146 0.479790 -0.420330 0.535559 0.612821 -0.581057 0.278334 0.691822 -0.666268 0.080610 0.772402 -0.629998 0.757203 0.566911 0.324431 0.939682 0.305250 0.154338 0.992733 -0.106519 -0.055990 0.863313 -0.410125 -0.294088 -0.569461 0.798334 -0.195900 -0.528042 0.844184 -0.092329 -0.516797 0.855885 0.019530 1.000000 0.000000 0.000719 1.000000 -0.000000 0.000402 1.000000 0.000000 0.000155 0.999999 -0.000000 -0.001626 0.999991 -0.000000 -0.004169 0.999998 0.000000 -0.001927 1.000000 0.000000 0.000246 1.000000 0.000000 0.000027 0.999998 0.000000 0.002178 0.999990 0.000000 0.004409 
						0.999998 -0.000000 0.001903 1.000000 0.000000 -0.000387 1.000000 0.000000 0.000014 1.000000 0.000000 0.000228 0.941085 -0.338171 0.000284 0.974614 -0.223863 0.003531 1.000000 0.000535 0.000031 0.998793 -0.049127 0.000112 0.990179 0.139534 -0.008735 0.956861 0.290490 -0.005702 0.929666 0.368405 0.000124 0.929671 0.368391 -0.000040 0.956866 0.290473 0.005768 0.990185 0.139483 0.008870 0.998790 -0.049179 -0.000007 0.974615 -0.223859 -0.003526 0.941084 -0.338174 -0.000282 0.926646 -0.375936 -0.000000 
					</float_array>
					<technique_common>
						<accessor count="146" offset="0" source="#meshId14-tangents-array" stride="3">
							<param name="X" type="float" />
							<param name="Y" type="float" />
							<param name="Z" type="float" />
						</accessor>
					</technique_common>
				</source>
				<source id="meshId14-bitangents" name="meshId14-bitangents">
					<float_array id="meshId14-bitangents-array" count="438"> 
						0.349614 -0.150747 0.924686 0.317882 -0.166830 0.933337 0.538188 -0.353610 0.765058 0.582578 -0.343666 0.736544 0.099508 -0.677921 0.728369 0.085689 -0.636711 0.766327 0.041519 -0.730532 0.681615 0.043017 -0.773033 0.632905 -0.103664 -0.687194 0.719040 -0.127409 -0.724609 0.677280 -0.090218 -0.529206 0.843683 -0.115142 -0.560637 0.820018 0.793780 -0.296534 -0.531019 0.795295 -0.242930 -0.555419 0.567105 -0.405708 -0.716794 0.547902 -0.442165 -0.710137 0.301459 -0.518759 -0.800007 0.264881 -0.546338 -0.794577 0.119079 -0.638139 -0.760656 0.068442 -0.666147 -0.742674 0.111687 0.562912 0.818936 0.089097 0.529867 0.843388 0.104482 0.686969 0.719136 0.127891 0.724464 0.677344 -0.038289 0.730834 0.681480 -0.039100 0.773394 0.632719 -0.086111 0.636554 0.766410 -0.100656 0.677425 0.728672 -0.584441 0.341744 0.735962 -0.561067 0.332901 0.757879 -0.345437 0.137435 0.928324 -0.348077 0.152617 0.924960 -0.017863 -0.019684 0.999647 0.002175 0.002733 0.999994 0.442035 -0.085036 0.892958 0.773159 -0.200404 0.601717 0.202048 -0.875530 0.438890 0.073124 -0.956635 0.281962 -0.230325 -0.902853 0.363053 -0.265176 -0.738952 0.619380 0.651066 -0.586747 -0.481500 0.355254 -0.609701 -0.708562 0.013316 -0.665323 -0.746437 -0.298535 -0.705617 -0.642637 0.257397 0.746331 0.613788 0.227902 0.903729 0.362401 -0.069787 0.956973 0.281658 -0.204613 0.874261 0.440229 -0.772204 0.203181 0.602012 -0.439277 0.094421 0.893376 0.002341 0.008363 0.999962 0.441005 0.088575 0.893123 0.776696 0.189913 0.600564 -0.823206 -0.000248 -0.567742 -0.823285 -0.000248 -0.567628 -0.992784 -0.000249 -0.119914 -0.992769 -0.000207 -0.120042 -0.934822 -0.000082 0.355117 -0.934831 0.000000 0.355093 0.606571 -0.666276 -0.433760 0.776877 -0.620727 -0.105641 0.303356 -0.700570 -0.645892 -0.011448 -0.661712 -0.749670 -0.355533 -0.613438 -0.705188 
						-0.649728 -0.590936 -0.478172 -0.605644 -0.667168 -0.433684 -0.776442 -0.621330 -0.105294 0.934805 -0.000248 0.355162 0.934855 -0.000248 0.355029 0.992767 -0.000248 -0.120055 0.992784 -0.000248 -0.119915 0.823204 -0.000249 -0.567746 0.823284 -0.000249 -0.567630 -0.777521 -0.187410 0.600282 -0.443909 -0.078559 0.892622 -0.002329 0.008319 0.999963 0.379019 0.134586 0.915550 0.645987 0.309184 0.697929 -0.121453 -0.726775 -0.676053 -0.205039 -0.874052 -0.440445 -0.068715 -0.957081 -0.281556 -0.046814 -0.823389 -0.565543 0.231914 -0.902275 -0.363477 0.155022 -0.770236 -0.618631 0.260589 -0.743324 -0.616087 0.139600 -0.606516 -0.782720 0.013315 -0.688709 -0.724916 -0.209751 -0.573368 -0.791994 -0.515436 -0.482616 -0.708101 -0.779931 -0.351719 -0.517688 -0.141242 0.605326 -0.783346 -0.266599 0.737590 -0.620392 -0.233875 0.901556 -0.364005 -0.155365 0.770122 -0.618687 0.071923 0.956758 -0.281854 0.050601 0.823020 -0.565754 0.203730 0.874698 -0.439769 0.122354 0.726359 -0.676338 -0.642851 -0.313195 0.699036 -0.378352 -0.135559 0.915682 -0.000111 0.000166 1.000000 0.398984 0.114133 0.909827 0.676870 0.285045 0.678672 -0.134219 -0.750435 -0.647173 -0.058326 -0.846711 -0.528847 0.160427 -0.795466 -0.584377 0.148636 -0.633822 -0.759063 0.049373 -0.701823 -0.710638 -0.181954 -0.588155 -0.788014 -0.492403 -0.492809 -0.717412 -0.767505 -0.355171 -0.533657 -0.149019 0.633531 -0.759231 -0.162184 0.794888 -0.584679 0.060985 0.846429 -0.528998 0.135580 0.749794 -0.647632 -0.662877 -0.305051 0.683767 -0.383149 -0.139802 0.913045 0.010095 -0.016718 0.999809 -0.000719 0.000003 1.000000 -0.000402 -0.000023 1.000000 -0.000155 0.000002 1.000000 0.001626 0.000009 0.999999 0.004169 0.000006 0.999991 0.001927 0.000000 0.999998 -0.000246 0.000000 1.000000 -0.000027 0.000000 1.000000 -0.002178 0.000006 0.999998 -0.004409 0.000003 0.999990 
						-0.001903 -0.000003 0.999998 0.000387 0.000000 1.000000 -0.000014 0.000023 1.000000 -0.000228 0.000000 1.000000 -0.058808 -0.164482 -0.984625 -0.066048 -0.302546 -0.950844 0.000031 -0.000002 -1.000000 -0.018270 -0.373576 -0.927420 0.041140 -0.350513 -0.935654 0.067494 -0.241323 -0.968095 0.033441 -0.084055 -0.995900 -0.033365 0.084094 -0.995899 -0.067430 0.241351 -0.968092 -0.040997 0.350533 -0.935653 0.018387 0.373570 -0.927420 0.066050 0.302540 -0.950845 0.058803 0.164461 -0.984629 -0.000006 -0.000016 -1.000000 
					</float_array>
					<technique_common>
						<accessor count="146" offset="0" source="#meshId14-bitangents-array" stride="3">
							<param name="X" type="float" />
							<param name="Y" type="float" />
							<param name="Z" type="float" />
						</accessor>
					</technique_common>
				</source>
				<source id="meshId14-tex0" name="meshId14-tex0">
					<float_array id="meshId14-tex0-array" count="292"> 
						0.414557 0.644143 0.410208 0.645131 0.409259 0.640871 0.413575 0.638644 0.787810 0.130308 0.785912 0.134202 0.782067 0.132726 0.782417 0.128315 0.778074 0.133212 0.776595 0.129027 0.774699 0.135569 0.771844 0.132257 0.786663 0.181310 0.782171 0.182875 0.779829 0.179190 0.783511 0.176678 0.776824 0.175738 0.779819 0.172437 0.773497 0.172911 0.775665 0.168678 0.771847 0.150505 0.774701 0.147192 0.778077 0.149548 0.776599 0.153733 0.782070 0.150033 0.782421 0.154444 0.785914 0.148556 0.787814 0.152449 0.413573 0.660894 0.409257 0.658666 0.410206 0.654406 0.414555 0.655396 0.410459 0.649769 0.414793 0.649769 0.418081 0.643484 0.417605 0.637079 0.789462 0.127051 0.782778 0.124666 0.775308 0.125584 0.769403 0.129506 0.790439 0.179653 0.786401 0.174617 0.782258 0.169858 0.777826 0.165165 0.769407 0.153257 0.775313 0.157177 0.782783 0.158092 0.789467 0.155705 0.417602 0.662460 0.418079 0.656055 0.418202 0.649770 0.421863 0.643474 0.422222 0.637054 0.327408 0.000000 0.331316 0.000001 0.331315 0.006665 0.327407 0.006664 0.331314 0.013328 0.327406 0.013328 0.797897 0.182047 0.794909 0.184646 0.793571 0.176939 0.789192 0.172195 0.785042 0.167428 
						0.780946 0.162437 0.773495 0.160050 0.776481 0.157449 0.323316 0.000000 0.327224 0.000001 0.327222 0.006665 0.323314 0.006664 0.327221 0.013329 0.323313 0.013328 0.422219 0.662486 0.421861 0.656066 0.421797 0.649770 0.425405 0.644113 0.426181 0.638558 0.174369 0.621931 0.176000 0.625198 0.169198 0.627597 0.168845 0.623943 0.161533 0.626655 0.162814 0.623204 0.155518 0.622690 0.157941 0.619924 0.795728 0.173488 0.791654 0.169610 0.787940 0.165344 0.784661 0.160776 0.157942 0.600347 0.155519 0.597580 0.161534 0.593616 0.162815 0.597067 0.169199 0.592674 0.168846 0.596328 0.176001 0.595074 0.174370 0.598341 0.426178 0.660983 0.425404 0.655428 0.425239 0.649770 0.429226 0.644723 0.429996 0.639960 0.172979 0.618477 0.168578 0.620164 0.164033 0.619609 0.160169 0.616910 0.797898 0.170118 0.794346 0.166842 0.791052 0.163060 0.788297 0.159090 0.160170 0.603361 0.164033 0.600662 0.168579 0.600108 0.172980 0.601795 0.429994 0.659582 0.429225 0.654819 0.429036 0.649771 0.785912 0.134202 0.788723 0.137324 0.781045 0.141380 0.782067 0.132726 0.778074 0.133212 0.774699 0.135569 0.772725 0.139285 0.772725 0.143477 0.774701 0.147192 0.778077 0.149548 
						0.782070 0.150033 0.785914 0.148556 0.788725 0.145433 0.789736 0.141378 0.176268 0.614848 0.172979 0.618477 0.167451 0.610136 0.168578 0.620164 0.164033 0.619609 0.160169 0.616910 0.157856 0.612579 0.157856 0.607692 0.160170 0.603361 0.164033 0.600662 0.168579 0.600108 0.172980 0.601795 0.176268 0.605424 0.177451 0.610136 
					</float_array>
					<technique_common>
						<accessor count="146" offset="0" source="#meshId14-tex0-array" stride="2">
							<param name="S" type="float" />
							<param name="T" type="float" />
						</accessor>
					</technique_common>
				</source>
				<vertices id="meshId14-vertices">
					<input semantic="POSITION" source="#meshId14-positions" />
				</vertices>
				<polylist count="156" material="defaultMaterial">
					<input offset="0" semantic="VERTEX" source="#meshId14-vertices" />
					<input offset="0" semantic="NORMAL" source="#meshId14-normals" />
					<input offset="0" semantic="TANGENT" source="#meshId14-tangents" />
					<input offset="0" semantic="BINORMAL" source="#meshId14-bitangents" />
					<input offset="0" semantic="TEXCOORD" source="#meshId14-tex0" set="0" />
					<vcount>
						3 3 3 3 3 3 3 3 3 3 3 3 3 3 3 3 3 3 3 3 3 3 3 3 3 3 3 3 3 3 3 3 3 3 3 3 3 3 3 3 3 3 3 3 3 3 3 3 3 3 3 3 3 3 3 3 3 3 3 3 3 3 3 3 
						3 3 3 3 3 3 3 3 3 3 3 3 3 3 3 3 3 3 3 3 3 3 3 3 3 3 3 3 3 3 3 3 3 3 3 3 3 3 3 3 3 3 3 3 3 3 3 3 3 3 3 3 3 3 3 3 3 3 3 3 3 3 3 3 
						3 3 3 3 3 3 3 3 3 3 3 3 3 3 3 3 3 3 3 3 3 3 3 3 3 3 3 3 
					</vcount>
					<p>
						0 1 2 2 3 0 4 5 6 6 7 4 7 6 8 8 9 7 9 8 10 10 11 9 12 13 14 14 15 12 15 14 16 16 17 15 17 16 18 18 19 17 20 21 22 22 23 20 23 22 24 24 25 23 25 24 26 26 27 25 28 29 30 30 31 28 31 30 32 32 33 31 33 32 1 1 0 33 34 0 3 3 35 34 36 4 7 7 37 36 37 7 9 9 38 37 38 9 11 11 39 38 40 12 15 15 41 40 41 15 17 17 42 41 42 17 19 19 43 42 44 20 23 23 45 44 45 23 25 25 46 45 46 25 27 27 47 46 48 28 31 31 49 48 49 31 33 33 50 49 50 33 0 0 34 50 51 34 35 35 52 51 53 54 55 55 56 53 56 55 57 57 58 56 59 60 40 40 61 59 61 40 41 41 62 61 62 41 42 42 63 62 
						63 42 43 43 64 63 64 43 65 65 66 64 67 68 69 69 70 67 70 69 71 71 72 70 73 48 49 49 74 73 74 49 50 50 75 74 75 50 34 34 51 75 76 51 52 52 77 76 78 79 80 80 81 78 81 80 82 82 83 81 83 82 84 84 85 83 86 61 62 62 87 86 87 62 63 63 88 87 88 63 64 64 89 88 90 91 92 92 93 90 93 92 94 94 95 93 95 94 96 96 97 95 98 73 74 74 99 98 99 74 75 75 100 99 100 75 51 51 76 100 101 76 77 77 102 101 103 78 81 81 104 103 104 81 83 83 105 104 105 83 85 85 106 105 107 86 87 87 108 107 108 87 88 88 109 108 109 88 89 89 110 109 111 90 93 93 112 111 112 93 95 95 113 112 113 95 97 97 114 113 115 98 99 99 116 115 116 99 100 100 117 116 
						117 100 76 76 101 117 118 119 120 121 118 120 122 121 120 123 122 120 124 123 120 125 124 120 126 125 120 127 126 120 128 127 120 129 128 120 130 129 120 131 130 120 119 131 120 132 133 134 133 135 134 135 136 134 136 137 134 137 138 134 138 139 134 139 140 134 140 141 134 141 142 134 142 143 134 143 144 134 144 145 134 145 132 134 
					</p>
				</polylist>
			</mesh>
		</geometry>
		<geometry id="meshId15" name="meshId15_name" >
			<mesh>
				<source id="meshId15-positions" name="meshId15-positions">
					<float_array id="meshId15-positions-array" count="438"> 
						-17.697136 10.416947 31.664261 -17.735680 10.382171 31.684830 -17.775982 10.382171 31.639339 -17.751484 10.416947 31.602915 -17.832808 10.382171 31.617786 -17.828117 10.416947 31.573853 -17.893141 10.382171 31.625113 -17.909477 10.416947 31.583731 -17.943157 10.382171 31.659637 -17.976929 10.416947 31.630289 -17.976929 10.416947 31.630289 -17.943157 10.382171 31.659637 -17.971401 10.382171 31.713451 -18.015017 10.416947 31.702860 -17.971401 10.382171 31.774227 -18.015017 10.416947 31.784819 -17.943157 10.382171 31.828041 -17.976929 10.416947 31.857389 -17.976929 10.416947 31.857389 -17.943157 10.382171 31.828041 -17.893141 10.382171 31.862564 -17.909477 10.416947 31.903948 -17.832808 10.382171 31.869892 -17.828117 10.416947 31.913824 -17.775982 10.382171 31.848339 -17.751484 10.416947 31.884764 -17.735680 10.382171 31.802849 -17.697136 10.416947 31.823418 -17.697136 10.416947 31.823418 -17.735680 10.382171 31.802849 -17.721136 10.382171 31.743839 -17.677521 10.416947 31.743839 -17.735680 10.382171 31.684830 -17.697136 10.416947 31.664261 -17.669567 10.448510 31.649551 -17.751484 10.416947 31.602915 -17.733963 10.448510 31.576866 -17.733963 10.448510 31.576866 -17.824760 10.448510 31.542431 -17.921162 10.448510 31.554134 -18.001081 10.448510 31.609299 -18.001081 10.448510 31.609299 -18.046209 10.448510 31.695286 -18.046209 10.448510 31.792393 -18.001081 10.448510 31.878380 -18.001081 10.448510 31.878380 -17.921162 10.448510 31.933544 -17.824760 10.448510 31.945248 -17.733963 10.448510 31.910812 -17.733963 10.448510 31.910812 -17.751484 10.416947 31.884764 -17.669567 10.448510 31.838127 -17.646328 10.448510 31.743839 -17.669567 10.489715 31.649551 -17.733963 10.489715 31.576866 -17.733963 10.489715 31.576866 -17.733963 10.448510 31.576866 -17.824760 10.448510 31.542431 -17.824760 10.489715 31.542431 -17.921162 10.448510 31.554134 -17.921162 10.489715 31.554134 -17.921162 10.489715 31.554134 -17.921162 10.448510 31.554134 -18.001081 10.489715 31.609299 
						-18.046209 10.489715 31.695286 -18.046209 10.489715 31.792393 -18.001081 10.489715 31.878380 -17.921162 10.448510 31.933544 -17.921162 10.489715 31.933544 -17.921162 10.489715 31.933544 -17.921162 10.448510 31.933544 -17.824760 10.448510 31.945248 -17.824760 10.489715 31.945248 -17.733963 10.448510 31.910812 -17.733963 10.489715 31.910812 -17.733963 10.489715 31.910812 -17.669567 10.489715 31.838127 -17.646328 10.489715 31.743839 -17.697136 10.521277 31.664261 -17.751484 10.521277 31.602915 -17.751484 10.521277 31.602915 -17.733963 10.489715 31.576866 -17.824760 10.489715 31.542431 -17.828117 10.521277 31.573853 -17.921162 10.489715 31.554134 -17.909477 10.521277 31.583731 -18.001081 10.489715 31.609299 -17.976929 10.521277 31.630289 -17.976929 10.521277 31.630289 -18.015017 10.521277 31.702860 -18.015017 10.521277 31.784819 -17.976929 10.521277 31.857389 -17.976929 10.521277 31.857389 -18.001081 10.489715 31.878380 -17.909477 10.521277 31.903948 -17.828117 10.521277 31.913824 -17.733963 10.489715 31.910812 -17.751484 10.521277 31.884764 -17.751484 10.521277 31.884764 -17.697136 10.521277 31.823418 -17.677521 10.521277 31.743839 -17.722784 10.556054 31.677946 -17.767786 10.556054 31.627151 -17.767786 10.556054 31.627151 -17.831238 10.556054 31.603088 -17.898607 10.556054 31.611267 -17.954456 10.556054 31.649818 -17.954456 10.556054 31.649818 -17.985994 10.556054 31.709908 -17.985994 10.556054 31.777769 -17.954458 10.556054 31.837860 -17.954458 10.556054 31.837860 -17.898607 10.556054 31.876411 -17.831238 10.556054 31.884590 -17.767786 10.556054 31.860525 -17.767786 10.556054 31.860525 -17.722784 10.556054 31.809731 -17.706543 10.556054 31.743839 -17.775982 10.382171 31.639339 -17.735680 10.382171 31.684830 -17.848757 10.382171 31.743839 -17.832808 10.382171 31.617786 -17.893141 10.382171 31.625113 -17.943157 10.382171 31.659637 -17.971401 10.382171 31.713451 -17.971401 10.382171 31.774227 -17.943157 10.382171 31.828041 -17.893141 10.382171 31.862564 
						-17.832808 10.382171 31.869892 -17.775982 10.382171 31.848339 -17.735680 10.382171 31.802849 -17.721136 10.382171 31.743839 -17.722784 10.556054 31.677946 -17.767786 10.556054 31.627151 -17.848757 10.597799 31.743839 -17.831238 10.556054 31.603088 -17.898607 10.556054 31.611267 -17.954456 10.556054 31.649818 -17.985994 10.556054 31.709908 -17.985994 10.556054 31.777769 -17.954458 10.556054 31.837860 -17.898607 10.556054 31.876411 -17.831238 10.556054 31.884590 -17.767786 10.556054 31.860525 -17.722784 10.556054 31.809731 -17.706543 10.556054 31.743839 
					</float_array>
					<technique_common>
						<accessor count="146" offset="0" source="#meshId15-positions-array" stride="3">
							<param name="X" type="float" />
							<param name="Y" type="float" />
							<param name="Z" type="float" />
						</accessor>
					</technique_common>
				</source>
				<source id="meshId15-normals" name="meshId15-normals">
					<float_array id="meshId15-normals-array" count="438"> 
						0.595799 -0.739760 -0.312697 0.551670 -0.782388 -0.289013 0.353447 -0.783792 -0.510632 0.381270 -0.741308 -0.552355 0.075527 -0.785756 -0.613908 0.080623 -0.743470 -0.663891 -0.217554 -0.787821 -0.576202 -0.236234 -0.745742 -0.622947 -0.458952 -0.789525 -0.407447 -0.497110 -0.747612 -0.440407 -0.497110 -0.747612 -0.440407 -0.458952 -0.789525 -0.407447 -0.594645 -0.790472 -0.146802 -0.643694 -0.748656 -0.158657 -0.594647 -0.790471 0.146803 -0.643694 -0.748656 0.158659 -0.458953 -0.789523 0.407451 -0.497108 -0.747610 0.440411 -0.497108 -0.747610 0.440411 -0.458953 -0.789523 0.407451 -0.217554 -0.787819 0.576205 -0.236237 -0.745738 0.622950 0.075523 -0.785754 0.613911 0.080623 -0.743468 0.663894 0.353449 -0.783791 0.510633 0.381268 -0.741308 0.552355 0.551677 -0.782386 0.289008 0.595802 -0.739758 0.312696 0.595802 -0.739758 0.312696 0.551677 -0.782386 0.289008 0.623429 -0.781880 -0.000003 0.673491 -0.739196 0.000001 0.551670 -0.782388 -0.289013 0.595799 -0.739760 -0.312697 0.826827 -0.357413 -0.434296 0.381270 -0.741308 -0.552355 0.529795 -0.358817 -0.768484 0.529795 -0.358817 -0.768484 0.111796 -0.360787 -0.925924 -0.330985 -0.362872 -0.871076 -0.697274 -0.364597 -0.617154 -0.697274 -0.364597 -0.617154 -0.903774 -0.365572 -0.222597 -0.903774 -0.365572 0.222598 -0.697271 -0.364599 0.617156 -0.697271 -0.364599 0.617156 -0.330986 -0.362873 0.871075 0.111796 -0.360787 0.925924 0.529793 -0.358819 0.768484 0.529793 -0.358819 0.768484 0.381268 -0.741308 0.552355 0.826828 -0.357411 0.434296 0.934142 -0.356903 0.000002 0.826828 0.357414 -0.434293 0.529796 0.358818 -0.768483 0.529796 0.358818 -0.768483 0.529795 -0.358817 -0.768484 0.111796 -0.360787 -0.925924 0.111796 0.360789 -0.925923 -0.330985 -0.362872 -0.871076 -0.330986 0.362879 -0.871072 -0.330986 0.362879 -0.871072 -0.330985 -0.362872 -0.871076 -0.697271 0.364601 -0.617155 
						-0.903774 0.365571 -0.222599 -0.903774 0.365573 0.222597 -0.697271 0.364601 0.617154 -0.330986 -0.362873 0.871075 -0.330985 0.362876 0.871074 -0.330985 0.362876 0.871074 -0.330986 -0.362873 0.871075 0.111796 -0.360787 0.925924 0.111796 0.360783 0.925925 0.529793 -0.358819 0.768484 0.529792 0.358814 0.768487 0.529792 0.358814 0.768487 0.826828 0.357412 0.434295 0.934141 0.356903 0.000002 0.650380 0.678617 -0.341299 0.416404 0.680324 -0.603131 0.416404 0.680324 -0.603131 0.529796 0.358818 -0.768483 0.111796 0.360789 -0.925923 0.088168 0.682720 -0.725341 -0.330986 0.362879 -0.871072 -0.258178 0.685246 -0.681015 -0.697271 0.364601 -0.617155 -0.543647 0.687315 -0.481712 -0.543647 0.687315 -0.481712 -0.704180 0.688475 -0.173589 -0.704181 0.688474 0.173586 -0.543646 0.687314 0.481715 -0.543646 0.687314 0.481715 -0.697271 0.364601 0.617154 -0.258177 0.685243 0.681019 0.088170 0.682715 0.725345 0.529792 0.358814 0.768487 0.416404 0.680320 0.603136 0.416404 0.680320 0.603136 0.650382 0.678614 0.341301 0.735064 0.677998 0.000001 0.679564 0.641372 -0.356139 0.435683 0.643113 -0.629751 0.435683 0.643113 -0.629751 0.093051 0.645573 -0.758008 -0.269160 0.648173 -0.712337 -0.568187 0.650304 -0.504250 -0.568187 0.650304 -0.504250 -0.736546 0.651501 -0.181790 -0.736551 0.651495 0.181787 -0.568189 0.650301 0.504252 -0.568189 0.650301 0.504252 -0.269157 0.648176 0.712336 0.093052 0.645578 0.758004 0.435689 0.643113 0.629747 0.435689 0.643113 0.629747 0.679570 0.641369 0.356133 0.767747 0.640753 -0.000004 0.000000 -1.000000 0.000010 0.000000 -1.000000 0.000008 0.000000 -1.000000 0.000001 0.000000 -1.000000 0.000006 0.000000 -1.000000 0.000012 0.000000 -1.000000 -0.000008 0.000000 -1.000000 -0.000016 0.000000 -1.000000 0.000008 0.000000 -1.000000 0.000004 0.000000 -1.000000 -0.000006 
						0.000000 -1.000000 -0.000002 0.000000 -1.000000 0.000000 0.000000 -1.000000 0.000000 0.000000 -1.000000 0.000000 0.249514 0.959487 -0.130872 0.160292 0.959413 -0.232020 -0.000416 1.000000 -0.000002 0.034177 0.959310 -0.280278 -0.100120 0.959202 -0.264401 -0.211778 0.959113 -0.187757 -0.274963 0.959061 -0.067810 -0.274963 0.959060 0.067810 -0.211777 0.959114 0.187753 -0.100117 0.959204 0.264395 0.034177 0.959312 0.280272 0.160290 0.959415 0.232013 0.249511 0.959488 0.130869 0.281656 0.959516 0.000000 
					</float_array>
					<technique_common>
						<accessor count="146" offset="0" source="#meshId15-normals-array" stride="3">
							<param name="X" type="float" />
							<param name="Y" type="float" />
							<param name="Z" type="float" />
						</accessor>
					</technique_common>
				</source>
				<source id="meshId15-tangents" name="meshId15-tangents">
					<float_array id="meshId15-tangents-array" count="438"> 
						0.801049 0.575399 0.165039 0.832947 0.534716 0.142404 0.929710 0.354725 0.099040 0.918652 0.370703 0.136595 0.996624 0.079366 0.021029 0.996102 0.084005 0.026893 0.973637 -0.216637 -0.071411 0.967854 -0.237537 -0.082670 0.886585 -0.436768 -0.152316 0.864321 -0.471323 -0.175511 -0.787424 0.601903 -0.132954 -0.819081 0.553659 -0.150225 -0.790083 0.608349 -0.075369 -0.751431 0.657577 -0.054252 -0.795058 0.605295 0.038754 -0.751118 0.657757 0.056366 -0.830259 0.544383 0.119654 -0.789181 0.600536 0.128648 0.864510 -0.470152 0.177707 0.886607 -0.436602 0.152666 0.973495 -0.217813 0.069751 0.967728 -0.238434 0.081554 0.996851 0.074427 -0.027372 0.996216 0.081800 -0.029376 0.930300 0.351737 -0.104038 0.918382 0.372144 -0.134472 0.833016 0.534169 -0.144043 0.800332 0.579357 -0.154319 0.746248 0.653839 0.124936 0.804629 0.590472 0.062566 0.781847 0.623403 0.009205 0.739185 0.673481 0.005460 0.809927 0.585273 -0.038399 0.751115 0.651084 -0.109155 0.362560 0.928995 -0.074282 0.764039 0.589054 -0.263174 0.389322 0.907880 -0.155503 0.829650 0.407354 0.381763 0.991499 0.102914 0.079613 0.924662 -0.308904 -0.222663 0.681736 -0.603316 -0.413819 -0.360608 0.922516 -0.137574 -0.369999 0.928747 -0.023038 -0.367772 0.929329 0.033035 -0.359683 0.922703 0.138733 0.683453 -0.597740 0.419046 0.924844 -0.308048 0.223090 0.991650 0.100777 -0.080464 0.829765 0.406813 -0.382092 0.390438 0.907558 0.154587 0.749576 0.597598 0.284626 0.367113 0.927922 0.064725 0.356890 0.934107 -0.008586 -0.367837 0.927740 0.063205 -0.401681 0.904186 0.145259 0.203663 -0.933408 -0.295418 -0.203662 -0.933408 0.295418 -0.043247 -0.932648 0.358186 0.043248 -0.932647 -0.358188 0.128890 -0.931839 0.339210 -0.128894 -0.931836 -0.339216 0.128280 0.931836 0.339449 -0.128890 0.931839 -0.339210 0.354904 0.923639 0.144689 
						0.366994 0.929508 0.036484 0.369446 0.928901 -0.025543 0.356283 0.923375 -0.142974 -0.129721 0.931838 0.338895 0.128607 0.931837 -0.339322 0.932236 0.268797 0.242248 0.930889 0.025656 0.364401 0.991142 0.107705 -0.077703 0.992187 0.011405 -0.124240 0.847463 0.188117 -0.496406 0.816990 0.027358 -0.576003 -0.399938 0.904724 -0.146708 -0.363602 0.928760 -0.072103 -0.356890 0.934106 -0.008662 -0.681605 0.719693 0.132125 -0.719271 0.652266 0.239160 0.905113 -0.372865 0.204307 0.830570 -0.402906 0.384475 0.991997 -0.095537 0.082548 0.995534 -0.085062 0.040947 0.923929 0.312291 -0.220974 0.959556 0.263773 -0.098363 0.682507 0.600840 -0.416144 0.833698 0.508495 -0.215360 0.726331 0.672865 0.140338 0.690520 0.720963 0.058265 0.690401 0.721020 -0.058968 0.723529 0.674664 -0.146066 0.833486 0.509623 0.213508 0.681125 0.605270 0.411966 0.959579 0.263638 0.098507 0.995424 -0.087323 -0.038809 0.830771 -0.401922 -0.385069 0.905091 -0.373031 -0.204105 -0.722704 0.650184 -0.234436 -0.682167 0.719447 -0.130552 -0.677998 0.735064 -0.000400 -0.638218 0.756246 0.144116 -0.672647 0.697532 0.246973 0.894893 -0.384639 0.226317 0.994769 -0.092500 0.043336 0.955634 0.271632 -0.113926 0.816076 0.524042 -0.243721 0.693938 0.707993 0.131133 0.656038 0.753531 0.042488 0.650775 0.755843 -0.072057 0.681401 0.715362 -0.154757 0.816011 0.524370 0.243233 0.955620 0.271722 0.113834 0.994634 -0.094846 -0.041322 0.894822 -0.385111 -0.225796 -0.689072 0.688446 -0.226325 -0.649440 0.751734 -0.114560 -0.640621 0.767588 0.020325 0.999996 0.000000 0.002893 1.000000 0.000000 0.000631 1.000000 -0.000000 -0.000154 0.999999 0.000000 0.001152 0.999997 -0.000000 -0.002305 0.999999 0.000000 -0.001373 1.000000 0.000000 -0.000169 1.000000 -0.000000 -0.000134 0.999999 0.000000 0.001082 0.999998 -0.000000 0.002084 
						0.999999 0.000000 -0.001441 0.999995 0.000000 -0.003256 0.999999 0.000000 -0.000980 1.000000 0.000000 -0.000190 0.967820 -0.251643 0.000277 0.986409 -0.164292 0.002110 1.000000 0.000416 0.000137 0.999368 -0.035548 0.000192 0.994724 0.102465 -0.004942 0.976603 0.215026 -0.003138 0.961269 0.275611 0.000214 0.961274 0.275594 0.000055 0.976613 0.214978 0.003385 0.994731 0.102384 0.005227 0.999365 -0.035626 0.000076 0.986402 -0.164342 -0.001887 0.967811 -0.251678 0.000019 0.959516 -0.281656 0.000164 
					</float_array>
					<technique_common>
						<accessor count="146" offset="0" source="#meshId15-tangents-array" stride="3">
							<param name="X" type="float" />
							<param name="Y" type="float" />
							<param name="Z" type="float" />
						</accessor>
					</technique_common>
				</source>
				<source id="meshId15-bitangents" name="meshId15-bitangents">
					<float_array id="meshId15-bitangents-array" count="438"> 
						0.057836 -0.348815 0.935405 0.043125 -0.319293 0.946674 0.103507 -0.509745 0.854076 0.103501 -0.559501 0.822342 0.032200 -0.613423 0.789098 0.035776 -0.663472 0.747345 -0.068568 -0.576547 0.814182 -0.086323 -0.622451 0.777884 -0.057703 -0.431142 0.900437 -0.076360 -0.467901 0.880476 0.364480 0.280694 -0.887899 0.344193 0.264786 -0.900788 0.148884 0.071168 -0.986290 0.144945 0.084298 -0.985842 -0.119493 -0.093672 -0.988406 -0.146558 -0.082889 -0.985723 -0.316279 -0.283374 -0.905354 -0.360662 -0.283612 -0.888531 0.074204 0.469080 0.880033 0.057361 0.431315 0.900376 0.070554 0.576107 0.814324 0.087714 0.622113 0.777999 -0.024184 0.614045 0.788900 -0.032467 0.663750 0.747249 -0.098064 0.511814 0.853481 -0.105871 0.558543 0.822691 -0.041682 0.320213 0.946428 -0.067004 0.342204 0.937234 -0.296875 0.158912 0.941601 -0.219602 0.198028 0.955280 -0.007195 -0.005741 0.999958 -0.004036 -0.003676 0.999985 0.199195 -0.212896 0.956555 0.284341 -0.169837 0.943560 0.430008 -0.096040 0.897702 0.520460 -0.321680 0.790976 0.753489 -0.216803 0.620686 0.176062 -0.839829 0.513507 0.066567 -0.926953 0.369225 -0.188281 -0.879149 0.437776 -0.221462 -0.709281 0.669235 0.619493 0.126624 -0.774722 0.215158 0.061539 -0.974638 -0.218944 -0.052009 -0.974350 -0.620034 -0.125246 -0.774514 0.216115 0.713985 0.665972 0.187379 0.879449 0.437561 -0.064282 0.927188 0.369041 -0.175527 0.840091 0.513262 -0.752913 0.218146 0.620914 -0.541082 0.305513 0.783512 -0.426126 0.105919 0.898442 0.003062 0.008021 0.999963 0.425501 0.107490 0.898551 0.746973 0.231727 0.623164 -0.823309 -0.000000 -0.567593 -0.823310 -0.000000 -0.567592 -0.992790 0.000000 -0.119869 -0.992790 0.000000 -0.119869 -0.934792 0.000000 0.355195 -0.934791 0.000000 0.355198 0.934876 0.000611 -0.354975 0.934792 -0.000000 -0.355195 0.622782 -0.118143 -0.773424 
						0.220245 -0.048719 -0.974227 -0.216108 0.059153 -0.974576 -0.621993 0.120190 -0.773744 -0.934677 -0.000827 -0.355498 -0.934831 -0.000284 -0.355093 -0.146236 0.892227 -0.427254 -0.154579 0.931485 0.329303 -0.071693 0.926408 0.369632 -0.055383 0.932580 -0.356689 0.033555 0.914254 0.403749 -0.227702 0.933008 -0.278654 -0.747910 -0.229623 0.622819 -0.429126 -0.098294 0.897880 -0.003094 0.008091 0.999962 0.335293 0.146700 0.930622 0.556108 0.334228 0.760944 -0.085891 -0.630976 -0.771033 -0.171670 -0.841972 -0.511481 -0.058677 -0.927741 -0.368582 -0.033744 -0.725712 -0.687171 0.191841 -0.877948 -0.438639 0.112230 -0.678868 -0.725633 0.219084 -0.711377 -0.667790 0.096928 -0.518682 -0.849455 0.420584 -0.273588 -0.865020 0.165265 -0.078838 -0.983093 -0.165757 0.078320 -0.983052 -0.425389 0.269126 -0.864069 -0.098746 0.517575 -0.849921 -0.223342 0.707611 -0.670376 -0.112041 0.678923 -0.725610 0.036843 0.725448 -0.687290 0.170704 0.842444 -0.511027 0.086131 0.630883 -0.771082 -0.551641 -0.338268 0.762409 -0.334142 -0.147916 0.930844 -0.000272 0.000294 1.000000 0.361761 0.129358 0.923253 0.598103 0.315998 0.736491 -0.096679 -0.662162 -0.743098 -0.042139 -0.758076 -0.650804 0.119650 -0.711398 -0.692529 0.105755 -0.549985 -0.828451 0.442282 -0.275410 -0.853543 0.164665 -0.087967 -0.982419 -0.184348 0.065228 -0.980694 -0.461361 0.255667 -0.849577 -0.106240 0.549677 -0.828594 -0.119772 0.711362 -0.692545 0.045218 0.757782 -0.650940 0.097310 0.661888 -0.743260 -0.579099 -0.335334 0.743099 -0.341192 -0.153436 0.927386 0.013027 -0.015602 0.999793 -0.002893 0.000010 0.999996 -0.000631 0.000008 1.000000 0.000154 0.000001 1.000000 -0.001152 0.000006 0.999999 0.002305 0.000012 0.999997 0.001373 -0.000008 0.999999 0.000169 -0.000016 1.000000 0.000134 0.000008 1.000000 -0.001082 0.000004 0.999999 -0.002084 -0.000006 0.999998 
						0.001441 -0.000002 0.999999 0.003256 0.000000 0.999995 0.000980 0.000000 0.999999 0.000190 0.000000 1.000000 -0.032667 -0.126730 -0.991399 -0.036095 -0.229205 -0.972709 0.000137 -0.000002 -1.000000 -0.009779 -0.280107 -0.959919 0.022351 -0.263501 -0.964400 0.037363 -0.184029 -0.982210 0.018894 -0.065125 -0.997698 -0.018636 0.065199 -0.997698 -0.037116 0.184079 -0.982210 -0.022056 0.263525 -0.964400 0.010058 0.280091 -0.959921 0.036319 0.229161 -0.972711 0.032955 0.126652 -0.991400 0.000157 -0.000046 -1.000000 
					</float_array>
					<technique_common>
						<accessor count="146" offset="0" source="#meshId15-bitangents-array" stride="3">
							<param name="X" type="float" />
							<param name="Y" type="float" />
							<param name="Z" type="float" />
						</accessor>
					</technique_common>
				</source>
				<source id="meshId15-tex0" name="meshId15-tex0">
					<float_array id="meshId15-tex0-array" count="292"> 
						0.791749 0.424532 0.787894 0.426945 0.784582 0.423206 0.787041 0.419370 0.779994 0.421456 0.780479 0.416908 0.775134 0.422048 0.773541 0.417730 0.771052 0.424875 0.767877 0.421584 0.904917 0.029537 0.900366 0.027415 0.901259 0.022274 0.905798 0.022905 0.901259 0.016792 0.905798 0.016162 0.900365 0.011652 0.904915 0.009529 0.767874 0.442042 0.771049 0.438753 0.775131 0.441581 0.773537 0.445899 0.779991 0.442174 0.780474 0.446723 0.784579 0.440426 0.787037 0.444263 0.787893 0.436688 0.791747 0.439102 0.700335 0.389565 0.695738 0.387974 0.696141 0.382730 0.700631 0.382729 0.695737 0.377485 0.700333 0.375894 0.703865 0.375104 0.699787 0.369187 0.703619 0.367404 0.788809 0.416182 0.780866 0.413269 0.772228 0.414300 0.765314 0.418942 0.908915 0.031002 0.909246 0.023311 0.909246 0.015754 0.908913 0.008063 0.765310 0.444684 0.772222 0.449328 0.780860 0.450362 0.788804 0.447451 0.703623 0.398053 0.699791 0.396272 0.703868 0.390353 0.703978 0.382729 0.707145 0.375106 0.707743 0.367427 0.163704 0.000000 0.167095 0.000000 0.167094 0.007992 0.163703 0.007992 0.167094 0.015984 0.163703 0.015984 0.912476 0.039065 0.909035 0.039065 0.912596 0.031011 
						0.912393 0.023315 0.912392 0.015750 0.912594 0.008054 0.909032 0.000001 0.912473 0.000000 0.244318 0.238025 0.243866 0.234332 0.252568 0.233269 0.253019 0.236961 0.261270 0.232205 0.261721 0.235897 0.707747 0.398029 0.707147 0.390351 0.707052 0.382728 0.710612 0.375894 0.711698 0.369271 0.259122 0.268959 0.260881 0.272118 0.253014 0.274961 0.252640 0.271347 0.244313 0.273893 0.245616 0.270487 0.237369 0.269241 0.239904 0.266612 0.916546 0.029594 0.915864 0.022918 0.915864 0.016146 0.916545 0.009470 0.239907 0.245305 0.237373 0.242675 0.245620 0.241432 0.252645 0.240574 0.260886 0.239805 0.259126 0.242963 0.711702 0.396184 0.710614 0.389561 0.710407 0.382728 0.714285 0.376634 0.715358 0.370956 0.257525 0.265703 0.252316 0.267688 0.246874 0.267025 0.242297 0.263845 0.920286 0.028273 0.919572 0.022540 0.919572 0.016524 0.920284 0.010791 0.242299 0.248073 0.246877 0.244894 0.252320 0.244233 0.257528 0.246219 0.715362 0.394498 0.714287 0.388820 0.714053 0.382727 0.784582 0.423206 0.787894 0.426945 0.778701 0.431815 0.779994 0.421456 0.775134 0.422048 0.771052 0.424875 0.768697 0.429309 0.768696 0.434318 0.771049 0.438753 0.775131 0.441581 
						0.779991 0.442174 0.784579 0.440426 0.787893 0.436688 0.789106 0.431817 0.261333 0.261464 0.257525 0.265703 0.250940 0.255960 0.252316 0.267688 0.246874 0.267025 0.242297 0.263845 0.239623 0.258803 0.239623 0.253114 0.242299 0.248073 0.246877 0.244894 0.252320 0.244233 0.257528 0.246219 0.261335 0.250459 0.262706 0.255962 
					</float_array>
					<technique_common>
						<accessor count="146" offset="0" source="#meshId15-tex0-array" stride="2">
							<param name="S" type="float" />
							<param name="T" type="float" />
						</accessor>
					</technique_common>
				</source>
				<vertices id="meshId15-vertices">
					<input semantic="POSITION" source="#meshId15-positions" />
				</vertices>
				<polylist count="156" material="defaultMaterial">
					<input offset="0" semantic="VERTEX" source="#meshId15-vertices" />
					<input offset="0" semantic="NORMAL" source="#meshId15-normals" />
					<input offset="0" semantic="TANGENT" source="#meshId15-tangents" />
					<input offset="0" semantic="BINORMAL" source="#meshId15-bitangents" />
					<input offset="0" semantic="TEXCOORD" source="#meshId15-tex0" set="0" />
					<vcount>
						3 3 3 3 3 3 3 3 3 3 3 3 3 3 3 3 3 3 3 3 3 3 3 3 3 3 3 3 3 3 3 3 3 3 3 3 3 3 3 3 3 3 3 3 3 3 3 3 3 3 3 3 3 3 3 3 3 3 3 3 3 3 3 3 
						3 3 3 3 3 3 3 3 3 3 3 3 3 3 3 3 3 3 3 3 3 3 3 3 3 3 3 3 3 3 3 3 3 3 3 3 3 3 3 3 3 3 3 3 3 3 3 3 3 3 3 3 3 3 3 3 3 3 3 3 3 3 3 3 
						3 3 3 3 3 3 3 3 3 3 3 3 3 3 3 3 3 3 3 3 3 3 3 3 3 3 3 3 
					</vcount>
					<p>
						0 1 2 2 3 0 3 2 4 4 5 3 5 4 6 6 7 5 7 6 8 8 9 7 10 11 12 12 13 10 13 12 14 14 15 13 15 14 16 16 17 15 18 19 20 20 21 18 21 20 22 22 23 21 23 22 24 24 25 23 25 24 26 26 27 25 28 29 30 30 31 28 31 30 32 32 33 31 34 33 35 35 36 34 37 3 5 5 38 37 38 5 7 7 39 38 39 7 9 9 40 39 41 10 13 13 42 41 42 13 15 15 43 42 43 15 17 17 44 43 45 18 21 21 46 45 46 21 23 23 47 46 47 23 25 25 48 47 49 50 28 28 51 49 51 28 31 31 52 51 52 31 33 33 34 52 53 34 36 36 54 53 55 56 57 57 58 55 58 57 59 59 60 58 61 62 41 41 63 61 63 41 42 42 64 63 64 42 43 43 65 64 
						65 43 44 44 66 65 66 44 67 67 68 66 69 70 71 71 72 69 72 71 73 73 74 72 75 49 51 51 76 75 76 51 52 52 77 76 77 52 34 34 53 77 78 53 54 54 79 78 80 81 82 82 83 80 83 82 84 84 85 83 85 84 86 86 87 85 88 63 64 64 89 88 89 64 65 65 90 89 90 65 66 66 91 90 92 93 69 69 94 92 94 69 72 72 95 94 95 72 96 96 97 95 98 75 76 76 99 98 99 76 77 77 100 99 100 77 53 53 78 100 101 78 79 79 102 101 103 80 83 83 104 103 104 83 85 85 105 104 105 85 87 87 106 105 107 88 89 89 108 107 108 89 90 90 109 108 109 90 91 91 110 109 111 92 94 94 112 111 112 94 95 95 113 112 113 95 97 97 114 113 115 98 99 99 116 115 116 99 100 100 117 116 
						117 100 78 78 101 117 118 119 120 121 118 120 122 121 120 123 122 120 124 123 120 125 124 120 126 125 120 127 126 120 128 127 120 129 128 120 130 129 120 131 130 120 119 131 120 132 133 134 133 135 134 135 136 134 136 137 134 137 138 134 138 139 134 139 140 134 140 141 134 141 142 134 142 143 134 143 144 134 144 145 134 145 132 134 
					</p>
				</polylist>
			</mesh>
		</geometry>
		<geometry id="meshId16" name="meshId16_name" >
			<mesh>
				<source id="meshId16-positions" name="meshId16-positions">
					<float_array id="meshId16-positions-array" count="444"> 
						-17.687140 13.585422 31.658810 -17.728325 13.546370 31.680786 -17.771389 13.546370 31.632179 -17.745213 13.585422 31.593260 -17.832108 13.546370 31.609150 -17.827095 13.585422 31.562206 -17.896574 13.546370 31.616978 -17.914032 13.585422 31.572762 -17.950020 13.546370 31.653868 -17.986103 13.585422 31.622507 -17.986103 13.585422 31.622507 -17.950020 13.546370 31.653868 -17.980198 13.546370 31.711369 -18.026802 13.585422 31.700052 -17.980198 13.546370 31.776310 -18.026802 13.585422 31.787626 -17.950020 13.546370 31.833811 -17.986103 13.585422 31.865170 -17.986103 13.585422 31.865170 -17.950020 13.546370 31.833811 -17.896574 13.546370 31.870701 -17.914032 13.585422 31.914915 -17.832108 13.546370 31.878529 -17.827095 13.585422 31.925472 -17.771389 13.546370 31.855499 -17.745213 13.585422 31.894419 -17.728325 13.546370 31.806892 -17.687140 13.585422 31.828869 -17.687140 13.585422 31.828869 -17.728325 13.546370 31.806892 -17.712784 13.546370 31.743839 -17.666182 13.585422 31.743839 -17.728325 13.546370 31.680786 -17.687140 13.585422 31.658810 -17.657684 13.620865 31.643093 -17.745213 13.585422 31.593260 -17.726490 13.620865 31.565426 -17.726490 13.620865 31.565426 -17.823509 13.620865 31.528629 -17.926516 13.620865 31.541138 -18.011909 13.620865 31.600082 -18.011909 13.620865 31.600082 -18.060131 13.620865 31.691959 -18.060131 13.620865 31.795719 -18.011909 13.620865 31.887596 -18.011909 13.620865 31.887596 -17.926516 13.620865 31.946541 -17.823509 13.620865 31.959049 -17.726490 13.620865 31.922253 -17.726490 13.620865 31.922253 -17.745213 13.585422 31.894419 -17.657684 13.620865 31.844585 -17.632853 13.620865 31.743839 -17.657684 13.667135 31.643093 -17.726490 13.667135 31.565426 -17.726490 13.667135 31.565426 -17.726490 13.620865 31.565426 -17.823509 13.620865 31.528629 -17.823509 13.667135 31.528629 -17.926516 13.620865 31.541138 -17.926516 13.667135 31.541138 -17.926516 13.667135 31.541138 -17.926516 13.620865 31.541138 -18.011909 13.667135 31.600082 
						-18.060131 13.667135 31.691959 -18.060131 13.667135 31.795719 -18.011909 13.667135 31.887596 -17.926516 13.620865 31.946541 -17.926516 13.667135 31.946541 -17.926516 13.667135 31.946541 -17.926516 13.620865 31.946541 -17.823509 13.620865 31.959049 -17.823509 13.667135 31.959049 -17.726490 13.620865 31.922253 -17.726490 13.667135 31.922253 -17.726490 13.667135 31.922253 -17.657684 13.667135 31.844585 -17.632853 13.667135 31.743839 -17.687140 13.702579 31.658810 -17.745213 13.702579 31.593260 -17.745213 13.702579 31.593260 -17.726490 13.667135 31.565426 -17.823509 13.667135 31.528629 -17.827095 13.702579 31.562206 -17.926516 13.667135 31.541138 -17.914032 13.702579 31.572762 -18.011909 13.667135 31.600082 -17.986103 13.702579 31.622507 -17.986103 13.702579 31.622507 -18.026802 13.702579 31.700052 -18.026802 13.702579 31.787626 -17.986103 13.702579 31.865170 -17.986103 13.702579 31.865170 -18.011909 13.667135 31.887596 -17.926516 13.667135 31.946541 -17.914032 13.702579 31.914915 -17.823509 13.667135 31.959049 -17.827095 13.702579 31.925472 -17.726490 13.667135 31.922253 -17.745213 13.702579 31.894419 -17.745213 13.702579 31.894419 -17.687140 13.702579 31.828869 -17.666182 13.702579 31.743839 -17.714546 13.741631 31.673433 -17.762630 13.741631 31.619156 -17.762630 13.741631 31.619156 -17.830431 13.741631 31.593443 -17.902416 13.741631 31.602184 -17.962091 13.741631 31.643375 -17.962091 13.741631 31.643375 -17.995790 13.741631 31.707582 -17.995790 13.741631 31.780094 -17.962093 13.741631 31.844303 -17.962093 13.741631 31.844303 -17.902416 13.741631 31.885494 -17.830431 13.741631 31.894236 -17.762630 13.741631 31.868523 -17.762630 13.741631 31.868523 -17.714546 13.741631 31.814245 -17.697191 13.741631 31.743839 -17.771389 13.546370 31.632179 -17.728325 13.546370 31.680786 -17.849150 13.546370 31.743839 -17.832108 13.546370 31.609150 -17.896574 13.546370 31.616978 -17.950020 13.546370 31.653868 -17.980198 13.546370 31.711369 -17.980198 13.546370 31.776310 
						-17.950020 13.546370 31.833811 -17.896574 13.546370 31.870701 -17.832108 13.546370 31.878529 -17.771389 13.546370 31.855499 -17.728325 13.546370 31.806892 -17.712784 13.546370 31.743839 -17.714546 13.741631 31.673433 -17.762630 13.741631 31.619156 -17.849150 13.788507 31.743839 -17.830431 13.741631 31.593443 -17.902416 13.741631 31.602184 -17.962091 13.741631 31.643375 -17.995790 13.741631 31.707582 -17.995790 13.741631 31.780094 -17.962093 13.741631 31.844303 -17.902416 13.741631 31.885494 -17.830431 13.741631 31.894236 -17.762630 13.741631 31.868523 -17.714546 13.741631 31.814245 -17.697191 13.741631 31.743839 
					</float_array>
					<technique_common>
						<accessor count="148" offset="0" source="#meshId16-positions-array" stride="3">
							<param name="X" type="float" />
							<param name="Y" type="float" />
							<param name="Z" type="float" />
						</accessor>
					</technique_common>
				</source>
				<source id="meshId16-normals" name="meshId16-normals">
					<float_array id="meshId16-normals-array" count="444"> 
						0.611748 -0.722963 -0.321075 0.568360 -0.767000 -0.297789 0.364175 -0.768467 -0.526152 0.391516 -0.724560 -0.567211 0.077812 -0.770513 -0.632657 0.082798 -0.726792 -0.681849 -0.224246 -0.772661 -0.593893 -0.242675 -0.729128 -0.639907 -0.473123 -0.774430 -0.420016 -0.510718 -0.731052 -0.452471 -0.510718 -0.731052 -0.452471 -0.473123 -0.774430 -0.420016 -0.613030 -0.775429 -0.151339 -0.661362 -0.732138 -0.163017 -0.613026 -0.775433 0.151339 -0.661361 -0.732139 0.163019 -0.473118 -0.774431 0.420019 -0.510717 -0.731055 0.452468 -0.510717 -0.731055 0.452468 -0.473118 -0.774431 0.420019 -0.224245 -0.772662 0.593892 -0.242675 -0.729135 0.639899 0.077817 -0.770519 0.632649 0.082802 -0.726797 0.681843 0.364178 -0.768465 0.526152 0.391521 -0.724559 0.567209 0.568367 -0.766994 0.297790 0.611751 -0.722959 0.321076 0.611751 -0.722959 0.321076 0.568367 -0.766994 0.297790 0.642283 -0.766468 0.000000 0.691489 -0.722387 0.000000 0.568360 -0.767000 -0.297789 0.611748 -0.722963 -0.321075 0.831692 -0.342732 -0.436834 0.391516 -0.724560 -0.567211 0.532952 -0.344096 -0.773020 0.532952 -0.344096 -0.773020 0.112473 -0.346014 -0.931464 -0.332988 -0.348024 -0.876355 -0.701530 -0.349693 -0.620944 -0.701530 -0.349693 -0.620944 -0.909333 -0.350637 -0.223979 -0.909333 -0.350636 0.223981 -0.701531 -0.349695 0.620941 -0.701531 -0.349695 0.620941 -0.332990 -0.348031 0.876352 0.112475 -0.346017 0.931462 0.532955 -0.344097 0.773018 0.532955 -0.344097 0.773018 0.391521 -0.724559 0.567209 0.831691 -0.342733 0.436835 0.939610 -0.342246 0.000000 0.831694 0.342732 -0.436830 0.532958 0.344097 -0.773015 0.532958 0.344097 -0.773015 0.532952 -0.344096 -0.773020 0.112473 -0.346014 -0.931464 0.112474 0.346017 -0.931462 -0.332988 -0.348024 -0.876355 -0.332991 0.348027 -0.876353 -0.332991 0.348027 -0.876353 -0.332988 -0.348024 -0.876355 -0.701529 0.349694 -0.620944 
						-0.909333 0.350637 -0.223981 -0.909333 0.350637 0.223979 -0.701531 0.349694 0.620941 -0.332990 -0.348031 0.876352 -0.332992 0.348029 0.876352 -0.332992 0.348029 0.876352 -0.332990 -0.348031 0.876352 0.112475 -0.346017 0.931462 0.112476 0.346019 0.931461 0.532955 -0.344097 0.773018 0.532957 0.344097 0.773017 0.532957 0.344097 0.773017 0.831692 0.342731 0.436834 0.939610 0.342247 0.000002 0.665106 0.660169 -0.349013 0.425881 0.661910 -0.616848 0.425881 0.661910 -0.616848 0.532958 0.344097 -0.773015 0.112474 0.346017 -0.931462 0.090183 0.664352 -0.741959 -0.332991 0.348027 -0.876353 -0.264143 0.666918 -0.696741 -0.701529 0.349694 -0.620944 -0.556278 0.669026 -0.492909 -0.556278 0.669026 -0.492909 -0.720592 0.670217 -0.177641 -0.720592 0.670218 0.177636 -0.556281 0.669024 0.492907 -0.556281 0.669024 0.492907 -0.701531 0.349694 0.620941 -0.332992 0.348029 0.876352 -0.264147 0.666919 0.696739 0.112476 0.346019 0.931461 0.090189 0.664358 0.741953 0.532957 0.344097 0.773017 0.425879 0.661911 0.616848 0.425879 0.661911 0.616848 0.665103 0.660168 0.349021 0.751666 0.659544 0.000003 0.693193 0.622503 -0.363281 0.444462 0.624261 -0.642458 0.444462 0.624261 -0.642458 0.094896 0.626739 -0.773429 -0.274688 0.629383 -0.726928 -0.579913 0.631547 -0.514635 -0.579913 0.631547 -0.514635 -0.751781 0.632770 -0.185546 -0.751781 0.632772 0.185538 -0.579918 0.631544 0.514633 -0.579918 0.631544 0.514633 -0.274695 0.629382 0.726926 0.094905 0.626750 0.773420 0.444460 0.624266 0.642454 0.444460 0.624266 0.642454 0.693191 0.622501 0.363287 0.783126 0.621863 0.000004 0.000000 -1.000000 0.000000 0.000000 -1.000000 0.000000 0.000000 -1.000000 0.000002 0.000000 -1.000000 0.000000 0.000000 -1.000000 0.000000 0.000000 -1.000000 0.000014 0.000000 -1.000000 0.000014 0.000000 -1.000000 0.000000 
						0.000000 -1.000000 0.000000 0.000000 -1.000000 0.000000 0.000000 -1.000000 0.000000 0.000000 -1.000000 0.000000 0.000000 -1.000000 0.000000 0.000000 -1.000000 0.000000 0.261132 0.955537 -0.136966 0.167760 0.955457 -0.242815 -0.000434 1.000000 -0.000004 0.035769 0.955345 -0.293320 -0.104780 0.955227 -0.276698 -0.221643 0.955127 -0.196487 -0.287767 0.955068 -0.070960 -0.287763 0.955070 0.070949 -0.221640 0.955130 0.196473 -0.104781 0.955228 0.276695 0.035770 0.955346 0.293316 0.167755 0.955458 0.242813 0.261128 0.955539 0.136956 0.294773 0.955567 -0.000011 
					</float_array>
					<technique_common>
						<accessor count="148" offset="0" source="#meshId16-normals-array" stride="3">
							<param name="X" type="float" />
							<param name="Y" type="float" />
							<param name="Z" type="float" />
						</accessor>
					</technique_common>
				</source>
				<source id="meshId16-tangents" name="meshId16-tangents">
					<float_array id="meshId16-tangents-array" count="444"> 
						0.788615 0.589211 0.175832 0.821457 0.549490 0.152539 0.924737 0.365471 0.106268 0.913525 0.380014 0.145126 0.996372 0.082033 0.022638 0.995835 0.086554 0.028667 0.971773 -0.223119 -0.076648 0.965744 -0.244068 -0.088146 0.878799 -0.448508 -0.162951 0.855844 -0.482394 -0.186620 -0.772454 0.621236 -0.131831 -0.805511 0.573341 -0.149771 -0.775128 0.627372 -0.074705 -0.735154 0.675841 -0.052793 -0.780261 0.624289 0.038155 -0.734718 0.676085 0.055667 -0.816966 0.564098 0.119837 -0.773992 0.620076 0.128227 0.856064 -0.481079 0.188989 0.878832 -0.448281 0.163394 0.971609 -0.224429 0.074881 0.965604 -0.245031 0.086994 0.996632 0.076594 -0.029302 0.995963 0.084142 -0.031259 0.925405 0.362204 -0.111509 0.913218 0.381586 -0.142914 0.821542 0.548845 -0.154394 0.787804 0.593531 -0.164577 0.729907 0.672350 0.123212 0.790245 0.609651 0.061955 0.766437 0.642257 0.008970 0.722376 0.691479 0.005473 0.795692 0.604490 -0.038296 0.734871 0.669615 -0.107612 0.348099 0.934790 -0.070670 0.747906 0.609672 -0.262560 0.375874 0.914768 -0.148050 0.826341 0.408161 0.388028 0.991266 0.104038 0.081047 0.922618 -0.312125 -0.226613 0.674964 -0.605604 -0.421507 -0.347708 0.928535 -0.130084 -0.355278 0.934533 -0.020608 -0.352877 0.935146 0.031310 -0.346318 0.928811 0.131813 0.676840 -0.599644 0.426983 0.922826 -0.311176 0.227070 0.991434 0.101713 -0.081933 0.826507 0.407382 -0.388493 0.377402 0.914339 0.146805 0.733331 0.618036 0.283298 0.352771 0.933723 0.060942 0.342233 0.939575 -0.008651 -0.353635 0.933513 0.059128 -0.388701 0.911039 0.137545 0.195149 -0.938934 -0.283407 -0.195537 -0.938934 0.283138 -0.041513 -0.938229 0.343515 0.041446 -0.938228 -0.343526 0.123425 -0.937486 0.325403 -0.123872 -0.937484 -0.325236 0.122541 0.937484 0.325742 -0.124119 0.937485 -0.325139 0.341593 0.929712 0.137657 
						0.352103 0.935317 0.034724 0.354699 0.934693 -0.023209 0.343421 0.929370 -0.135398 -0.124191 0.937483 0.325119 0.123619 0.937484 -0.325335 -0.123429 -0.937484 0.325407 0.123873 -0.937483 -0.325240 -0.041447 -0.938228 -0.343526 0.041515 -0.938228 0.343519 -0.195148 -0.938934 -0.283408 0.195539 -0.938934 0.283138 -0.386664 0.911651 -0.139222 -0.349246 0.934539 -0.068288 -0.342234 0.939574 -0.008719 -0.663603 0.736850 0.129161 -0.702097 0.671791 0.236129 0.900186 -0.378591 0.215254 0.827410 -0.403105 0.391023 0.991819 -0.096042 0.084085 0.995284 -0.086843 0.043215 0.921841 0.315616 -0.224935 0.957159 0.270121 -0.104311 0.675861 0.602781 -0.424108 0.824579 0.517969 -0.227548 0.708884 0.691565 0.138643 0.672358 0.738022 0.057075 0.672324 0.738038 -0.057281 0.706328 0.693151 -0.143674 0.824335 0.519209 0.225597 0.674332 0.607568 0.419688 0.921606 0.316657 0.224433 0.957164 0.270091 0.104347 0.991658 -0.098476 -0.083163 0.995164 -0.089234 -0.041067 0.827598 -0.402203 -0.391554 0.900145 -0.378888 -0.214904 -0.705432 0.669828 -0.231724 -0.664044 0.736662 -0.127966 -0.659544 0.751666 -0.000511 -0.619580 0.772179 0.140926 -0.654778 0.715837 0.242576 0.889939 -0.389600 0.237109 0.994487 -0.094503 0.045439 0.953253 0.277253 -0.120162 0.806939 0.532149 -0.256254 0.675936 0.725620 0.128789 0.637459 0.769390 0.041052 0.632150 0.771651 -0.070287 0.663437 0.732719 -0.151575 0.806867 0.532496 0.255760 0.953227 0.277399 0.120035 0.994353 -0.096751 -0.043612 0.889849 -0.390199 -0.236459 -0.671272 0.707000 -0.222588 -0.630926 0.767760 -0.111700 -0.621737 0.782967 0.020170 0.999995 0.000000 0.003242 1.000000 0.000000 0.000724 1.000000 -0.000000 -0.000155 0.999999 0.000000 0.001274 0.999997 0.000000 -0.002617 0.999999 -0.000000 -0.001503 1.000000 -0.000000 -0.000124 1.000000 0.000000 -0.000138 
						0.999999 0.000000 0.001172 0.999997 0.000000 0.002315 0.999999 0.000000 -0.001559 0.999994 0.000000 -0.003580 0.999999 0.000000 -0.001049 1.000000 0.000000 -0.000177 0.964637 -0.263583 0.000251 0.985027 -0.172388 0.002218 1.000000 0.000434 0.000100 0.999301 -0.037371 0.000141 0.994192 0.107482 -0.005426 0.974269 0.225359 -0.003529 0.957478 0.288506 0.000178 0.957484 0.288485 0.000074 0.974280 0.225310 0.003759 0.994197 0.107430 0.005612 0.999299 -0.037424 0.000026 0.985020 -0.172428 -0.002037 0.964632 -0.263602 -0.000079 0.955567 -0.294773 0.000074 
					</float_array>
					<technique_common>
						<accessor count="148" offset="0" source="#meshId16-tangents-array" stride="3">
							<param name="X" type="float" />
							<param name="Y" type="float" />
							<param name="Z" type="float" />
						</accessor>
					</technique_common>
				</source>
				<source id="meshId16-bitangents" name="meshId16-bitangents">
					<float_array id="meshId16-bitangents-array" count="444"> 
						0.062061 -0.360769 0.930588 0.046635 -0.331318 0.942366 0.110630 -0.525252 0.843725 0.110395 -0.574980 0.810685 0.034456 -0.632124 0.774101 0.038182 -0.681382 0.730931 -0.073286 -0.594317 0.800885 -0.091911 -0.639377 0.763380 -0.062186 -0.446205 0.892767 -0.081840 -0.482555 0.872034 0.377467 0.282185 -0.881981 0.356800 0.267467 -0.895073 0.152874 0.071511 -0.985655 0.148825 0.084927 -0.985210 -0.124066 -0.094694 -0.987745 -0.150970 -0.082957 -0.985051 -0.329737 -0.286444 -0.899568 -0.374305 -0.284719 -0.882514 0.079511 0.483862 0.871525 0.061750 0.446431 0.892685 0.075429 0.593823 0.801053 0.093365 0.639001 0.763519 -0.025879 0.632798 0.773884 -0.034653 0.681679 0.730830 -0.104884 0.527513 0.843048 -0.112889 0.573939 0.811079 -0.045021 0.332400 0.942063 -0.071586 0.353625 0.932644 -0.304953 0.158981 0.939004 -0.229067 0.200114 0.952619 -0.006876 -0.005762 0.999960 -0.003953 -0.003784 0.999985 0.209384 -0.215182 0.953863 0.292796 -0.170117 0.940920 0.432569 -0.093286 0.896762 0.536053 -0.321424 0.780599 0.758077 -0.211655 0.616864 0.181998 -0.845578 0.501871 0.068864 -0.932443 0.354693 -0.194665 -0.884001 0.425027 -0.228648 -0.714814 0.660879 0.622057 0.124649 -0.772986 0.216542 0.060835 -0.974376 -0.220433 -0.050567 -0.974090 -0.622831 -0.122572 -0.772695 0.223030 0.719819 0.657357 0.193673 0.884332 0.424791 -0.066392 0.932699 0.354493 -0.181234 0.845954 0.501514 -0.757316 0.213498 0.617164 -0.555821 0.305035 0.773315 -0.428769 0.103418 0.897475 0.002961 0.008128 0.999963 0.428051 0.105302 0.897599 0.751576 0.227166 0.619297 -0.823330 0.000191 -0.567563 -0.823242 0.000255 -0.567691 -0.992787 0.000032 -0.119890 -0.992790 0.000032 -0.119867 -0.934818 0.000191 0.355126 -0.934758 0.000255 0.355285 0.934933 0.001079 -0.354821 0.934726 0.000505 -0.355368 0.625437 -0.115540 -0.771673 
						0.221669 -0.047288 -0.973975 -0.217489 0.058341 -0.974318 -0.624432 0.118258 -0.772075 -0.934716 -0.000574 -0.355395 -0.934791 0.000000 -0.355197 0.934816 0.000191 0.355131 0.934758 0.000255 0.355284 0.992790 0.000032 -0.119868 0.992787 0.000032 -0.119893 0.823332 0.000190 -0.567559 0.823238 0.000255 -0.567696 -0.752627 -0.224698 0.618921 -0.431643 -0.095768 0.896946 -0.002986 0.008192 0.999962 0.342438 0.145700 0.928174 0.570689 0.332524 0.750828 -0.091054 -0.646950 -0.757076 -0.177056 -0.848000 -0.499547 -0.060365 -0.933300 -0.353989 -0.035724 -0.742357 -0.669051 0.198308 -0.882759 -0.425923 0.118638 -0.694445 -0.709698 0.225985 -0.717196 -0.659213 0.103076 -0.533022 -0.839799 0.433634 -0.272291 -0.858964 0.169355 -0.078311 -0.982439 -0.169493 0.078153 -0.982428 -0.437780 0.268231 -0.858138 -0.104992 0.531816 -0.840326 -0.230502 0.713144 -0.662038 -0.199394 0.882386 -0.426190 -0.118592 0.694456 -0.709695 0.062951 0.933045 -0.354209 0.038924 0.742069 -0.669193 0.176177 0.848428 -0.499131 0.091469 0.646775 -0.757176 -0.566563 -0.336458 0.752199 -0.341589 -0.146655 0.928337 -0.000339 0.000382 1.000000 0.368245 0.127393 0.920960 0.611326 0.312852 0.726915 -0.102284 -0.677134 -0.728716 -0.044613 -0.773477 -0.632252 0.125915 -0.725953 -0.676119 0.112026 -0.563884 -0.818220 0.454766 -0.273174 -0.847682 0.168734 -0.087416 -0.981778 -0.187646 0.064448 -0.980120 -0.472807 0.253526 -0.843906 -0.112516 0.563560 -0.818376 -0.126101 0.725898 -0.676144 0.047495 0.773191 -0.632392 0.103071 0.676784 -0.728931 -0.593169 -0.332329 0.733285 -0.348451 -0.151778 0.924957 0.012540 -0.015798 0.999797 -0.003242 0.000000 0.999995 -0.000724 0.000000 1.000000 0.000155 0.000002 1.000000 -0.001274 0.000000 0.999999 0.002617 0.000000 0.999997 0.001503 0.000014 0.999999 0.000124 0.000014 1.000000 0.000138 0.000000 1.000000 
						-0.001172 0.000000 0.999999 -0.002315 0.000000 0.999997 0.001559 0.000000 0.999999 0.003580 0.000000 0.999994 0.001049 0.000000 0.999999 0.000177 0.000000 1.000000 -0.035862 -0.132188 -0.990576 -0.039740 -0.239551 -0.970070 0.000100 -0.000004 -1.000000 -0.010827 -0.293120 -0.956014 0.024557 -0.275659 -0.960942 0.040910 -0.192213 -0.980500 0.020642 -0.067891 -0.997479 -0.020397 0.067954 -0.997480 -0.040677 0.192253 -0.980502 -0.024365 0.275677 -0.960941 0.011002 0.293110 -0.956015 0.039922 0.239517 -0.970071 0.036026 0.132133 -0.990577 0.000068 -0.000032 -1.000000 
					</float_array>
					<technique_common>
						<accessor count="148" offset="0" source="#meshId16-bitangents-array" stride="3">
							<param name="X" type="float" />
							<param name="Y" type="float" />
							<param name="Z" type="float" />
						</accessor>
					</technique_common>
				</source>
				<source id="meshId16-tex0" name="meshId16-tex0">
					<float_array id="meshId16-tex0-array" count="296"> 
						0.584960 0.266674 0.580779 0.269325 0.577240 0.265330 0.579907 0.261148 0.572348 0.263463 0.572874 0.258512 0.567165 0.264094 0.565444 0.259390 0.562807 0.267113 0.559383 0.263510 0.913509 0.338621 0.908550 0.336355 0.909489 0.330855 0.914440 0.331527 0.909490 0.324993 0.914442 0.324323 0.908553 0.319493 0.913513 0.317228 0.559379 0.285548 0.562804 0.281946 0.567162 0.284967 0.565438 0.289670 0.572344 0.285599 0.572868 0.290551 0.577237 0.283734 0.579902 0.287917 0.580777 0.279740 0.584957 0.282393 0.868538 0.192887 0.863533 0.191186 0.863957 0.185583 0.868856 0.185583 0.863532 0.179980 0.868537 0.178279 0.872417 0.177440 0.867936 0.171097 0.872133 0.169200 0.581822 0.257644 0.573298 0.254526 0.564009 0.255632 0.556594 0.260600 0.917877 0.340187 0.918231 0.331963 0.918232 0.323889 0.917881 0.315664 0.556589 0.288457 0.564002 0.293427 0.573290 0.294537 0.581816 0.291422 0.872135 0.201966 0.867938 0.200068 0.872418 0.193725 0.872538 0.185583 0.876103 0.177442 0.876729 0.169226 0.949476 0.000001 0.953284 0.000000 0.953285 0.008540 0.949477 0.008540 0.953287 0.017079 0.949479 0.017080 0.921865 0.348799 0.918003 0.348797 0.921995 0.340198 
						0.921775 0.331968 0.921776 0.323885 0.921999 0.315655 0.918010 0.307054 0.921873 0.307054 0.920828 0.017081 0.924636 0.017080 0.924637 0.025620 0.920829 0.025620 0.924639 0.034159 0.920831 0.034160 0.876731 0.201939 0.876104 0.193722 0.876002 0.185582 0.879914 0.178282 0.881056 0.171193 0.084913 0.107310 0.086833 0.110810 0.078329 0.113872 0.077919 0.109882 0.068897 0.112714 0.070331 0.108953 0.061389 0.107696 0.064167 0.104777 0.926311 0.338687 0.925591 0.331546 0.925592 0.324309 0.926315 0.317168 0.064169 0.081570 0.061392 0.078650 0.068901 0.073634 0.070334 0.077395 0.078333 0.072478 0.077923 0.076468 0.086838 0.075543 0.084916 0.079041 0.881057 0.199972 0.879915 0.192882 0.879691 0.185582 0.883961 0.179070 0.885089 0.172993 0.083180 0.103688 0.077568 0.105829 0.071714 0.105115 0.066783 0.101688 0.930426 0.337276 0.929676 0.331143 0.929677 0.324713 0.930429 0.318581 0.066785 0.084660 0.071717 0.081234 0.077571 0.080521 0.083183 0.082663 0.885090 0.198171 0.883962 0.192094 0.883710 0.185582 0.577240 0.265330 0.580779 0.269325 0.570968 0.274531 0.572348 0.263463 0.567165 0.264094 0.562807 0.267113 0.560287 0.271853 0.560286 0.277206 
						0.562804 0.281946 0.567162 0.284967 0.572344 0.285599 0.577237 0.283734 0.580777 0.279740 0.582075 0.274533 0.087294 0.099114 0.083180 0.103688 0.076091 0.093175 0.077568 0.105829 0.071714 0.105115 0.066783 0.101688 0.063894 0.096245 0.063894 0.090102 0.066785 0.084660 0.071717 0.081234 0.077571 0.080521 0.083183 0.082663 0.087295 0.087238 0.088777 0.093176 
					</float_array>
					<technique_common>
						<accessor count="148" offset="0" source="#meshId16-tex0-array" stride="2">
							<param name="S" type="float" />
							<param name="T" type="float" />
						</accessor>
					</technique_common>
				</source>
				<vertices id="meshId16-vertices">
					<input semantic="POSITION" source="#meshId16-positions" />
				</vertices>
				<polylist count="156" material="defaultMaterial">
					<input offset="0" semantic="VERTEX" source="#meshId16-vertices" />
					<input offset="0" semantic="NORMAL" source="#meshId16-normals" />
					<input offset="0" semantic="TANGENT" source="#meshId16-tangents" />
					<input offset="0" semantic="BINORMAL" source="#meshId16-bitangents" />
					<input offset="0" semantic="TEXCOORD" source="#meshId16-tex0" set="0" />
					<vcount>
						3 3 3 3 3 3 3 3 3 3 3 3 3 3 3 3 3 3 3 3 3 3 3 3 3 3 3 3 3 3 3 3 3 3 3 3 3 3 3 3 3 3 3 3 3 3 3 3 3 3 3 3 3 3 3 3 3 3 3 3 3 3 3 3 
						3 3 3 3 3 3 3 3 3 3 3 3 3 3 3 3 3 3 3 3 3 3 3 3 3 3 3 3 3 3 3 3 3 3 3 3 3 3 3 3 3 3 3 3 3 3 3 3 3 3 3 3 3 3 3 3 3 3 3 3 3 3 3 3 
						3 3 3 3 3 3 3 3 3 3 3 3 3 3 3 3 3 3 3 3 3 3 3 3 3 3 3 3 
					</vcount>
					<p>
						0 1 2 2 3 0 3 2 4 4 5 3 5 4 6 6 7 5 7 6 8 8 9 7 10 11 12 12 13 10 13 12 14 14 15 13 15 14 16 16 17 15 18 19 20 20 21 18 21 20 22 22 23 21 23 22 24 24 25 23 25 24 26 26 27 25 28 29 30 30 31 28 31 30 32 32 33 31 34 33 35 35 36 34 37 3 5 5 38 37 38 5 7 7 39 38 39 7 9 9 40 39 41 10 13 13 42 41 42 13 15 15 43 42 43 15 17 17 44 43 45 18 21 21 46 45 46 21 23 23 47 46 47 23 25 25 48 47 49 50 28 28 51 49 51 28 31 31 52 51 52 31 33 33 34 52 53 34 36 36 54 53 55 56 57 57 58 55 58 57 59 59 60 58 61 62 41 41 63 61 63 41 42 42 64 63 64 42 43 43 65 64 
						65 43 44 44 66 65 66 44 67 67 68 66 69 70 71 71 72 69 72 71 73 73 74 72 75 49 51 51 76 75 76 51 52 52 77 76 77 52 34 34 53 77 78 53 54 54 79 78 80 81 82 82 83 80 83 82 84 84 85 83 85 84 86 86 87 85 88 63 64 64 89 88 89 64 65 65 90 89 90 65 66 66 91 90 92 93 94 94 95 92 95 94 96 96 97 95 97 96 98 98 99 97 100 75 76 76 101 100 101 76 77 77 102 101 102 77 53 53 78 102 103 78 79 79 104 103 105 80 83 83 106 105 106 83 85 85 107 106 107 85 87 87 108 107 109 88 89 89 110 109 110 89 90 90 111 110 111 90 91 91 112 111 113 92 95 95 114 113 114 95 97 97 115 114 115 97 99 99 116 115 117 100 101 101 118 117 118 101 102 102 119 118 
						119 102 78 78 103 119 120 121 122 123 120 122 124 123 122 125 124 122 126 125 122 127 126 122 128 127 122 129 128 122 130 129 122 131 130 122 132 131 122 133 132 122 121 133 122 134 135 136 135 137 136 137 138 136 138 139 136 139 140 136 140 141 136 141 142 136 142 143 136 143 144 136 144 145 136 145 146 136 146 147 136 147 134 136 
					</p>
				</polylist>
			</mesh>
		</geometry>
		<geometry id="meshId17" name="meshId17_name" >
			<mesh>
				<source id="meshId17-positions" name="meshId17-positions">
					<float_array id="meshId17-positions-array" count="411"> 
						-17.707047 10.924373 31.669258 -17.743172 10.747368 31.688534 -17.780943 10.747368 31.645899 -17.757984 10.924373 31.611761 -17.757984 10.924373 31.611761 -17.780943 10.747368 31.645899 -17.834202 10.747368 31.625698 -17.829805 10.924373 31.584522 -17.890747 10.747368 31.632566 -17.906059 10.924373 31.593782 -17.906059 10.924373 31.593782 -17.890747 10.747368 31.632566 -17.937624 10.747368 31.664925 -17.969275 10.924373 31.637417 -17.964096 10.747368 31.715359 -18.004972 10.924373 31.705433 -17.964096 10.747368 31.772320 -18.004972 10.924373 31.782246 -17.937624 10.747368 31.822754 -17.969275 10.924373 31.850262 -17.890747 10.747368 31.855112 -17.906059 10.924373 31.893896 -17.906059 10.924373 31.893896 -17.890747 10.747368 31.855112 -17.834202 10.747368 31.861979 -17.829805 10.924373 31.903156 -17.780943 10.747368 31.841780 -17.757984 10.924373 31.875916 -17.757984 10.924373 31.875916 -17.780943 10.747368 31.841780 -17.743172 10.747368 31.799145 -17.707047 10.924373 31.818420 -17.729540 10.747368 31.743839 -17.688663 10.924373 31.743839 -17.695154 11.004203 31.662910 -17.750425 11.004203 31.600525 -17.750425 11.004203 31.600525 -17.828358 11.004203 31.570969 -17.911100 11.004203 31.581013 -17.911100 11.004203 31.581013 -17.979694 11.004203 31.628361 -18.018429 11.004203 31.702164 -18.018429 11.004203 31.785515 -17.979694 11.004203 31.859318 -17.911100 11.004203 31.906666 -17.911100 11.004203 31.906666 -17.828358 11.004203 31.916710 -17.750425 11.004203 31.887154 -17.750425 11.004203 31.887154 -17.695154 11.004203 31.824766 -17.675207 11.004203 31.743839 -17.695154 11.526498 31.662910 -17.750425 11.526498 31.600525 -17.750425 11.526498 31.600525 -17.828358 11.526498 31.570969 -17.911100 11.526498 31.581013 -17.911100 11.526498 31.581013 -17.979694 11.526498 31.628361 -18.018429 11.526498 31.702164 -18.018429 11.526498 31.785515 -17.979694 11.526498 31.859318 -17.911100 11.526498 31.906666 -17.911100 11.526498 31.906666 -17.828358 11.526498 31.916710 
						-17.750425 11.526498 31.887154 -17.750425 11.526498 31.887154 -17.695154 11.526498 31.824766 -17.675207 11.526498 31.743839 -17.695293 11.573847 31.662987 -17.750513 11.573847 31.600657 -17.750513 11.573847 31.600657 -17.828375 11.573847 31.571129 -17.911039 11.573847 31.581165 -17.911039 11.573847 31.581165 -17.979572 11.573847 31.628469 -18.018270 11.573847 31.702202 -18.018270 11.573847 31.785477 -17.979572 11.573847 31.859207 -17.911039 11.573847 31.906513 -17.911039 11.573847 31.906513 -17.828375 11.573847 31.916550 -17.750513 11.573847 31.887020 -17.750513 11.573847 31.887020 -17.695293 11.573847 31.824692 -17.675365 11.573847 31.743839 -17.731085 11.750852 31.682083 -17.773262 11.750852 31.634476 -17.773262 11.750852 31.634476 -17.832731 11.750852 31.611923 -17.895870 11.750852 31.619591 -17.895870 11.750852 31.619591 -17.948215 11.750852 31.655720 -17.977772 11.750852 31.712036 -17.977772 11.750852 31.775640 -17.948215 11.750852 31.831959 -17.895870 11.750852 31.868088 -17.895870 11.750852 31.868088 -17.832731 11.750852 31.875755 -17.773262 11.750852 31.853203 -17.773262 11.750852 31.853203 -17.731085 11.750852 31.805595 -17.715864 11.750852 31.743839 -17.780943 10.747368 31.645899 -17.743172 10.747368 31.688534 -17.849150 10.724031 31.743839 -17.834202 10.747368 31.625698 -17.890747 10.747368 31.632566 -17.937624 10.747368 31.664925 -17.964096 10.747368 31.715359 -17.964096 10.747368 31.772320 -17.937624 10.747368 31.822754 -17.890747 10.747368 31.855112 -17.834202 10.747368 31.861979 -17.780943 10.747368 31.841780 -17.743172 10.747368 31.799145 -17.729540 10.747368 31.743839 -17.731085 11.750852 31.682083 -17.773262 11.750852 31.634476 -17.849150 11.963326 31.743839 -17.773262 11.750852 31.634476 -17.832731 11.750852 31.611923 -17.849150 11.963326 31.743839 -17.895870 11.750852 31.619591 -17.948215 11.750852 31.655720 -17.948215 11.750852 31.655720 -17.977772 11.750852 31.712036 -17.849150 11.963326 31.743839 -17.977772 11.750852 31.775640 
						-17.948215 11.750852 31.831959 -17.948215 11.750852 31.831959 -17.895870 11.750852 31.868088 -17.849150 11.963326 31.743839 -17.832731 11.750852 31.875755 -17.773262 11.750852 31.853203 -17.773262 11.750852 31.853203 -17.731085 11.750852 31.805595 -17.715864 11.750852 31.743839 
					</float_array>
					<technique_common>
						<accessor count="137" offset="0" source="#meshId17-positions-array" stride="3">
							<param name="X" type="float" />
							<param name="Y" type="float" />
							<param name="Z" type="float" />
						</accessor>
					</technique_common>
				</source>
				<source id="meshId17-normals" name="meshId17-normals">
					<float_array id="meshId17-normals-array" count="411"> 
						0.866762 -0.204164 -0.455018 0.862777 -0.225371 -0.452574 0.553648 -0.226372 -0.801392 0.555861 -0.205077 -0.805582 0.555861 -0.205077 -0.805582 0.553648 -0.226372 -0.801392 0.117845 -0.227781 -0.966555 0.117755 -0.206360 -0.971365 -0.344751 -0.229275 -0.910264 -0.347044 -0.207722 -0.914556 -0.347044 -0.207722 -0.914556 -0.344751 -0.229275 -0.910264 -0.728146 -0.230513 -0.645498 -0.732092 -0.208851 -0.648400 -0.944603 -0.231211 -0.232952 -0.949409 -0.209483 -0.233964 -0.944603 -0.231211 0.232951 -0.949409 -0.209484 0.233964 -0.728146 -0.230517 0.645497 -0.732091 -0.208854 0.648401 -0.344750 -0.229279 0.910263 -0.347044 -0.207722 0.914556 -0.347044 -0.207722 0.914556 -0.344750 -0.229279 0.910263 0.117845 -0.227779 0.966555 0.117755 -0.206359 0.971365 0.553649 -0.226366 0.801394 0.555861 -0.205074 0.805582 0.555861 -0.205074 0.805582 0.553649 -0.226366 0.801394 0.862776 -0.225369 0.452577 0.866761 -0.204164 0.455019 0.974356 -0.225013 -0.000002 0.979005 -0.203835 -0.000002 0.885245 -0.021136 -0.464644 0.567897 -0.021233 -0.822826 0.567897 -0.021233 -0.822826 0.120475 -0.021369 -0.992486 -0.354555 -0.021514 -0.934788 -0.354555 -0.021514 -0.934788 -0.748363 -0.021634 -0.662936 -0.970717 -0.021701 -0.239245 -0.970716 -0.021701 0.239246 -0.748361 -0.021634 0.662939 -0.354551 -0.021513 0.934789 -0.354551 -0.021513 0.934789 0.120475 -0.021369 0.992486 0.567897 -0.021234 0.822826 0.567897 -0.021234 0.822826 0.885245 -0.021137 0.464644 0.999777 -0.021101 0.000000 0.885453 0.000281 -0.464728 0.568057 0.000281 -0.822989 0.568057 0.000281 -0.822989 0.120550 0.000283 -0.992707 -0.354596 0.000287 -0.935019 -0.354596 0.000287 -0.935019 -0.748517 0.000289 -0.663115 -0.970943 0.000287 -0.239312 -0.970943 0.000287 0.239312 -0.748515 0.000289 0.663118 -0.354592 0.000287 0.935021 -0.354592 0.000287 0.935021 0.120550 0.000282 0.992707 
						0.568057 0.000280 0.822989 0.568057 0.000280 0.822989 0.885454 0.000280 0.464728 1.000000 0.000279 0.000000 0.872093 0.172552 -0.457908 0.559199 0.173325 -0.810713 0.559199 0.173325 -0.810713 0.118306 0.174417 -0.977539 -0.349429 0.175581 -0.920364 -0.349429 0.175581 -0.920364 -0.736922 0.176543 -0.652517 -0.955620 0.177081 -0.235440 -0.955621 0.177080 0.235439 -0.736923 0.176544 0.652516 -0.349429 0.175584 0.920364 -0.349429 0.175584 0.920364 0.118304 0.174418 0.977539 0.559199 0.173323 0.810713 0.559199 0.173323 0.810713 0.872092 0.172551 0.457910 0.985049 0.172272 -0.000001 0.863183 0.223389 -0.452782 0.553891 0.224378 -0.801785 0.553891 0.224378 -0.801785 0.117884 0.225773 -0.967021 -0.344912 0.227251 -0.910710 -0.344912 0.227251 -0.910710 -0.728501 0.228480 -0.645820 -0.945074 0.229179 -0.233048 -0.945075 0.229178 0.233048 -0.728501 0.228480 0.645820 -0.344911 0.227255 0.910709 -0.344911 0.227255 0.910709 0.117884 0.225775 0.967021 0.553891 0.224377 0.801785 0.553891 0.224377 0.801785 0.863182 0.223390 0.452785 0.974810 0.223035 -0.000001 0.109131 -0.981415 -0.157845 0.169687 -0.981474 -0.088962 -0.000488 -1.000000 0.000001 0.023355 -0.981335 -0.190884 -0.068205 -0.981245 -0.180294 -0.144486 -0.981171 -0.128167 -0.187716 -0.981131 -0.046313 -0.187719 -0.981130 0.046312 -0.144488 -0.981171 0.128167 -0.068200 -0.981245 0.180296 0.023355 -0.981334 0.190888 0.109133 -0.981414 0.157848 0.169692 -0.981474 0.088963 0.191487 -0.981495 0.000000 0.750207 0.531281 -0.393613 0.481548 0.530908 -0.697315 -0.000676 1.000000 0.000000 0.481548 0.530908 -0.697315 0.102386 0.530385 -0.841551 -0.000676 1.000000 0.000000 -0.300535 0.529837 -0.793065 -0.634911 0.529399 -0.562694 -0.634911 0.529399 -0.562694 -0.823870 0.529135 -0.203111 -0.000676 1.000000 0.000000 -0.823870 0.529135 0.203111 
						-0.634909 0.529405 0.562691 -0.634909 0.529405 0.562691 -0.300532 0.529842 0.793062 -0.000676 1.000000 0.000000 0.102386 0.530385 0.841551 0.481550 0.530901 0.697319 0.481550 0.530901 0.697319 0.750215 0.531268 0.393614 0.847118 0.531405 0.000000 
					</float_array>
					<technique_common>
						<accessor count="137" offset="0" source="#meshId17-normals-array" stride="3">
							<param name="X" type="float" />
							<param name="Y" type="float" />
							<param name="Z" type="float" />
						</accessor>
					</technique_common>
				</source>
				<source id="meshId17-tangents" name="meshId17-tangents">
					<float_array id="meshId17-tangents-array" count="411"> 
						-0.456719 0.041540 -0.888641 -0.452864 0.053502 -0.889973 -0.797645 0.132313 -0.588435 -0.806554 0.101526 -0.582377 0.831274 0.138792 0.538257 0.832750 0.151369 0.532554 0.992077 0.069690 0.104533 0.992236 0.063867 0.106717 0.936025 -0.010884 -0.351766 0.935124 -0.002356 -0.354314 -0.914808 -0.139852 0.378904 -0.906929 -0.168775 0.385998 -0.646789 -0.080625 0.758395 -0.653276 -0.054510 0.755155 -0.233759 -0.024298 0.971991 -0.236108 -0.015078 0.971610 0.233216 0.026583 0.972062 0.235224 0.019242 0.971751 0.646384 0.082350 0.758555 0.651805 0.061857 0.755859 0.908178 0.163780 0.385213 0.918480 0.121884 0.376216 0.935342 -0.005413 0.353702 0.936060 -0.011369 0.351657 0.992029 0.070748 -0.104278 0.992004 0.069170 -0.105562 0.832750 0.149455 -0.533096 0.831262 0.131753 -0.540041 0.803678 -0.115052 -0.583836 0.796793 -0.135735 -0.588810 0.453244 -0.051866 -0.889876 0.457981 -0.035339 -0.888259 0.000246 0.001073 -0.999999 0.000472 0.002274 -0.999997 -0.464397 0.015697 -0.885488 -0.822672 0.017592 -0.568244 0.821562 0.075693 0.565072 0.991137 0.058967 0.119042 0.933393 0.051089 -0.355202 -0.933898 -0.041137 0.355164 -0.662684 -0.018289 0.748676 -0.239179 -0.005637 0.970959 0.239097 0.009248 0.970952 0.662511 0.024104 0.748664 0.934579 0.023105 0.355003 0.933535 0.048498 0.355191 0.990874 0.063476 -0.118913 0.821910 0.068364 -0.565500 0.822254 -0.030683 -0.568294 0.464528 -0.010409 -0.885497 0.000042 0.002013 -0.999998 -0.464712 -0.007933 -0.885427 -0.822770 -0.022858 -0.567914 0.821765 0.054333 0.567231 0.991320 0.052822 0.120397 0.933229 0.061968 -0.353898 -0.934964 0.010823 0.354579 -0.662970 0.020601 0.748362 -0.239301 0.008506 0.970908 0.239308 -0.004787 0.970932 0.663050 -0.013943 0.748445 0.934603 -0.029805 0.354443 0.933422 0.058573 0.353968 0.990999 0.058609 -0.120359 
						0.822101 0.046251 -0.567460 0.822963 0.007835 -0.568041 0.464676 0.014330 -0.885365 -0.000001 0.002192 -0.999998 -0.460367 -0.027900 -0.887290 -0.808370 -0.102973 -0.579598 0.823617 -0.004550 0.567128 0.990790 0.044565 0.127861 0.935977 0.110472 -0.334281 -0.925189 0.090576 0.368540 -0.655871 0.046944 0.753411 -0.236060 0.017863 0.971574 0.237265 -0.011098 0.971381 0.656766 -0.041505 0.752952 0.921873 -0.111155 0.371208 0.936170 0.105824 0.335241 0.990170 0.053256 -0.129335 0.824779 -0.017363 -0.565189 0.812570 0.079330 -0.577440 0.458730 0.037499 -0.887784 -0.000646 0.003685 -0.999993 -0.445693 -0.084210 -0.891216 -0.779729 -0.197871 -0.594028 0.828988 -0.059154 0.556129 0.991362 0.029611 0.127765 0.937323 0.134673 -0.321386 -0.911386 0.151005 0.382849 -0.643853 0.093611 0.759401 -0.227898 0.049073 0.972448 0.230382 -0.038710 0.972330 0.643460 -0.095235 0.759532 0.909294 -0.159802 0.384251 0.937497 0.131170 0.322325 0.990838 0.037886 -0.129633 0.829909 -0.071578 -0.553288 0.785476 0.178525 -0.592584 0.442821 0.095843 -0.891473 -0.001108 0.004837 -0.999988 0.993873 0.110525 -0.000053 0.985379 0.170375 -0.000139 1.000000 -0.000488 -0.000042 0.999717 0.023805 -0.000065 0.997594 -0.069322 -0.000105 0.989331 -0.145683 -0.000039 0.982185 -0.187916 -0.000035 0.982184 -0.187920 0.000009 0.989333 -0.145675 0.000116 0.997594 -0.069321 0.000086 0.999717 0.023781 -0.000057 0.993876 0.110506 -0.000078 0.985382 0.170360 -0.000087 0.981495 0.191487 -0.000099 -0.414105 -0.086564 -0.906104 -0.704070 -0.239469 -0.668535 -0.000079 -0.000000 -1.000000 0.858357 -0.124993 0.497595 0.990113 0.027209 0.137609 0.997560 0.000674 -0.069816 0.953051 0.134533 -0.271282 0.761100 0.303476 -0.573261 -0.556186 0.192312 0.808501 -0.213670 0.041957 0.976004 0.000032 0.000000 1.000000 0.213720 -0.041876 0.975997 
						0.556285 -0.192156 0.808470 0.761099 0.303463 0.573270 0.953048 0.134442 0.271339 0.997552 0.000674 0.069918 0.990141 0.026961 -0.137456 0.858425 -0.125316 -0.497397 0.703963 0.239641 -0.668587 0.413949 0.086817 -0.906151 -0.000104 0.000165 -1.000000 
					</float_array>
					<technique_common>
						<accessor count="137" offset="0" source="#meshId17-tangents-array" stride="3">
							<param name="X" type="float" />
							<param name="Y" type="float" />
							<param name="Z" type="float" />
						</accessor>
					</technique_common>
				</source>
				<source id="meshId17-bitangents" name="meshId17-bitangents">
					<float_array id="meshId17-bitangents-array" count="411"> 
						0.200330 0.978055 -0.057240 0.224788 0.972803 -0.055902 0.239240 0.965012 -0.107310 0.201219 0.973466 -0.108972 0.001425 -0.968855 0.247624 0.000750 -0.962207 0.272317 0.043549 -0.971215 0.234189 0.040016 -0.976390 0.212278 0.070744 -0.973301 0.218359 0.071444 -0.978185 0.195063 -0.206609 0.968139 -0.141491 -0.242129 0.958618 -0.149751 -0.226863 0.969723 -0.090386 -0.193059 0.976427 -0.096531 -0.230395 0.972600 -0.031096 -0.207064 0.977696 -0.035145 -0.230944 0.972540 0.028811 -0.208068 0.977623 0.031007 -0.228016 0.969577 0.089040 -0.197972 0.975989 0.090847 -0.237404 0.959483 0.151763 -0.189618 0.970565 0.148489 -0.068521 0.978173 0.196170 -0.070279 0.973294 0.218538 -0.044630 0.971139 0.234301 -0.045405 0.976029 0.212854 0.000902 0.962508 0.271252 0.004610 0.969838 0.243707 0.212413 0.971961 0.100861 0.242063 0.964539 0.105217 0.224024 0.972892 0.057399 0.197430 0.978299 0.062873 0.225013 0.974355 0.001101 0.203834 0.979003 0.002323 0.026009 0.999653 0.004080 0.026541 0.999620 -0.007477 0.050284 -0.996905 0.060430 0.055980 -0.998031 0.028284 0.055400 -0.998462 0.001967 -0.046095 0.998922 -0.005507 -0.028322 0.999599 -0.000649 -0.022420 0.999749 0.000282 -0.023283 0.999722 -0.003788 -0.032176 0.999475 -0.003706 -0.029236 0.999502 0.011914 -0.052977 0.998592 0.002888 -0.060458 0.997755 0.028821 -0.044244 0.997434 0.056276 0.037314 0.999304 0.000035 0.023553 0.999722 0.000604 0.021101 0.999775 0.002014 -0.003935 0.999969 -0.006894 -0.018972 0.999739 -0.012754 0.044875 -0.998523 0.030633 0.052471 -0.998604 0.006087 0.057840 -0.998078 -0.022241 0.010222 0.999941 -0.003570 0.013877 0.999788 -0.015228 0.002314 0.999964 -0.008190 0.001424 0.999989 0.004580 0.009462 0.999903 0.010245 0.027970 0.999556 0.010300 -0.054665 0.998283 -0.021037 -0.058216 0.998281 0.006786 
						-0.038223 0.998930 0.026043 -0.006607 0.999969 0.004220 -0.006907 0.999897 0.012558 -0.000279 0.999998 0.002192 -0.165879 0.984605 0.055106 -0.183940 0.979467 0.082528 0.094609 -0.984854 -0.145298 0.065865 -0.983663 -0.167538 0.042981 -0.978247 -0.202942 0.148072 0.980289 0.130796 0.163641 0.983173 0.081195 0.176253 0.984034 0.024731 0.174625 0.984134 -0.031409 0.160012 0.983417 -0.085362 0.167481 0.978169 -0.123025 -0.038533 0.978760 -0.201354 -0.074619 0.983230 -0.166403 -0.083884 0.984712 -0.152663 -0.164398 0.981665 -0.096476 -0.170359 0.984287 -0.046452 -0.172271 0.985042 0.003741 -0.237217 0.971085 0.026874 -0.291937 0.954202 0.065355 0.077354 -0.972705 -0.218772 0.057480 -0.973730 -0.220332 0.049613 -0.964479 -0.259458 0.224525 0.962057 0.155030 0.233964 0.969038 0.078912 0.234301 0.972146 0.005852 0.231858 0.972615 -0.016215 0.235043 0.968879 -0.077639 0.232856 0.960634 -0.151524 -0.046208 0.964961 -0.258293 -0.065905 0.973442 -0.219240 -0.066755 0.971870 -0.225859 -0.276101 0.958010 -0.077360 -0.242542 0.970006 -0.016192 -0.223032 0.974798 0.004962 0.017498 -0.156872 0.987464 0.015293 -0.087638 0.996035 0.000042 0.000001 1.000000 0.004608 -0.190828 0.981613 -0.012396 -0.179867 0.983613 -0.018633 -0.126805 0.991753 -0.008668 -0.045495 0.998927 0.008694 0.045489 0.998927 0.018557 0.126817 0.991753 0.012414 0.179868 0.983612 -0.004484 0.190835 0.981612 -0.017366 0.156890 0.987463 -0.015070 0.087677 0.996035 0.000097 0.000019 1.000000 -0.515468 0.842762 0.155065 -0.521916 0.812891 0.258481 -1.000000 -0.000676 0.000079 0.177018 -0.838161 -0.515898 0.095884 -0.847320 -0.522355 -0.069816 -0.000047 -0.997560 -0.037042 -0.837361 -0.545394 -0.132720 -0.792237 -0.595606 0.536232 0.826288 0.172343 0.524960 0.847500 0.078494 1.000000 0.000676 -0.000032 0.524940 0.847504 -0.078586 
						0.536133 0.826321 -0.172498 0.132736 0.792238 -0.595601 0.037146 0.837372 -0.545369 0.069918 0.000047 -0.997553 -0.095594 0.847328 -0.522396 -0.176683 0.838117 -0.516084 -0.522060 0.812845 -0.258336 -0.515581 0.842744 -0.154786 -0.531405 0.847118 0.000195 
					</float_array>
					<technique_common>
						<accessor count="137" offset="0" source="#meshId17-bitangents-array" stride="3">
							<param name="X" type="float" />
							<param name="Y" type="float" />
							<param name="Z" type="float" />
						</accessor>
					</technique_common>
				</source>
				<source id="meshId17-tex0" name="meshId17-tex0">
					<float_array id="meshId17-tex0-array" count="274"> 
						0.805715 0.340798 0.804310 0.325863 0.809085 0.325476 0.812025 0.340384 0.724823 0.545174 0.722232 0.559986 0.717522 0.559529 0.718526 0.544610 0.712793 0.559324 0.712208 0.544327 0.750169 0.327060 0.753680 0.312156 0.758451 0.312697 0.756459 0.327632 0.763410 0.312944 0.762766 0.327860 0.768430 0.312944 0.769076 0.327860 0.773389 0.312696 0.775383 0.327631 0.778160 0.312155 0.781673 0.327059 0.839090 0.444474 0.839677 0.429477 0.844406 0.429273 0.845408 0.444192 0.849117 0.428817 0.851705 0.443629 0.786772 0.340387 0.789708 0.325478 0.794483 0.325864 0.793082 0.340800 0.799396 0.325985 0.799399 0.340915 0.806181 0.347400 0.813011 0.347308 0.725785 0.538447 0.718951 0.538017 0.712113 0.537639 0.748979 0.334129 0.755798 0.334263 0.762553 0.334345 0.769289 0.334345 0.776045 0.334262 0.782863 0.334128 0.838993 0.451162 0.845832 0.450785 0.852666 0.450356 0.785787 0.347312 0.792618 0.347402 0.799399 0.347437 0.806200 0.390442 0.813038 0.390501 0.728237 0.495449 0.721390 0.495085 0.714545 0.494694 0.748940 0.377415 0.755770 0.377329 0.762545 0.377258 0.769301 0.377258 0.776076 0.377328 0.782906 0.377414 0.841418 0.494108 0.848264 0.493717 
						0.855110 0.493355 0.785773 0.390505 0.792611 0.390444 0.799406 0.390412 0.806116 0.394288 0.812897 0.394649 0.728424 0.491452 0.721608 0.491247 0.714805 0.490793 0.749102 0.381668 0.755879 0.381204 0.762583 0.381013 0.769263 0.381013 0.775967 0.381203 0.782744 0.381667 0.841678 0.498009 0.848481 0.497556 0.855296 0.497352 0.785915 0.394653 0.792696 0.394290 0.799406 0.394188 0.804627 0.409138 0.809791 0.409929 0.727505 0.476298 0.722290 0.476390 0.717131 0.475968 0.752600 0.396790 0.757941 0.396224 0.763257 0.395720 0.768590 0.395720 0.773906 0.396223 0.779247 0.396789 0.844001 0.512833 0.849160 0.512412 0.854375 0.512506 0.789025 0.409932 0.794189 0.409140 0.799408 0.408891 0.530889 0.001679 0.534029 0.005224 0.525220 0.009820 0.526462 0.000000 0.521762 0.000570 0.517865 0.003260 0.515664 0.007452 0.515664 0.012188 0.517864 0.016381 0.521761 0.019070 0.526462 0.019641 0.530889 0.017962 0.534028 0.014418 0.535161 0.009821 0.804627 0.409138 0.809791 0.409929 0.799411 0.429534 0.727505 0.476298 0.722290 0.476390 0.721575 0.455705 0.717131 0.475968 0.712107 0.474780 0.757941 0.396224 0.763257 0.395720 0.765924 0.416231 0.768590 0.395720 
						0.773906 0.396223 0.838977 0.514021 0.844001 0.512833 0.848441 0.533097 0.849160 0.512412 0.854375 0.512506 0.789025 0.409932 0.794189 0.409140 0.799408 0.408891 
					</float_array>
					<technique_common>
						<accessor count="137" offset="0" source="#meshId17-tex0-array" stride="2">
							<param name="S" type="float" />
							<param name="T" type="float" />
						</accessor>
					</technique_common>
				</source>
				<vertices id="meshId17-vertices">
					<input semantic="POSITION" source="#meshId17-positions" />
				</vertices>
				<polylist count="156" material="defaultMaterial">
					<input offset="0" semantic="VERTEX" source="#meshId17-vertices" />
					<input offset="0" semantic="NORMAL" source="#meshId17-normals" />
					<input offset="0" semantic="TANGENT" source="#meshId17-tangents" />
					<input offset="0" semantic="BINORMAL" source="#meshId17-bitangents" />
					<input offset="0" semantic="TEXCOORD" source="#meshId17-tex0" set="0" />
					<vcount>
						3 3 3 3 3 3 3 3 3 3 3 3 3 3 3 3 3 3 3 3 3 3 3 3 3 3 3 3 3 3 3 3 3 3 3 3 3 3 3 3 3 3 3 3 3 3 3 3 3 3 3 3 3 3 3 3 3 3 3 3 3 3 3 3 
						3 3 3 3 3 3 3 3 3 3 3 3 3 3 3 3 3 3 3 3 3 3 3 3 3 3 3 3 3 3 3 3 3 3 3 3 3 3 3 3 3 3 3 3 3 3 3 3 3 3 3 3 3 3 3 3 3 3 3 3 3 3 3 3 
						3 3 3 3 3 3 3 3 3 3 3 3 3 3 3 3 3 3 3 3 3 3 3 3 3 3 3 3 
					</vcount>
					<p>
						0 1 2 2 3 0 4 5 6 6 7 4 7 6 8 8 9 7 10 11 12 12 13 10 13 12 14 14 15 13 15 14 16 16 17 15 17 16 18 18 19 17 19 18 20 20 21 19 22 23 24 24 25 22 25 24 26 26 27 25 28 29 30 30 31 28 31 30 32 32 33 31 33 32 1 1 0 33 34 0 3 3 35 34 36 4 7 7 37 36 37 7 9 9 38 37 39 10 13 13 40 39 40 13 15 15 41 40 41 15 17 17 42 41 42 17 19 19 43 42 43 19 21 21 44 43 45 22 25 25 46 45 46 25 27 27 47 46 48 28 31 31 49 48 49 31 33 33 50 49 50 33 0 0 34 50 51 34 35 35 52 51 53 36 37 37 54 53 54 37 38 38 55 54 56 39 40 40 57 56 57 40 41 41 58 57 58 41 42 42 59 58 
						59 42 43 43 60 59 60 43 44 44 61 60 62 45 46 46 63 62 63 46 47 47 64 63 65 48 49 49 66 65 66 49 50 50 67 66 67 50 34 34 51 67 68 51 52 52 69 68 70 53 54 54 71 70 71 54 55 55 72 71 73 56 57 57 74 73 74 57 58 58 75 74 75 58 59 59 76 75 76 59 60 60 77 76 77 60 61 61 78 77 79 62 63 63 80 79 80 63 64 64 81 80 82 65 66 66 83 82 83 66 67 67 84 83 84 67 51 51 68 84 85 68 69 69 86 85 87 70 71 71 88 87 88 71 72 72 89 88 90 73 74 74 91 90 91 74 75 75 92 91 92 75 76 76 93 92 93 76 77 77 94 93 94 77 78 78 95 94 96 79 80 80 97 96 97 80 81 81 98 97 99 82 83 83 100 99 100 83 84 84 101 100 
						101 84 68 68 85 101 102 103 104 105 102 104 106 105 104 107 106 104 108 107 104 109 108 104 110 109 104 111 110 104 112 111 104 113 112 104 114 113 104 115 114 104 103 115 104 116 117 118 119 120 121 120 122 121 122 123 121 124 125 126 125 127 126 127 128 126 129 130 131 130 132 131 132 133 131 134 135 118 135 136 118 136 116 118 
					</p>
				</polylist>
			</mesh>
		</geometry>
		<geometry id="meshId18" name="meshId18_name" >
			<mesh>
				<source id="meshId18-positions" name="meshId18-positions">
					<float_array id="meshId18-positions-array" count="438"> 
						-17.705999 12.236133 31.660381 -17.746424 12.185724 31.681953 -17.788691 12.185724 31.634241 -17.762999 12.236133 31.596045 -17.762999 12.236133 31.596045 -17.788691 12.185724 31.634241 -17.848288 12.185724 31.611641 -17.843367 12.236133 31.565565 -17.911560 12.185724 31.619324 -17.928694 12.236133 31.575926 -17.964016 12.185724 31.655533 -17.999434 12.236133 31.624750 -17.999434 12.236133 31.624750 -17.964016 12.185724 31.655533 -17.993637 12.185724 31.711971 -18.039379 12.236133 31.700863 -17.993637 12.185724 31.775707 -18.039379 12.236133 31.786816 -17.964016 12.185724 31.832146 -17.999434 12.236133 31.862926 -17.999434 12.236133 31.862926 -17.964016 12.185724 31.832146 -17.911560 12.185724 31.868355 -17.928694 12.236133 31.911753 -17.848288 12.185724 31.876038 -17.843367 12.236133 31.922113 -17.788691 12.185724 31.853436 -17.762999 12.236133 31.891632 -17.762999 12.236133 31.891632 -17.788691 12.185724 31.853436 -17.746424 12.185724 31.805725 -17.705999 12.236133 31.827297 -17.731171 12.185724 31.743839 -17.685429 12.236133 31.743839 -17.677088 12.281883 31.644955 -17.744623 12.281883 31.568726 -17.744623 12.281883 31.568726 -17.839848 12.281883 31.532612 -17.940948 12.281883 31.544888 -18.024763 12.281883 31.602741 -18.024763 12.281883 31.602741 -18.072092 12.281883 31.692917 -18.072092 12.281883 31.794762 -18.024763 12.281883 31.884937 -18.024763 12.281883 31.884937 -17.940948 12.281883 31.942789 -17.839848 12.281883 31.955067 -17.744623 12.281883 31.918953 -17.744623 12.281883 31.918953 -17.677088 12.281883 31.842724 -17.652716 12.281883 31.743839 -17.677088 12.341610 31.644955 -17.744623 12.341610 31.568726 -17.744623 12.341610 31.568726 -17.744623 12.281883 31.568726 -17.839848 12.281883 31.532612 -17.839848 12.341610 31.532612 -17.940948 12.281883 31.544888 -17.940948 12.341610 31.544888 -17.940948 12.341610 31.544888 -17.940948 12.281883 31.544888 -18.024763 12.341610 31.602741 -18.072092 12.341610 31.692917 -18.072092 12.341610 31.794762 
						-18.024763 12.341610 31.884937 -17.940948 12.281883 31.942789 -17.940948 12.341610 31.942789 -17.940948 12.341610 31.942789 -17.940948 12.281883 31.942789 -17.839848 12.281883 31.955067 -17.839848 12.341610 31.955067 -17.744623 12.281883 31.918953 -17.744623 12.341610 31.918953 -17.744623 12.341610 31.918953 -17.677088 12.341610 31.842724 -17.652716 12.341610 31.743839 -17.705999 12.387362 31.660381 -17.762999 12.387362 31.596045 -17.762999 12.387362 31.596045 -17.744623 12.341610 31.568726 -17.839848 12.341610 31.532612 -17.843367 12.387362 31.565565 -17.940948 12.341610 31.544888 -17.928694 12.387362 31.575926 -18.024763 12.341610 31.602741 -17.999434 12.387362 31.624750 -17.999434 12.387362 31.624750 -18.039379 12.387362 31.700863 -18.039379 12.387362 31.786816 -17.999434 12.387362 31.862926 -17.999434 12.387362 31.862926 -18.024763 12.341610 31.884937 -17.940948 12.341610 31.942789 -17.928694 12.387362 31.911753 -17.839848 12.341610 31.955067 -17.843367 12.387362 31.922113 -17.744623 12.341610 31.918953 -17.762999 12.387362 31.891632 -17.762999 12.387362 31.891632 -17.705999 12.387362 31.827297 -17.685429 12.387362 31.743839 -17.732899 12.437769 31.674734 -17.780094 12.437769 31.621464 -17.780094 12.437769 31.621464 -17.846642 12.437769 31.596226 -17.917294 12.437769 31.604803 -17.975866 12.437769 31.645233 -17.975866 12.437769 31.645233 -18.008942 12.437769 31.708252 -18.008942 12.437769 31.779425 -17.975866 12.437769 31.842445 -17.975866 12.437769 31.842445 -17.917294 12.437769 31.882874 -17.846642 12.437769 31.891453 -17.780094 12.437769 31.866215 -17.780094 12.437769 31.866215 -17.732899 12.437769 31.812943 -17.715866 12.437769 31.743839 -17.788691 12.185724 31.634241 -17.746424 12.185724 31.681953 -17.865013 12.185724 31.743839 -17.848288 12.185724 31.611641 -17.911560 12.185724 31.619324 -17.964016 12.185724 31.655533 -17.993637 12.185724 31.711971 -17.993637 12.185724 31.775707 -17.964016 12.185724 31.832146 -17.911560 12.185724 31.868355 
						-17.848288 12.185724 31.876038 -17.788691 12.185724 31.853436 -17.746424 12.185724 31.805725 -17.731171 12.185724 31.743839 -17.732899 12.437769 31.674734 -17.780094 12.437769 31.621464 -17.865013 12.498280 31.743839 -17.846642 12.437769 31.596226 -17.917294 12.437769 31.604803 -17.975866 12.437769 31.645233 -18.008942 12.437769 31.708252 -18.008942 12.437769 31.779425 -17.975866 12.437769 31.842445 -17.917294 12.437769 31.882874 -17.846642 12.437769 31.891453 -17.780094 12.437769 31.866215 -17.732899 12.437769 31.812943 -17.715866 12.437769 31.743839 
					</float_array>
					<technique_common>
						<accessor count="146" offset="0" source="#meshId18-positions-array" stride="3">
							<param name="X" type="float" />
							<param name="Y" type="float" />
							<param name="Z" type="float" />
						</accessor>
					</technique_common>
				</source>
				<source id="meshId18-normals" name="meshId18-normals">
					<float_array id="meshId18-normals-array" count="438"> 
						0.692390 -0.623324 -0.363406 0.655451 -0.672614 -0.343474 0.420167 -0.674320 -0.607250 0.443396 -0.625086 -0.642392 0.443396 -0.625086 -0.642392 0.420167 -0.674320 -0.607250 0.089743 -0.676711 -0.730759 0.093838 -0.627556 -0.772896 -0.259367 -0.679238 -0.686560 -0.275341 -0.630159 -0.726008 -0.547456 -0.681321 -0.485894 -0.579886 -0.632301 -0.513739 -0.579886 -0.632301 -0.513739 -0.547456 -0.681321 -0.485894 -0.709592 -0.682496 -0.175152 -0.751252 -0.633509 -0.185168 -0.709591 -0.682498 0.175149 -0.751252 -0.633510 0.185165 -0.547455 -0.681324 0.485891 -0.579888 -0.632301 0.513737 -0.579888 -0.632301 0.513737 -0.547455 -0.681324 0.485891 -0.259367 -0.679236 0.686562 -0.275344 -0.630157 0.726008 0.089743 -0.676707 0.730763 0.093838 -0.627557 0.772895 0.420168 -0.674322 0.607247 0.443396 -0.625090 0.642388 0.443396 -0.625090 0.642388 0.420168 -0.674322 0.607247 0.655446 -0.672621 0.343471 0.692385 -0.623329 0.363405 0.740552 -0.671999 0.000000 0.782473 -0.622685 0.000000 0.852454 -0.269990 -0.447692 0.546415 -0.271115 -0.792419 0.546415 -0.271115 -0.792419 0.115432 -0.272701 -0.955149 -0.341468 -0.274378 -0.898953 -0.719722 -0.275762 -0.637146 -0.719722 -0.275762 -0.637146 -0.933106 -0.276543 -0.229861 -0.933107 -0.276543 0.229860 -0.719723 -0.275762 0.637145 -0.719723 -0.275762 0.637145 -0.341471 -0.274377 0.898952 0.115433 -0.272704 0.955148 0.546416 -0.271117 0.792417 0.546416 -0.271117 0.792417 0.852453 -0.269992 0.447693 0.962978 -0.269581 0.000000 0.852453 0.269990 -0.447693 0.546414 0.271119 -0.792418 0.546414 0.271119 -0.792418 0.546415 -0.271115 -0.792419 0.115432 -0.272701 -0.955149 0.115433 0.272706 -0.955148 -0.341468 -0.274378 -0.898953 -0.341469 0.274379 -0.898952 -0.341469 0.274379 -0.898952 -0.341468 -0.274378 -0.898953 -0.719723 0.275763 -0.637145 -0.933107 0.276544 -0.229860 -0.933107 0.276543 0.229861 
						-0.719723 0.275761 0.637146 -0.341471 -0.274377 0.898952 -0.341472 0.274378 0.898952 -0.341472 0.274378 0.898952 -0.341471 -0.274377 0.898952 0.115433 -0.272704 0.955148 0.115432 0.272704 0.955148 0.546416 -0.271117 0.792417 0.546415 0.271119 0.792417 0.546415 0.271119 0.792417 0.852452 0.269992 0.447693 0.962978 0.269581 -0.000001 0.736503 0.555139 -0.386502 0.471873 0.556941 -0.683485 0.471873 0.556941 -0.683485 0.546414 0.271119 -0.792418 0.115433 0.272706 -0.955148 0.100009 0.559466 -0.822798 -0.341469 0.274379 -0.898952 -0.293181 0.562124 -0.773344 -0.719723 0.275763 -0.637145 -0.617891 0.564319 -0.547499 -0.617891 0.564319 -0.547499 -0.800743 0.565552 -0.197386 -0.800743 0.565551 0.197388 -0.617893 0.564319 0.547497 -0.617893 0.564319 0.547497 -0.719723 0.275761 0.637146 -0.341472 0.274378 0.898952 -0.293186 0.562124 0.773343 0.115432 0.272704 0.955148 0.100008 0.559465 0.822798 0.546415 0.271119 0.792417 0.471873 0.556944 0.683483 0.471873 0.556944 0.683483 0.736501 0.555143 0.386500 0.832191 0.554489 -0.000002 0.757847 0.517537 -0.397271 0.486089 0.519301 -0.702883 0.486089 0.519301 -0.702883 0.103734 0.521770 -0.846756 -0.301133 0.524383 -0.796455 -0.635939 0.526552 -0.564203 -0.635939 0.526552 -0.564203 -0.824658 0.527761 -0.203490 -0.824660 0.527760 0.203484 -0.635942 0.526557 0.564194 -0.635942 0.526557 0.564194 -0.301135 0.524388 0.796451 0.103734 0.521770 0.846756 0.486088 0.519304 0.702881 0.486088 0.519304 0.702881 0.757846 0.517540 0.397268 0.856041 0.516908 0.000000 0.000000 -1.000000 -0.000005 0.000000 -1.000000 -0.000007 0.000000 -1.000000 -0.000001 0.000000 -1.000000 0.000002 0.000000 -1.000000 0.000000 0.000000 -1.000000 0.000000 0.000000 -1.000000 0.000000 0.000000 -1.000000 0.000000 0.000000 -1.000000 0.000000 0.000000 -1.000000 0.000002 
						0.000000 -1.000000 0.000002 0.000000 -1.000000 0.000000 0.000000 -1.000000 0.000000 0.000000 -1.000000 0.000000 0.333028 0.926592 -0.174696 0.213930 0.926467 -0.309666 -0.000536 1.000000 -0.000002 0.045607 0.926295 -0.374030 -0.133611 0.926102 -0.352822 -0.282592 0.925946 -0.250531 -0.366881 0.925858 -0.090470 -0.366877 0.925860 0.090469 -0.282594 0.925948 0.250523 -0.133611 0.926104 0.352816 0.045607 0.926295 0.374028 0.213926 0.926472 0.309655 0.333028 0.926594 0.174686 0.375949 0.926641 0.000000 
					</float_array>
					<technique_common>
						<accessor count="146" offset="0" source="#meshId18-normals-array" stride="3">
							<param name="X" type="float" />
							<param name="Y" type="float" />
							<param name="Z" type="float" />
						</accessor>
					</technique_common>
				</source>
				<source id="meshId18-tangents" name="meshId18-tangents">
					<float_array id="meshId18-tangents-array" count="438"> 
						0.631175 0.767289 -0.113511 0.685120 0.720919 -0.104337 0.730731 0.648196 -0.214182 0.681189 0.700814 -0.211759 0.890777 0.386930 0.238331 0.903385 0.374067 0.209686 0.995101 0.091485 0.037488 0.994658 0.092631 0.045550 0.960201 -0.257652 -0.107838 0.952873 -0.278945 -0.119262 0.831965 -0.505671 -0.228321 0.806515 -0.534686 -0.252277 -0.183468 0.715743 -0.673833 -0.260417 0.690508 -0.674819 -0.418168 0.607975 -0.674910 -0.368016 0.634956 -0.679261 -0.636869 0.514887 -0.573837 -0.604534 0.547878 -0.578246 -0.828324 0.358588 -0.430458 -0.811818 0.395512 -0.429560 0.807001 -0.532277 0.255793 0.832091 -0.504930 0.229498 0.960118 -0.258199 0.107266 0.952808 -0.279312 0.118924 0.995226 0.089191 -0.039628 0.994818 0.089620 -0.048014 0.903354 0.374299 -0.209408 0.890663 0.387705 -0.237498 0.679586 0.701754 0.213786 0.713183 0.659157 0.238499 0.671602 0.727118 0.142301 0.632026 0.766917 0.111271 0.671764 0.740293 0.026466 0.622681 0.782468 -0.003398 0.279174 0.959098 -0.046826 0.321992 0.941439 -0.100069 0.812758 0.400000 0.423585 0.990618 0.102420 0.090477 0.911245 -0.330985 -0.245114 0.641563 -0.614901 -0.458577 0.241076 0.761360 -0.601842 -0.055785 0.742794 -0.667192 -0.359352 0.693395 -0.624555 -0.626821 0.652668 -0.425581 0.644742 -0.605871 0.466078 0.911839 -0.328640 0.246059 0.990863 0.099141 -0.091444 0.812149 0.402618 -0.422271 0.324265 0.940845 0.098301 0.283476 0.958222 0.038112 0.269571 0.962941 -0.008682 -0.280733 0.958792 0.043674 -0.313248 0.943640 0.106857 0.153738 -0.962546 -0.223316 -0.154075 -0.962547 0.223079 -0.032923 -0.962099 0.270706 0.032515 -0.962097 -0.270761 0.097238 -0.961622 0.256570 -0.097624 -0.961622 -0.256424 0.717986 0.693370 -0.061098 0.529037 0.734434 -0.425119 0.624495 0.658107 -0.420598 0.359418 0.696871 -0.620637 0.054014 0.739748 -0.670713 
						-0.244665 0.758110 -0.604490 -0.718766 0.692512 -0.061659 -0.529658 0.733936 -0.425206 -0.097368 -0.961622 0.256521 0.097431 -0.961622 -0.256495 -0.032549 -0.962098 -0.270755 0.032922 -0.962098 0.270709 -0.153738 -0.962546 -0.223314 0.154077 -0.962546 0.223083 -0.311199 0.944138 -0.108440 -0.276132 0.959659 -0.052963 -0.269571 0.962941 -0.008720 -0.560299 0.820788 0.111229 -0.600024 0.770859 0.213886 0.873253 -0.402072 0.275257 0.812008 -0.403225 0.421962 0.990934 -0.098158 0.091733 0.993883 -0.095109 0.056134 0.910827 0.332619 -0.244457 0.943408 0.301242 -0.138689 0.643483 0.609489 -0.463090 0.773764 0.560094 -0.295946 0.786151 0.455193 -0.418050 0.561094 0.592796 -0.577726 0.305217 0.668760 -0.677941 0.099563 0.746880 -0.657463 0.773464 0.561384 0.294281 0.640968 0.616550 0.457194 0.910339 0.334503 0.243701 0.943361 0.301473 0.138509 0.990708 -0.101239 -0.090825 0.993701 -0.098189 -0.054016 0.812373 -0.401664 -0.422749 0.873138 -0.402764 -0.274613 -0.603394 0.769231 -0.210237 -0.560738 0.820630 -0.110176 -0.554489 0.832191 -0.000168 -0.516268 0.847998 0.119863 -0.552818 0.805643 0.212912 0.863543 -0.408937 0.295067 0.992891 -0.104283 0.057378 0.940002 0.303692 -0.155458 0.757284 0.566607 -0.324774 0.770160 0.479763 -0.420335 0.535561 0.612797 -0.581081 0.278273 0.691747 -0.666371 0.080523 0.772354 -0.630068 0.757221 0.566868 0.324463 0.939693 0.305218 0.154337 0.992740 -0.106425 -0.056040 0.863314 -0.410210 -0.293966 -0.569608 0.798244 -0.195840 -0.528136 0.844139 -0.092205 -0.516809 0.855878 0.019532 1.000000 -0.000000 0.000586 1.000000 -0.000000 0.000272 1.000000 -0.000000 0.000142 0.999999 -0.000000 -0.001632 0.999991 0.000000 -0.004126 0.999998 0.000000 -0.001981 1.000000 0.000000 0.000244 1.000000 0.000000 0.000133 0.999997 0.000000 0.002315 0.999990 0.000000 0.004465 
						0.999998 0.000000 0.001909 1.000000 0.000000 -0.000379 1.000000 0.000000 -0.000056 1.000000 0.000000 0.000092 0.941083 -0.338174 0.000329 0.974613 -0.223867 0.003532 1.000000 0.000536 0.000026 0.998791 -0.049165 0.000028 0.990183 0.139503 -0.008802 0.956862 0.290488 -0.005687 0.929667 0.368401 0.000107 0.929669 0.368395 -0.000092 0.956865 0.290476 0.005744 0.990181 0.139512 0.008775 0.998790 -0.049169 -0.000017 0.974607 -0.223895 -0.003427 0.941078 -0.338189 -0.000238 0.926641 -0.375949 0.000072 
					</float_array>
					<technique_common>
						<accessor count="146" offset="0" source="#meshId18-tangents-array" stride="3">
							<param name="X" type="float" />
							<param name="Y" type="float" />
							<param name="Z" type="float" />
						</accessor>
					</technique_common>
				</source>
				<source id="meshId18-bitangents" name="meshId18-bitangents">
					<float_array id="meshId18-bitangents-array" count="438"> 
						0.349592 -0.150779 0.924690 0.317795 -0.166933 0.933348 0.538044 -0.353744 0.765097 0.582565 -0.343697 0.736540 0.099584 -0.677903 0.728375 0.085757 -0.636684 0.766342 0.041485 -0.730543 0.681606 0.043009 -0.773041 0.632896 -0.103646 -0.687205 0.719032 -0.127362 -0.724631 0.677266 -0.090142 -0.529243 0.843668 -0.115174 -0.560630 0.820017 0.793771 -0.296492 -0.531056 0.795283 -0.242899 -0.555451 0.567111 -0.405668 -0.716812 0.547891 -0.442151 -0.710153 0.301461 -0.518737 -0.800021 0.264877 -0.546347 -0.794572 0.119047 -0.638132 -0.760668 0.068422 -0.666157 -0.742666 0.111712 0.562918 0.818929 0.088978 0.529946 0.843351 0.104411 0.687002 0.719115 0.127842 0.724491 0.677325 -0.038361 0.730830 0.681480 -0.039136 0.773395 0.632715 -0.086084 0.636545 0.766420 -0.100599 0.677457 0.728651 -0.584434 0.341766 0.735957 -0.561096 0.332869 0.757872 -0.345459 0.137405 0.928320 -0.348060 0.152639 0.924962 -0.017785 -0.019600 0.999650 0.002116 0.002659 0.999994 0.442023 -0.085067 0.892961 0.773144 -0.200474 0.601713 0.202128 -0.875498 0.438917 0.073153 -0.956632 0.281965 -0.230286 -0.902865 0.363046 -0.265324 -0.738818 0.619477 0.651063 -0.586760 -0.481488 0.355247 -0.609738 -0.708533 0.013332 -0.665377 -0.746388 -0.298485 -0.705677 -0.642594 0.257501 0.746241 0.613855 0.227919 0.903722 0.362409 -0.069757 0.956976 0.281656 -0.204557 0.874296 0.440184 -0.772193 0.203240 0.602007 -0.439279 0.094422 0.893375 0.002340 0.008360 0.999962 0.441036 0.088452 0.893120 0.776729 0.189835 0.600546 -0.823284 0.000198 -0.567630 -0.823220 0.000198 -0.567722 -0.992770 0.000198 -0.120035 -0.992783 0.000198 -0.119925 -0.934850 0.000198 0.355043 -0.934809 0.000199 0.355150 0.606543 -0.666299 -0.433765 0.776865 -0.620744 -0.105630 0.303324 -0.700607 -0.645867 -0.011451 -0.661736 -0.749649 -0.355520 -0.613431 -0.705201 
						-0.649722 -0.590952 -0.478160 -0.605617 -0.667191 -0.433686 -0.776440 -0.621333 -0.105292 0.934835 0.000065 0.355082 0.934829 0.000000 0.355099 0.992782 0.000165 -0.119934 0.992770 0.000197 -0.120035 0.823282 0.000197 -0.567632 0.823220 0.000197 -0.567723 -0.777551 -0.187346 0.600263 -0.443932 -0.078474 0.892617 -0.002350 0.008397 0.999962 0.378984 0.134636 0.915557 0.645993 0.309180 0.697926 -0.121509 -0.726742 -0.676078 -0.205121 -0.874016 -0.440479 -0.068740 -0.957077 -0.281564 -0.046851 -0.823379 -0.565555 0.231935 -0.902264 -0.363491 0.155003 -0.770240 -0.618631 0.260630 -0.743289 -0.616112 0.139643 -0.606497 -0.782727 0.013304 -0.688726 -0.724900 -0.209724 -0.573362 -0.792005 -0.515415 -0.482610 -0.708120 -0.779933 -0.351732 -0.517677 -0.141288 0.605303 -0.783355 -0.266756 0.737443 -0.620499 -0.233836 0.901568 -0.364000 -0.155283 0.770150 -0.618673 0.071930 0.956757 -0.281856 0.050570 0.823017 -0.565761 0.203670 0.874734 -0.439725 0.122338 0.726357 -0.676342 -0.642847 -0.313204 0.699036 -0.378337 -0.135580 0.915685 -0.000091 0.000141 1.000000 0.398918 0.114260 0.909840 0.676838 0.285073 0.678693 -0.134206 -0.750398 -0.647218 -0.058364 -0.846688 -0.528878 0.160358 -0.795483 -0.584373 0.148671 -0.633798 -0.759076 0.049356 -0.701833 -0.710629 -0.181974 -0.588174 -0.787995 -0.492443 -0.492905 -0.717318 -0.767524 -0.355257 -0.533572 -0.148975 0.633560 -0.759216 -0.162158 0.794896 -0.584675 0.060876 0.846422 -0.529022 0.135672 0.749700 -0.647721 -0.662771 -0.305171 0.683817 -0.383069 -0.139934 0.913059 0.010096 -0.016720 0.999809 -0.000586 -0.000005 1.000000 -0.000272 -0.000007 1.000000 -0.000142 -0.000001 1.000000 0.001632 0.000002 0.999999 0.004126 0.000000 0.999991 0.001981 0.000000 0.999998 -0.000244 0.000000 1.000000 -0.000133 0.000000 1.000000 -0.002315 0.000000 0.999997 -0.004465 0.000002 0.999990 
						-0.001909 0.000002 0.999998 0.000379 0.000000 1.000000 0.000056 0.000000 1.000000 -0.000092 0.000000 1.000000 -0.058773 -0.164513 -0.984622 -0.066051 -0.302560 -0.950839 0.000026 -0.000002 -1.000000 -0.018363 -0.373579 -0.927417 0.041068 -0.350534 -0.935649 0.067510 -0.241331 -0.968092 0.033428 -0.084068 -0.995899 -0.033414 0.084072 -0.995899 -0.067452 0.241340 -0.968094 -0.041095 0.350524 -0.935652 0.018375 0.373576 -0.927417 0.066155 0.302525 -0.950843 0.058856 0.164473 -0.984624 0.000067 -0.000027 -1.000000 
					</float_array>
					<technique_common>
						<accessor count="146" offset="0" source="#meshId18-bitangents-array" stride="3">
							<param name="X" type="float" />
							<param name="Y" type="float" />
							<param name="Z" type="float" />
						</accessor>
					</technique_common>
				</source>
				<source id="meshId18-tex0" name="meshId18-tex0">
					<float_array id="meshId18-tex0-array" count="292"> 
						0.117165 0.437748 0.111695 0.438992 0.110502 0.433634 0.115931 0.430832 0.023152 0.465158 0.020765 0.470056 0.015928 0.468199 0.016368 0.462651 0.010907 0.468811 0.009046 0.463547 0.006661 0.471775 0.003071 0.467609 0.642724 0.074880 0.637075 0.076848 0.634129 0.072213 0.638760 0.069054 0.630350 0.067872 0.634117 0.063720 0.626164 0.064316 0.628891 0.058992 0.003074 0.490562 0.006663 0.486394 0.010910 0.489357 0.009051 0.494622 0.015932 0.489967 0.016373 0.495515 0.020768 0.488109 0.023157 0.493006 0.115928 0.458817 0.110499 0.456015 0.111694 0.450657 0.117164 0.451902 0.112011 0.444824 0.117463 0.444825 0.121598 0.436920 0.121000 0.428864 0.025230 0.461062 0.016823 0.458062 0.007427 0.459216 0.000000 0.464150 0.647474 0.072796 0.642395 0.066462 0.637184 0.060476 0.631610 0.054574 0.000005 0.494022 0.007433 0.498953 0.016830 0.500104 0.025236 0.497102 0.120996 0.460787 0.121596 0.452731 0.121750 0.444825 0.126355 0.436906 0.126806 0.428832 0.859439 0.046144 0.864355 0.046143 0.864357 0.054525 0.859441 0.054526 0.864358 0.062906 0.859443 0.062907 0.656854 0.075807 0.653096 0.079076 0.651413 0.069382 0.645905 0.063415 0.640685 0.057419 
						0.635533 0.051142 0.626163 0.048140 0.629918 0.044869 0.474738 0.232320 0.479654 0.232320 0.479655 0.240701 0.474740 0.240702 0.479657 0.249083 0.474741 0.249084 0.126802 0.460820 0.126353 0.452745 0.126272 0.444826 0.130811 0.437710 0.131786 0.430723 0.649874 0.039248 0.651925 0.043357 0.643369 0.046375 0.642925 0.041779 0.633729 0.045190 0.635340 0.040850 0.626163 0.040203 0.629211 0.036724 0.654126 0.065041 0.649003 0.060164 0.644331 0.054799 0.640206 0.049053 0.629212 0.012100 0.626164 0.008621 0.633731 0.003634 0.635341 0.007975 0.643371 0.002450 0.642927 0.007046 0.651926 0.005468 0.649875 0.009577 0.131783 0.458930 0.130809 0.451943 0.130602 0.444826 0.135617 0.438478 0.136584 0.432487 0.648125 0.034903 0.642590 0.037025 0.636873 0.036328 0.632014 0.032933 0.656856 0.060803 0.652388 0.056683 0.648245 0.051925 0.644780 0.046932 0.632014 0.015891 0.636874 0.012497 0.642591 0.011799 0.648126 0.013922 0.136582 0.457167 0.135615 0.451176 0.135377 0.444827 0.020765 0.470056 0.024300 0.473983 0.014643 0.479083 0.015928 0.468199 0.010907 0.468811 0.006661 0.471775 0.004178 0.476448 0.004179 0.481722 0.006663 0.486394 0.010910 0.489357 
						0.015932 0.489967 0.020768 0.488109 0.024302 0.484181 0.025574 0.479082 0.652262 0.030339 0.648125 0.034903 0.641172 0.024412 0.642590 0.037025 0.636873 0.036328 0.632014 0.032933 0.629104 0.027485 0.629104 0.021339 0.632014 0.015891 0.636874 0.012497 0.642591 0.011799 0.648126 0.013922 0.652263 0.018486 0.653751 0.024413 
					</float_array>
					<technique_common>
						<accessor count="146" offset="0" source="#meshId18-tex0-array" stride="2">
							<param name="S" type="float" />
							<param name="T" type="float" />
						</accessor>
					</technique_common>
				</source>
				<vertices id="meshId18-vertices">
					<input semantic="POSITION" source="#meshId18-positions" />
				</vertices>
				<polylist count="156" material="defaultMaterial">
					<input offset="0" semantic="VERTEX" source="#meshId18-vertices" />
					<input offset="0" semantic="NORMAL" source="#meshId18-normals" />
					<input offset="0" semantic="TANGENT" source="#meshId18-tangents" />
					<input offset="0" semantic="BINORMAL" source="#meshId18-bitangents" />
					<input offset="0" semantic="TEXCOORD" source="#meshId18-tex0" set="0" />
					<vcount>
						3 3 3 3 3 3 3 3 3 3 3 3 3 3 3 3 3 3 3 3 3 3 3 3 3 3 3 3 3 3 3 3 3 3 3 3 3 3 3 3 3 3 3 3 3 3 3 3 3 3 3 3 3 3 3 3 3 3 3 3 3 3 3 3 
						3 3 3 3 3 3 3 3 3 3 3 3 3 3 3 3 3 3 3 3 3 3 3 3 3 3 3 3 3 3 3 3 3 3 3 3 3 3 3 3 3 3 3 3 3 3 3 3 3 3 3 3 3 3 3 3 3 3 3 3 3 3 3 3 
						3 3 3 3 3 3 3 3 3 3 3 3 3 3 3 3 3 3 3 3 3 3 3 3 3 3 3 3 
					</vcount>
					<p>
						0 1 2 2 3 0 4 5 6 6 7 4 7 6 8 8 9 7 9 8 10 10 11 9 12 13 14 14 15 12 15 14 16 16 17 15 17 16 18 18 19 17 20 21 22 22 23 20 23 22 24 24 25 23 25 24 26 26 27 25 28 29 30 30 31 28 31 30 32 32 33 31 33 32 1 1 0 33 34 0 3 3 35 34 36 4 7 7 37 36 37 7 9 9 38 37 38 9 11 11 39 38 40 12 15 15 41 40 41 15 17 17 42 41 42 17 19 19 43 42 44 20 23 23 45 44 45 23 25 25 46 45 46 25 27 27 47 46 48 28 31 31 49 48 49 31 33 33 50 49 50 33 0 0 34 50 51 34 35 35 52 51 53 54 55 55 56 53 56 55 57 57 58 56 59 60 40 40 61 59 61 40 41 41 62 61 62 41 42 42 63 62 
						63 42 43 43 64 63 64 43 65 65 66 64 67 68 69 69 70 67 70 69 71 71 72 70 73 48 49 49 74 73 74 49 50 50 75 74 75 50 34 34 51 75 76 51 52 52 77 76 78 79 80 80 81 78 81 80 82 82 83 81 83 82 84 84 85 83 86 61 62 62 87 86 87 62 63 63 88 87 88 63 64 64 89 88 90 91 92 92 93 90 93 92 94 94 95 93 95 94 96 96 97 95 98 73 74 74 99 98 99 74 75 75 100 99 100 75 51 51 76 100 101 76 77 77 102 101 103 78 81 81 104 103 104 81 83 83 105 104 105 83 85 85 106 105 107 86 87 87 108 107 108 87 88 88 109 108 109 88 89 89 110 109 111 90 93 93 112 111 112 93 95 95 113 112 113 95 97 97 114 113 115 98 99 99 116 115 116 99 100 100 117 116 
						117 100 76 76 101 117 118 119 120 121 118 120 122 121 120 123 122 120 124 123 120 125 124 120 126 125 120 127 126 120 128 127 120 129 128 120 130 129 120 131 130 120 119 131 120 132 133 134 133 135 134 135 136 134 136 137 134 137 138 134 138 139 134 139 140 134 140 141 134 141 142 134 142 143 134 143 144 134 144 145 134 145 132 134 
					</p>
				</polylist>
			</mesh>
		</geometry>
		<geometry id="meshId19" name="meshId19_name" >
			<mesh>
				<source id="meshId19-positions" name="meshId19-positions">
					<float_array id="meshId19-positions-array" count="438"> 
						-17.704628 11.817802 31.663822 -17.743387 11.769470 31.684502 -17.783913 11.769470 31.638760 -17.759277 11.817802 31.602135 -17.759277 11.817802 31.602135 -17.783913 11.769470 31.638760 -17.841053 11.769470 31.617088 -17.836336 11.817802 31.572910 -17.901720 11.769470 31.624454 -17.918148 11.817802 31.582844 -17.952015 11.769470 31.659170 -17.985971 11.817802 31.629660 -17.985971 11.817802 31.629660 -17.952015 11.769470 31.659170 -17.980415 11.769470 31.713284 -18.024271 11.817802 31.702633 -17.980415 11.769470 31.774393 -18.024271 11.817802 31.785046 -17.952015 11.769470 31.828508 -17.985971 11.817802 31.858019 -17.985971 11.817802 31.858019 -17.952015 11.769470 31.828508 -17.901720 11.769470 31.863222 -17.918148 11.817802 31.904835 -17.841053 11.769470 31.870590 -17.836336 11.817802 31.914768 -17.783913 11.769470 31.848919 -17.759277 11.817802 31.885544 -17.759277 11.817802 31.885544 -17.783913 11.769470 31.848919 -17.743387 11.769470 31.803177 -17.704628 11.817802 31.823856 -17.728762 11.769470 31.743839 -17.684906 11.817802 31.743839 -17.676908 11.861668 31.649029 -17.741659 11.861668 31.575939 -17.741659 11.861668 31.575939 -17.832962 11.861668 31.541313 -17.929897 11.861668 31.553083 -18.010258 11.861668 31.608555 -18.010258 11.861668 31.608555 -18.055637 11.861668 31.695015 -18.055637 11.861668 31.792664 -18.010258 11.861668 31.879124 -18.010258 11.861668 31.879124 -17.929897 11.861668 31.934595 -17.832962 11.861668 31.946365 -17.741659 11.861668 31.911739 -17.741659 11.861668 31.911739 -17.676908 11.861668 31.838650 -17.653540 11.861668 31.743839 -17.676908 11.918934 31.649029 -17.741659 11.918934 31.575939 -17.741659 11.918934 31.575939 -17.741659 11.861668 31.575939 -17.832962 11.861668 31.541313 -17.832962 11.918934 31.541313 -17.929897 11.861668 31.553083 -17.929897 11.918934 31.553083 -17.929897 11.918934 31.553083 -17.929897 11.861668 31.553083 -18.010258 11.918934 31.608555 -18.055637 11.918934 31.695015 -18.055637 11.918934 31.792664 
						-18.010258 11.918934 31.879124 -17.929897 11.861668 31.934595 -17.929897 11.918934 31.934595 -17.929897 11.918934 31.934595 -17.929897 11.861668 31.934595 -17.832962 11.861668 31.946365 -17.832962 11.918934 31.946365 -17.741659 11.861668 31.911739 -17.741659 11.918934 31.911739 -17.741659 11.918934 31.911739 -17.676908 11.918934 31.838650 -17.653540 11.918934 31.743839 -17.704628 11.962799 31.663822 -17.759277 11.962799 31.602135 -17.759277 11.962799 31.602135 -17.741659 11.918934 31.575939 -17.832962 11.918934 31.541313 -17.836336 11.962799 31.572910 -17.929897 11.918934 31.553083 -17.918148 11.962799 31.582844 -18.010258 11.918934 31.608555 -17.985971 11.962799 31.629660 -17.985971 11.962799 31.629660 -18.024271 11.962799 31.702633 -18.024271 11.962799 31.785046 -17.985971 11.962799 31.858019 -17.985971 11.962799 31.858019 -18.010258 11.918934 31.879124 -17.929897 11.918934 31.934595 -17.918148 11.962799 31.904835 -17.832962 11.918934 31.946365 -17.836336 11.962799 31.914768 -17.741659 11.918934 31.911739 -17.759277 11.962799 31.885544 -17.759277 11.962799 31.885544 -17.704628 11.962799 31.823856 -17.684906 11.962799 31.743839 -17.730419 12.011131 31.677582 -17.775669 12.011131 31.626505 -17.775669 12.011131 31.626505 -17.839474 12.011131 31.602306 -17.907217 12.011131 31.610531 -17.963377 12.011131 31.649296 -17.963377 12.011131 31.649296 -17.995089 12.011131 31.709721 -17.995089 12.011131 31.777958 -17.963377 12.011131 31.838383 -17.963377 12.011131 31.838383 -17.907217 12.011131 31.877148 -17.839474 12.011131 31.885372 -17.775669 12.011131 31.861174 -17.775669 12.011131 31.861174 -17.730419 12.011131 31.810097 -17.714088 12.011131 31.743839 -17.783913 11.769470 31.638760 -17.743387 11.769470 31.684502 -17.857090 11.769470 31.743839 -17.841053 11.769470 31.617088 -17.901720 11.769470 31.624454 -17.952015 11.769470 31.659170 -17.980415 11.769470 31.713284 -17.980415 11.769470 31.774393 -17.952015 11.769470 31.828508 -17.901720 11.769470 31.863222 
						-17.841053 11.769470 31.870590 -17.783913 11.769470 31.848919 -17.743387 11.769470 31.803177 -17.728762 11.769470 31.743839 -17.730419 12.011131 31.677582 -17.775669 12.011131 31.626505 -17.857090 12.069148 31.743839 -17.839474 12.011131 31.602306 -17.907217 12.011131 31.610531 -17.963377 12.011131 31.649296 -17.995089 12.011131 31.709721 -17.995089 12.011131 31.777958 -17.963377 12.011131 31.838383 -17.907217 12.011131 31.877148 -17.839474 12.011131 31.885372 -17.775669 12.011131 31.861174 -17.730419 12.011131 31.810097 -17.714088 12.011131 31.743839 
					</float_array>
					<technique_common>
						<accessor count="146" offset="0" source="#meshId19-positions-array" stride="3">
							<param name="X" type="float" />
							<param name="Y" type="float" />
							<param name="Z" type="float" />
						</accessor>
					</technique_common>
				</source>
				<source id="meshId19-normals" name="meshId19-normals">
					<float_array id="meshId19-normals-array" count="438"> 
						0.692389 -0.623334 -0.363391 0.655466 -0.672597 -0.343478 0.420167 -0.674321 -0.607248 0.443392 -0.625098 -0.642383 0.443392 -0.625098 -0.642383 0.420167 -0.674321 -0.607248 0.089748 -0.676723 -0.730747 0.093838 -0.627568 -0.772886 -0.259365 -0.679237 -0.686562 -0.275347 -0.630165 -0.726000 -0.547469 -0.681306 -0.485900 -0.579899 -0.632295 -0.513732 -0.579899 -0.632295 -0.513732 -0.547469 -0.681306 -0.485900 -0.709614 -0.682475 -0.175148 -0.751255 -0.633506 -0.185165 -0.709609 -0.682479 0.175147 -0.751254 -0.633507 0.185166 -0.547464 -0.681308 0.485905 -0.579898 -0.632294 0.513734 -0.579898 -0.632294 0.513734 -0.547464 -0.681308 0.485905 -0.259368 -0.679229 0.686568 -0.275348 -0.630162 0.726003 0.089746 -0.676716 0.730754 0.093837 -0.627567 0.772887 0.420174 -0.674319 0.607246 0.443399 -0.625096 0.642380 0.443399 -0.625096 0.642380 0.420174 -0.674319 0.607246 0.655468 -0.672594 0.343480 0.692392 -0.623328 0.363394 0.740577 -0.671972 0.000006 0.782467 -0.622692 0.000005 0.852452 -0.270009 -0.447684 0.546415 -0.271129 -0.792414 0.546415 -0.271129 -0.792414 0.115432 -0.272709 -0.955147 -0.341477 -0.274381 -0.898948 -0.719729 -0.275758 -0.637141 -0.719729 -0.275758 -0.637141 -0.933105 -0.276548 -0.229862 -0.933105 -0.276548 0.229863 -0.719729 -0.275757 0.637141 -0.719729 -0.275757 0.637141 -0.341479 -0.274381 0.898948 0.115432 -0.272712 0.955146 0.546420 -0.271128 0.792411 0.546420 -0.271128 0.792411 0.852452 -0.270006 0.447685 0.962972 -0.269601 0.000002 0.852451 0.270009 -0.447685 0.546415 0.271129 -0.792414 0.546415 0.271129 -0.792414 0.546415 -0.271129 -0.792414 0.115432 -0.272709 -0.955147 0.115432 0.272711 -0.955146 -0.341477 -0.274381 -0.898948 -0.341478 0.274379 -0.898949 -0.341478 0.274379 -0.898949 -0.341477 -0.274381 -0.898948 -0.719727 0.275758 -0.637142 -0.933104 0.276549 -0.229863 -0.933104 0.276551 0.229863 
						-0.719725 0.275758 0.637144 -0.341479 -0.274381 0.898948 -0.341478 0.274380 0.898948 -0.341478 0.274380 0.898948 -0.341479 -0.274381 0.898948 0.115432 -0.272712 0.955146 0.115432 0.272716 0.955145 0.546420 -0.271128 0.792411 0.546420 0.271131 0.792410 0.546420 0.271131 0.792410 0.852453 0.270007 0.447683 0.962972 0.269601 -0.000001 0.736502 0.555150 -0.386488 0.471875 0.556942 -0.683484 0.471875 0.556942 -0.683484 0.546415 0.271129 -0.792414 0.115432 0.272711 -0.955146 0.100010 0.559463 -0.822800 -0.341478 0.274379 -0.898949 -0.293194 0.562123 -0.773340 -0.719727 0.275758 -0.637142 -0.617905 0.564307 -0.547495 -0.617905 0.564307 -0.547495 -0.800741 0.565553 -0.197390 -0.800737 0.565560 0.197389 -0.617899 0.564314 0.547495 -0.617899 0.564314 0.547495 -0.719725 0.275758 0.637144 -0.341478 0.274380 0.898948 -0.293192 0.562124 0.773340 0.115432 0.272716 0.955145 0.100010 0.559468 0.822796 0.546420 0.271131 0.792410 0.471877 0.556946 0.683479 0.471877 0.556946 0.683479 0.736508 0.555146 0.386483 0.832185 0.554498 -0.000001 0.757859 0.517514 -0.397276 0.486095 0.519276 -0.702896 0.486095 0.519276 -0.702896 0.103747 0.521752 -0.846765 -0.301139 0.524376 -0.796458 -0.635958 0.526533 -0.564199 -0.635958 0.526533 -0.564199 -0.824669 0.527746 -0.203483 -0.824665 0.527754 0.203481 -0.635955 0.526539 0.564197 -0.635955 0.526539 0.564197 -0.301142 0.524373 0.796459 0.103748 0.521751 0.846766 0.486093 0.519283 0.702893 0.486093 0.519283 0.702893 0.757864 0.517512 0.397270 0.856062 0.516873 0.000001 0.000000 -1.000000 0.000004 0.000000 -1.000000 0.000000 0.000000 -1.000000 0.000001 0.000000 -1.000000 0.000012 0.000000 -1.000000 0.000008 0.000000 -1.000000 0.000000 0.000000 -1.000000 0.000000 0.000000 -1.000000 0.000000 0.000000 -1.000000 0.000000 0.000000 -1.000000 -0.000004 
						0.000000 -1.000000 -0.000004 0.000000 -1.000000 0.000000 0.000000 -1.000000 0.000000 0.000000 -1.000000 0.000000 0.333018 0.926602 -0.174666 0.213927 0.926474 -0.309646 -0.000536 1.000000 0.000000 0.045615 0.926291 -0.374037 -0.133610 0.926104 -0.352816 -0.282589 0.925951 -0.250518 -0.366875 0.925860 -0.090477 -0.366873 0.925861 0.090475 -0.282579 0.925954 0.250514 -0.133607 0.926107 0.352810 0.045609 0.926292 0.374037 0.213930 0.926470 0.309656 0.333020 0.926599 0.174675 0.375941 0.926644 0.000000 
					</float_array>
					<technique_common>
						<accessor count="146" offset="0" source="#meshId19-normals-array" stride="3">
							<param name="X" type="float" />
							<param name="Y" type="float" />
							<param name="Z" type="float" />
						</accessor>
					</technique_common>
				</source>
				<source id="meshId19-tangents" name="meshId19-tangents">
					<float_array id="meshId19-tangents-array" count="438"> 
						0.631181 0.767284 -0.113517 0.685048 0.720964 -0.104499 0.730654 0.648246 -0.214294 0.681234 0.700782 -0.211718 0.890779 0.386930 0.238323 0.903387 0.374057 0.209698 0.995101 0.091482 0.037497 0.994658 0.092631 0.045550 0.960197 -0.257680 -0.107807 0.952880 -0.278897 -0.119314 0.831963 -0.505642 -0.228394 0.806515 -0.534655 -0.252344 -0.183389 0.715715 -0.673884 -0.260406 0.690520 -0.674812 -0.418169 0.607999 -0.674887 -0.368016 0.634957 -0.679260 -0.636871 0.514933 -0.573795 -0.604553 0.547922 -0.578184 -0.828326 0.358623 -0.430425 -0.811817 0.395582 -0.429496 0.806993 -0.532288 0.255795 0.832079 -0.504971 0.229453 0.960114 -0.258225 0.107242 0.952800 -0.279349 0.118892 0.995229 0.089121 -0.039697 0.994820 0.089593 -0.048035 0.903352 0.374298 -0.209419 0.890653 0.387763 -0.237438 0.679566 0.701764 0.213815 0.713269 0.659109 0.238376 0.671526 0.727163 0.142431 0.632030 0.766917 0.111252 0.671736 0.740317 0.026505 0.622688 0.782462 -0.003454 0.279217 0.959088 -0.046782 0.322077 0.941415 -0.100020 0.812766 0.399972 0.423596 0.990619 0.102410 0.090479 0.911257 -0.330929 -0.245145 0.641530 -0.614977 -0.458522 0.241081 0.761353 -0.601848 -0.055789 0.742795 -0.667191 -0.359359 0.693441 -0.624500 -0.626790 0.652730 -0.425532 0.644745 -0.605846 0.466107 0.911830 -0.328668 0.246055 0.990863 0.099142 -0.091442 0.812129 0.402702 -0.422230 0.324323 0.940828 0.098267 0.283555 0.958203 0.037981 0.269591 0.962936 -0.008680 -0.280760 0.958784 0.043661 -0.313258 0.943637 0.106861 0.154087 -0.962543 -0.223088 -0.153741 -0.962543 0.223327 -0.032510 -0.962096 0.270764 0.032930 -0.962096 -0.270716 0.097635 -0.961621 0.256422 -0.097231 -0.961622 -0.256574 0.717910 0.693453 -0.061051 0.528945 0.734502 -0.425115 0.624476 0.658139 -0.420574 0.359424 0.696878 -0.620625 0.054017 0.739743 -0.670718 
						-0.244656 0.758119 -0.604482 -0.718802 0.692473 -0.061688 -0.529712 0.733889 -0.425219 -0.097635 -0.961621 0.256421 0.097232 -0.961621 -0.256575 -0.032930 -0.962096 -0.270717 0.032511 -0.962095 0.270771 -0.154088 -0.962543 -0.223086 0.153743 -0.962542 0.223327 -0.311238 0.944127 -0.108423 -0.276161 0.959652 -0.052937 -0.269591 0.962936 -0.008715 -0.560294 0.820787 0.111264 -0.600068 0.770838 0.213838 0.873266 -0.401995 0.275331 0.812029 -0.403140 0.422004 0.990937 -0.098117 0.091743 0.993885 -0.095075 0.056159 0.910830 0.332596 -0.244476 0.943403 0.301254 -0.138695 0.643489 0.609461 -0.463119 0.773758 0.560078 -0.295990 0.786140 0.455197 -0.418066 0.561097 0.592795 -0.577723 0.305218 0.668751 -0.677948 0.099576 0.746888 -0.657452 0.773466 0.561357 0.294327 0.640994 0.616473 0.457262 0.910343 0.334485 0.243714 0.943366 0.301441 0.138542 0.990705 -0.101279 -0.090812 0.993699 -0.098211 -0.054004 0.812375 -0.401649 -0.422759 0.873143 -0.402725 -0.274653 -0.603445 0.769206 -0.210181 -0.560765 0.820621 -0.110111 -0.554498 0.832185 -0.000099 -0.516235 0.848015 0.119882 -0.552790 0.805663 0.212909 0.863538 -0.408938 0.295079 0.992888 -0.104322 0.057370 0.939993 0.303733 -0.155436 0.757275 0.566585 -0.324831 0.770147 0.479729 -0.420398 0.535546 0.612812 -0.581078 0.278317 0.691796 -0.666301 0.080577 0.772393 -0.630014 0.757218 0.566839 0.324521 0.939704 0.305153 0.154397 0.992740 -0.106412 -0.056065 0.863322 -0.410150 -0.294029 -0.569559 0.798273 -0.195864 -0.528116 0.844154 -0.092179 -0.516773 0.855896 0.019689 1.000000 0.000000 0.000690 1.000000 0.000000 0.000349 1.000000 0.000000 0.000173 0.999999 -0.000000 -0.001537 0.999992 -0.000000 -0.004089 0.999998 0.000000 -0.001930 1.000000 0.000000 0.000284 1.000000 0.000000 0.000148 0.999997 0.000000 0.002274 0.999990 -0.000000 0.004416 
						0.999998 -0.000000 0.001867 1.000000 0.000000 -0.000415 1.000000 0.000000 -0.000002 1.000000 0.000000 0.000189 0.941088 -0.338160 0.000339 0.974613 -0.223869 0.003512 1.000000 0.000536 0.000039 0.998791 -0.049161 0.000059 0.990181 0.139518 -0.008756 0.956863 0.290484 -0.005688 0.929669 0.368396 0.000114 0.929670 0.368394 -0.000116 0.956870 0.290460 0.005744 0.990183 0.139496 0.008807 0.998791 -0.049159 -0.000050 0.974604 -0.223908 -0.003402 0.941077 -0.338193 -0.000162 0.926644 -0.375941 0.000077 
					</float_array>
					<technique_common>
						<accessor count="146" offset="0" source="#meshId19-tangents-array" stride="3">
							<param name="X" type="float" />
							<param name="Y" type="float" />
							<param name="Z" type="float" />
						</accessor>
					</technique_common>
				</source>
				<source id="meshId19-bitangents" name="meshId19-bitangents">
					<float_array id="meshId19-bitangents-array" count="438"> 
						0.349583 -0.150767 0.924695 0.317921 -0.166804 0.933329 0.538149 -0.353649 0.765067 0.582515 -0.343739 0.736559 0.099582 -0.677892 0.728386 0.085741 -0.636688 0.766339 0.041475 -0.730532 0.681618 0.043008 -0.773032 0.632908 -0.103687 -0.687196 0.719034 -0.127292 -0.724644 0.677265 -0.090085 -0.529290 0.843645 -0.115114 -0.560667 0.820001 0.793779 -0.296572 -0.530999 0.795278 -0.242908 -0.555454 0.567083 -0.405668 -0.716834 0.547887 -0.442154 -0.710154 0.301414 -0.518716 -0.800052 0.264827 -0.546306 -0.794617 0.118995 -0.638129 -0.760678 0.068344 -0.666122 -0.742705 0.111717 0.562915 0.818930 0.089040 0.529928 0.843355 0.104447 0.686999 0.719113 0.127887 0.724472 0.677337 -0.038262 0.730830 0.681486 -0.039100 0.773390 0.632723 -0.086075 0.636549 0.766418 -0.100669 0.677418 0.728677 -0.584454 0.341734 0.735956 -0.560982 0.332970 0.757911 -0.345564 0.137297 0.928297 -0.348040 0.152646 0.924969 -0.017815 -0.019625 0.999649 0.002147 0.002705 0.999994 0.442000 -0.085122 0.892967 0.773109 -0.200566 0.601728 0.202094 -0.875506 0.438915 0.073142 -0.956631 0.281972 -0.230225 -0.902885 0.363037 -0.265386 -0.738756 0.619524 0.651053 -0.586770 -0.481488 0.355251 -0.609735 -0.708534 0.013308 -0.665327 -0.746433 -0.298538 -0.705621 -0.642630 0.257477 0.746264 0.613837 0.227942 0.903711 0.362422 -0.069758 0.956974 0.281664 -0.204627 0.874254 0.440235 -0.772166 0.203302 0.602020 -0.439229 0.094566 0.893384 0.002338 0.008359 0.999962 0.441023 0.088473 0.893125 0.776724 0.189840 0.600550 -0.823218 -0.000203 -0.567725 -0.823283 -0.000203 -0.567631 -0.992783 -0.000203 -0.119923 -0.992769 -0.000204 -0.120037 -0.934805 -0.000207 0.355161 -0.934847 -0.000209 0.355051 0.606628 -0.666212 -0.433778 0.776923 -0.620662 -0.105683 0.303351 -0.700579 -0.645885 -0.011447 -0.661726 -0.749658 -0.355527 -0.613433 -0.705195 
						-0.649722 -0.590942 -0.478172 -0.605571 -0.667230 -0.433690 -0.776400 -0.621387 -0.105265 0.934805 -0.000207 0.355162 0.934847 -0.000209 0.355052 0.992769 -0.000204 -0.120037 0.992783 -0.000203 -0.119923 0.823215 -0.000203 -0.567730 0.823279 -0.000203 -0.567637 -0.777532 -0.187384 0.600276 -0.443913 -0.078506 0.892624 -0.002348 0.008392 0.999962 0.378993 0.134601 0.915558 0.645951 0.309232 0.697942 -0.121414 -0.726785 -0.676049 -0.205036 -0.874052 -0.440446 -0.068697 -0.957080 -0.281565 -0.046809 -0.823385 -0.565550 0.231908 -0.902273 -0.363487 0.155008 -0.770236 -0.618635 0.260605 -0.743313 -0.616093 0.139611 -0.606523 -0.782713 0.013301 -0.688733 -0.724893 -0.209722 -0.573362 -0.792006 -0.515424 -0.482612 -0.708113 -0.779927 -0.351721 -0.517693 -0.141247 0.605333 -0.783340 -0.266689 0.737508 -0.620450 -0.233814 0.901574 -0.363999 -0.155238 0.770162 -0.618669 0.071970 0.956749 -0.281872 0.050594 0.823013 -0.565765 0.203648 0.874738 -0.439729 0.122287 0.726377 -0.676330 -0.642796 -0.313262 0.699057 -0.378284 -0.135628 0.915700 -0.000054 0.000083 1.000000 0.398937 0.114234 0.909835 0.676857 0.285060 0.678680 -0.134214 -0.750414 -0.647198 -0.058403 -0.846695 -0.528864 0.160404 -0.795472 -0.584375 0.148633 -0.633833 -0.759055 0.049309 -0.701871 -0.710595 -0.181965 -0.588171 -0.788000 -0.492410 -0.492843 -0.717383 -0.767508 -0.355199 -0.533634 -0.148936 0.633601 -0.759189 -0.162080 0.794931 -0.584650 0.060854 0.846435 -0.529003 0.135607 0.749748 -0.647679 -0.662809 -0.305131 0.683797 -0.383061 -0.139945 0.913061 0.010176 -0.016856 0.999806 -0.000690 0.000004 1.000000 -0.000349 0.000000 1.000000 -0.000173 0.000001 1.000000 0.001537 0.000012 0.999999 0.004089 0.000008 0.999992 0.001930 0.000000 0.999998 -0.000284 0.000000 1.000000 -0.000148 0.000000 1.000000 -0.002274 0.000000 0.999997 -0.004416 -0.000004 0.999990 
						-0.001867 -0.000004 0.999998 0.000415 0.000000 1.000000 0.000002 0.000000 1.000000 -0.000189 0.000000 1.000000 -0.058751 -0.164489 -0.984628 -0.066066 -0.302537 -0.950845 0.000039 0.000000 -1.000000 -0.018333 -0.373588 -0.927414 0.041115 -0.350521 -0.935652 0.067504 -0.241319 -0.968095 0.033437 -0.084072 -0.995899 -0.033438 0.084069 -0.995899 -0.067446 0.241333 -0.968096 -0.041059 0.350523 -0.935654 0.018341 0.373587 -0.927414 0.066183 0.302520 -0.950842 0.058923 0.164437 -0.984626 0.000071 -0.000029 -1.000000 
					</float_array>
					<technique_common>
						<accessor count="146" offset="0" source="#meshId19-bitangents-array" stride="3">
							<param name="X" type="float" />
							<param name="Y" type="float" />
							<param name="Z" type="float" />
						</accessor>
					</technique_common>
				</source>
				<source id="meshId19-tex0" name="meshId19-tex0">
					<float_array id="meshId19-tex0-array" count="292"> 
						0.689850 0.595901 0.684606 0.597092 0.683461 0.591956 0.688667 0.589270 0.525585 0.313217 0.523295 0.317912 0.518658 0.316132 0.519080 0.310813 0.513843 0.316719 0.512059 0.311672 0.509773 0.319561 0.506330 0.315566 0.887596 0.480594 0.882180 0.482481 0.879355 0.478037 0.883795 0.475008 0.875731 0.473874 0.879343 0.469894 0.871718 0.470465 0.874333 0.465360 0.506334 0.337573 0.509775 0.333577 0.513846 0.336418 0.512064 0.341466 0.518661 0.337003 0.519085 0.342323 0.523298 0.335222 0.525589 0.339917 0.688664 0.616101 0.683459 0.613414 0.684604 0.608278 0.689849 0.609470 0.684909 0.602685 0.690136 0.602686 0.694100 0.595106 0.693527 0.587382 0.527577 0.309289 0.519516 0.306413 0.510507 0.307519 0.503386 0.312250 0.892151 0.478595 0.887281 0.472523 0.882284 0.466784 0.876940 0.461124 0.503390 0.340891 0.510513 0.345619 0.519522 0.346723 0.527582 0.343844 0.693524 0.617990 0.694099 0.610266 0.694246 0.602686 0.698661 0.595093 0.699094 0.587351 0.245557 0.303144 0.250270 0.303145 0.250269 0.311182 0.245556 0.311181 0.250267 0.319218 0.245554 0.319217 0.901143 0.481483 0.897541 0.484617 0.895927 0.475322 0.890646 0.469602 0.885641 0.463853 
						0.880702 0.457834 0.871717 0.454956 0.875317 0.451819 0.585240 0.265831 0.589953 0.265832 0.589952 0.273868 0.585239 0.273867 0.589950 0.281905 0.585237 0.281904 0.699090 0.618022 0.698659 0.610280 0.698582 0.602687 0.702933 0.595864 0.703869 0.589165 0.035012 0.402010 0.036978 0.405950 0.028775 0.408843 0.028349 0.404436 0.019532 0.407707 0.021077 0.403545 0.012278 0.402925 0.015201 0.399590 0.898528 0.471161 0.893616 0.466485 0.889137 0.461340 0.885182 0.455831 0.015201 0.375980 0.012279 0.372644 0.019533 0.367863 0.021078 0.372025 0.028777 0.366728 0.028351 0.371135 0.036979 0.369622 0.035013 0.373561 0.703866 0.616209 0.702932 0.609510 0.702733 0.602687 0.707542 0.596600 0.708469 0.590856 0.033335 0.397844 0.028028 0.399879 0.022546 0.399210 0.017887 0.395955 0.901145 0.467097 0.896861 0.463147 0.892890 0.458585 0.889567 0.453798 0.017888 0.379615 0.022547 0.376361 0.028029 0.375692 0.033336 0.377727 0.708467 0.614519 0.707540 0.608775 0.707312 0.602687 0.523295 0.317912 0.526685 0.321677 0.517425 0.326568 0.518658 0.316132 0.513843 0.316719 0.509773 0.319561 0.507392 0.324042 0.507393 0.329098 0.509775 0.333577 0.513846 0.336418 
						0.518661 0.337003 0.523298 0.335222 0.526687 0.331456 0.527907 0.326566 0.037301 0.393468 0.033335 0.397844 0.026669 0.387785 0.028028 0.399879 0.022546 0.399210 0.017887 0.395955 0.015097 0.390731 0.015098 0.384839 0.017888 0.379615 0.022547 0.376361 0.028029 0.375692 0.033336 0.377727 0.037302 0.382104 0.038729 0.387786 
					</float_array>
					<technique_common>
						<accessor count="146" offset="0" source="#meshId19-tex0-array" stride="2">
							<param name="S" type="float" />
							<param name="T" type="float" />
						</accessor>
					</technique_common>
				</source>
				<vertices id="meshId19-vertices">
					<input semantic="POSITION" source="#meshId19-positions" />
				</vertices>
				<polylist count="156" material="defaultMaterial">
					<input offset="0" semantic="VERTEX" source="#meshId19-vertices" />
					<input offset="0" semantic="NORMAL" source="#meshId19-normals" />
					<input offset="0" semantic="TANGENT" source="#meshId19-tangents" />
					<input offset="0" semantic="BINORMAL" source="#meshId19-bitangents" />
					<input offset="0" semantic="TEXCOORD" source="#meshId19-tex0" set="0" />
					<vcount>
						3 3 3 3 3 3 3 3 3 3 3 3 3 3 3 3 3 3 3 3 3 3 3 3 3 3 3 3 3 3 3 3 3 3 3 3 3 3 3 3 3 3 3 3 3 3 3 3 3 3 3 3 3 3 3 3 3 3 3 3 3 3 3 3 
						3 3 3 3 3 3 3 3 3 3 3 3 3 3 3 3 3 3 3 3 3 3 3 3 3 3 3 3 3 3 3 3 3 3 3 3 3 3 3 3 3 3 3 3 3 3 3 3 3 3 3 3 3 3 3 3 3 3 3 3 3 3 3 3 
						3 3 3 3 3 3 3 3 3 3 3 3 3 3 3 3 3 3 3 3 3 3 3 3 3 3 3 3 
					</vcount>
					<p>
						0 1 2 2 3 0 4 5 6 6 7 4 7 6 8 8 9 7 9 8 10 10 11 9 12 13 14 14 15 12 15 14 16 16 17 15 17 16 18 18 19 17 20 21 22 22 23 20 23 22 24 24 25 23 25 24 26 26 27 25 28 29 30 30 31 28 31 30 32 32 33 31 33 32 1 1 0 33 34 0 3 3 35 34 36 4 7 7 37 36 37 7 9 9 38 37 38 9 11 11 39 38 40 12 15 15 41 40 41 15 17 17 42 41 42 17 19 19 43 42 44 20 23 23 45 44 45 23 25 25 46 45 46 25 27 27 47 46 48 28 31 31 49 48 49 31 33 33 50 49 50 33 0 0 34 50 51 34 35 35 52 51 53 54 55 55 56 53 56 55 57 57 58 56 59 60 40 40 61 59 61 40 41 41 62 61 62 41 42 42 63 62 
						63 42 43 43 64 63 64 43 65 65 66 64 67 68 69 69 70 67 70 69 71 71 72 70 73 48 49 49 74 73 74 49 50 50 75 74 75 50 34 34 51 75 76 51 52 52 77 76 78 79 80 80 81 78 81 80 82 82 83 81 83 82 84 84 85 83 86 61 62 62 87 86 87 62 63 63 88 87 88 63 64 64 89 88 90 91 92 92 93 90 93 92 94 94 95 93 95 94 96 96 97 95 98 73 74 74 99 98 99 74 75 75 100 99 100 75 51 51 76 100 101 76 77 77 102 101 103 78 81 81 104 103 104 81 83 83 105 104 105 83 85 85 106 105 107 86 87 87 108 107 108 87 88 88 109 108 109 88 89 89 110 109 111 90 93 93 112 111 112 93 95 95 113 112 113 95 97 97 114 113 115 98 99 99 116 115 116 99 100 100 117 116 
						117 100 76 76 101 117 118 119 120 121 118 120 122 121 120 123 122 120 124 123 120 125 124 120 126 125 120 127 126 120 128 127 120 129 128 120 130 129 120 131 130 120 119 131 120 132 133 134 133 135 134 135 136 134 136 137 134 137 138 134 138 139 134 139 140 134 140 141 134 141 142 134 142 143 134 143 144 134 144 145 134 145 132 134 
					</p>
				</polylist>
			</mesh>
		</geometry>
		<geometry id="meshId20" name="meshId20_name" >
			<mesh>
				<source id="meshId20-positions" name="meshId20-positions">
					<float_array id="meshId20-positions-array" count="423"> 
						-17.743662 11.988346 31.681156 -17.774025 11.934494 31.697357 -17.805773 11.934494 31.661522 -17.786474 11.988346 31.632832 -17.786474 11.988346 31.632832 -17.805773 11.934494 31.661522 -17.850534 11.934494 31.644547 -17.846840 11.988346 31.609936 -17.898060 11.934494 31.650316 -17.910929 11.988346 31.617718 -17.937460 11.934494 31.677513 -17.964062 11.988346 31.654392 -17.964062 11.988346 31.654392 -17.937460 11.934494 31.677513 -17.959707 11.934494 31.719900 -17.994064 11.988346 31.711559 -17.959707 11.934494 31.767776 -17.994064 11.988346 31.776119 -17.937460 11.934494 31.810165 -17.964062 11.988346 31.833286 -17.964062 11.988346 31.833286 -17.937460 11.934494 31.810165 -17.898060 11.934494 31.837362 -17.910929 11.988346 31.869961 -17.850534 11.934494 31.843130 -17.846840 11.988346 31.877743 -17.805773 11.934494 31.826157 -17.786474 11.988346 31.854847 -17.786474 11.988346 31.854847 -17.805773 11.934494 31.826157 -17.774025 11.934494 31.790321 -17.743662 11.988346 31.806524 -17.762569 11.934494 31.743839 -17.728212 11.988346 31.743839 -17.721947 12.037220 31.669567 -17.772673 12.037220 31.612310 -17.772673 12.037220 31.612310 -17.786474 11.988346 31.632832 -17.846840 11.988346 31.609936 -17.844196 12.037220 31.585184 -17.910929 11.988346 31.617718 -17.920134 12.037220 31.594406 -17.920134 12.037220 31.594406 -17.910929 11.988346 31.617718 -17.983088 12.037220 31.637859 -18.018635 12.037220 31.705593 -18.018635 12.037220 31.782085 -17.983088 12.037220 31.849819 -17.910929 11.988346 31.869961 -17.920134 12.037220 31.893272 -17.920134 12.037220 31.893272 -17.910929 11.988346 31.869961 -17.846840 11.988346 31.877743 -17.844196 12.037220 31.902493 -17.786474 11.988346 31.854847 -17.772673 12.037220 31.875368 -17.772673 12.037220 31.875368 -17.721947 12.037220 31.818111 -17.703642 12.037220 31.743839 -17.721947 12.101027 31.669567 -17.772673 12.101027 31.612310 -17.772673 12.101027 31.612310 -17.844196 12.101027 31.585184 -17.920134 12.101027 31.594406 
						-17.920134 12.101027 31.594406 -17.983088 12.101027 31.637859 -18.018635 12.101027 31.705593 -18.018635 12.101027 31.782085 -17.983088 12.101027 31.849819 -17.920134 12.101027 31.893272 -17.920134 12.101027 31.893272 -17.844196 12.101027 31.902493 -17.772673 12.101027 31.875368 -17.772673 12.101027 31.875368 -17.721947 12.101027 31.818111 -17.703642 12.101027 31.743839 -17.743662 12.149900 31.681156 -17.786474 12.149900 31.632832 -17.786474 12.149900 31.632832 -17.846840 12.149900 31.609936 -17.910929 12.149900 31.617718 -17.910929 12.149900 31.617718 -17.964062 12.149900 31.654392 -17.994064 12.149900 31.711559 -17.994064 12.149900 31.776119 -17.964062 12.149900 31.833286 -17.910929 12.149900 31.869961 -17.910929 12.149900 31.869961 -17.846840 12.149900 31.877743 -17.786474 12.149900 31.854847 -17.786474 12.149900 31.854847 -17.743662 12.149900 31.806524 -17.728212 12.149900 31.743839 -17.763866 12.203753 31.691936 -17.799314 12.203753 31.651922 -17.799314 12.203753 31.651922 -17.849298 12.203753 31.632965 -17.902367 12.203753 31.639408 -17.902367 12.203753 31.639408 -17.946360 12.203753 31.669777 -17.971203 12.203753 31.717110 -17.971203 12.203753 31.770569 -17.946360 12.203753 31.817902 -17.902367 12.203753 31.848270 -17.902367 12.203753 31.848270 -17.849298 12.203753 31.854713 -17.799314 12.203753 31.835756 -17.799314 12.203753 31.835756 -17.763866 12.203753 31.795740 -17.751074 12.203753 31.743839 -17.805773 11.934494 31.661522 -17.774025 11.934494 31.697357 -17.863098 11.934494 31.743839 -17.850534 11.934494 31.644547 -17.898060 11.934494 31.650316 -17.937460 11.934494 31.677513 -17.959707 11.934494 31.719900 -17.959707 11.934494 31.767776 -17.937460 11.934494 31.810165 -17.898060 11.934494 31.837362 -17.850534 11.934494 31.843130 -17.805773 11.934494 31.826157 -17.774025 11.934494 31.790321 -17.762569 11.934494 31.743839 -17.763866 12.203753 31.691936 -17.799314 12.203753 31.651922 -17.863098 12.268394 31.743839 -17.849298 12.203753 31.632965 
						-17.902367 12.203753 31.639408 -17.946360 12.203753 31.669777 -17.971203 12.203753 31.717110 -17.971203 12.203753 31.717110 -17.971203 12.203753 31.770569 -17.863098 12.268394 31.743839 -17.971203 12.203753 31.770569 -17.946360 12.203753 31.817902 -17.902367 12.203753 31.848270 -17.849298 12.203753 31.854713 -17.799314 12.203753 31.835756 -17.763866 12.203753 31.795740 -17.751074 12.203753 31.743839 
					</float_array>
					<technique_common>
						<accessor count="141" offset="0" source="#meshId20-positions-array" stride="3">
							<param name="X" type="float" />
							<param name="Y" type="float" />
							<param name="Z" type="float" />
						</accessor>
					</technique_common>
				</source>
				<source id="meshId20-normals" name="meshId20-normals">
					<float_array id="meshId20-normals-array" count="423"> 
						0.771958 -0.489816 -0.405168 0.746319 -0.538488 -0.391202 0.478669 -0.540260 -0.692094 0.494685 -0.491544 -0.716708 0.494685 -0.491544 -0.716708 0.478669 -0.540260 -0.692094 0.102179 -0.542783 -0.833634 0.104786 -0.493968 -0.863143 -0.296392 -0.545435 -0.783998 -0.307820 -0.496528 -0.811608 -0.625896 -0.547612 -0.555316 -0.648827 -0.498647 -0.574783 -0.648827 -0.498647 -0.574783 -0.625896 -0.547612 -0.555316 -0.811598 -0.548818 -0.200267 -0.840960 -0.499827 -0.207266 -0.811600 -0.548815 0.200268 -0.840960 -0.499826 0.207268 -0.625900 -0.547607 0.555316 -0.648824 -0.498646 0.574786 -0.648824 -0.498646 0.574786 -0.625900 -0.547607 0.555316 -0.296396 -0.545433 0.783997 -0.307823 -0.496528 0.811607 0.102180 -0.542782 0.833635 0.104782 -0.493968 0.863143 0.478662 -0.540267 0.692094 0.494679 -0.491547 0.716711 0.494679 -0.491547 0.716711 0.478662 -0.540267 0.692094 0.746317 -0.538495 0.391195 0.771957 -0.489819 0.405167 0.843044 -0.537844 -0.000001 0.872183 -0.489180 0.000000 0.868202 -0.195930 -0.455891 0.556660 -0.196790 -0.807095 0.556660 -0.196790 -0.807095 0.494685 -0.491544 -0.716708 0.104786 -0.493968 -0.863143 0.117733 -0.197977 -0.973110 -0.307820 -0.496528 -0.811608 -0.347859 -0.199239 -0.916132 -0.347859 -0.199239 -0.916132 -0.307820 -0.496528 -0.811608 -0.733536 -0.200297 -0.649466 -0.951175 -0.200889 -0.234329 -0.951174 -0.200890 0.234332 -0.733533 -0.200297 0.649469 -0.307823 -0.496528 0.811607 -0.347863 -0.199240 0.916130 -0.347863 -0.199240 0.916130 -0.307823 -0.496528 0.811607 0.104782 -0.493968 0.863143 0.117733 -0.197978 0.973110 0.494679 -0.491547 0.716711 0.556661 -0.196788 0.807096 0.556661 -0.196788 0.807096 0.868204 -0.195931 0.455887 0.980681 -0.195613 0.000000 0.868204 0.195931 -0.455887 0.556665 0.196791 -0.807092 0.556665 0.196791 -0.807092 0.117733 0.197978 -0.973110 -0.347858 0.199241 -0.916132 
						-0.347858 0.199241 -0.916132 -0.733534 0.200298 -0.649468 -0.951174 0.200889 -0.234332 -0.951173 0.200890 0.234334 -0.733532 0.200297 0.649471 -0.347862 0.199240 0.916131 -0.347862 0.199240 0.916131 0.117733 0.197976 0.973111 0.556665 0.196791 0.807092 0.556665 0.196791 0.807092 0.868205 0.195934 0.455884 0.980681 0.195612 0.000001 0.801849 0.424240 -0.420783 0.514047 0.425874 -0.744572 0.514047 0.425874 -0.744572 0.109030 0.428161 -0.897101 -0.319963 0.430591 -0.843928 -0.319963 0.430591 -0.843928 -0.674809 0.432602 -0.597903 -0.874858 0.433724 -0.215653 -0.874857 0.433726 0.215654 -0.674806 0.432602 0.597906 -0.319966 0.430587 0.843930 -0.319966 0.430587 0.843930 0.109026 0.428155 0.897105 0.514040 0.425878 0.744574 0.514040 0.425878 0.744574 0.801844 0.424248 0.420784 0.905830 0.423641 0.000002 0.815013 0.391317 -0.427346 0.522921 0.392849 -0.756454 0.522921 0.392849 -0.756454 0.111503 0.395037 -0.911873 -0.324753 0.397368 -0.858274 -0.324753 0.397368 -0.858274 -0.685935 0.399268 -0.608341 -0.889701 0.400325 -0.219481 -0.889700 0.400328 0.219480 -0.685934 0.399267 0.608342 -0.324755 0.397361 0.858276 -0.324755 0.397361 0.858276 0.111502 0.395028 0.911877 0.522915 0.392855 0.756455 0.522915 0.392855 0.756455 0.815011 0.391327 0.427341 0.920489 0.390769 0.000000 0.000000 -1.000000 -0.000006 0.000000 -1.000000 0.000000 0.000000 -1.000000 0.000001 0.000000 -1.000000 0.000000 0.000000 -1.000000 0.000006 0.000000 -1.000000 0.000000 0.000000 -1.000000 0.000000 0.000000 -1.000000 0.000000 0.000000 -1.000000 0.000000 0.000000 -1.000000 -0.000006 0.000000 -1.000000 0.000006 0.000000 -1.000000 0.000013 0.000000 -1.000000 0.000000 0.000000 -1.000000 0.000000 0.442708 0.866070 -0.232232 0.284352 0.865865 -0.411608 -0.000665 1.000000 0.000000 0.060599 0.865573 -0.497103 
						-0.177567 0.865261 -0.468821 -0.375493 0.864993 -0.332855 -0.487418 0.864856 -0.120203 -0.487418 0.864856 -0.120203 -0.487416 0.864857 0.120202 -0.000665 1.000000 0.000000 -0.487416 0.864857 0.120202 -0.375484 0.864999 0.332848 -0.177568 0.865264 0.468815 0.060603 0.865567 0.497113 0.284363 0.865861 0.411609 0.442702 0.866076 0.232225 0.499790 0.866147 0.000000 
					</float_array>
					<technique_common>
						<accessor count="141" offset="0" source="#meshId20-normals-array" stride="3">
							<param name="X" type="float" />
							<param name="Y" type="float" />
							<param name="Z" type="float" />
						</accessor>
					</technique_common>
				</source>
				<source id="meshId20-tangents" name="meshId20-tangents">
					<float_array id="meshId20-tangents-array" count="423"> 
						-0.419872 0.085661 -0.903532 -0.402200 0.103443 -0.909689 -0.691644 0.253539 -0.676274 -0.731705 0.209410 -0.648657 0.857558 0.409881 0.310792 0.869188 0.402956 0.286597 0.993098 0.104166 0.053901 0.992962 0.100142 0.063236 0.943261 -0.295846 -0.150779 0.934440 -0.318326 -0.159660 0.767137 -0.560596 -0.311821 0.741017 -0.585750 -0.328314 -0.744002 0.574190 0.341712 -0.777636 0.492493 0.390811 -0.562052 0.639973 0.523958 -0.524761 0.659954 0.537667 -0.336234 0.719134 0.608106 -0.277361 0.727089 0.628022 -0.163506 0.788343 0.593111 -0.048704 0.781030 0.622591 0.743141 -0.577647 0.337736 0.767443 -0.559222 0.313531 0.942788 -0.298295 0.148902 0.935156 -0.315057 0.161935 0.993452 0.098731 -0.057485 0.993156 0.097001 -0.065053 0.869031 0.403907 -0.285733 0.857279 0.411407 -0.309543 0.716899 -0.235379 -0.656241 0.683597 -0.265342 -0.679918 0.406968 -0.095884 -0.908396 0.427135 -0.072358 -0.901288 0.002338 0.003667 -0.999991 0.002800 0.004992 -0.999984 -0.456131 0.046613 -0.888691 -0.812063 0.075954 -0.578606 0.829365 0.075774 0.553544 0.858396 0.147488 0.491328 0.992836 0.001847 0.119474 0.992601 -0.005859 0.121283 0.950522 -0.122935 -0.285297 0.937393 -0.056194 -0.343711 -0.766293 0.623418 0.155385 -0.881097 0.470672 0.046226 -0.567594 0.706164 0.423284 -0.303157 0.750681 0.587004 -0.011734 0.782188 0.622931 0.256142 0.803658 0.537145 0.156747 0.814905 0.557996 0.445580 0.824613 0.348528 0.937517 -0.066280 0.341569 0.950831 -0.129929 0.281139 0.993489 0.012970 -0.113183 0.992955 0.010259 -0.118047 0.856106 0.133673 -0.499213 0.828100 0.054050 -0.557969 0.802318 -0.124604 -0.583746 0.460291 -0.025176 -0.887411 0.001496 0.007498 -0.999971 -0.461849 -0.016849 -0.886799 -0.805219 -0.111135 -0.582471 0.828685 -0.063297 0.556125 0.993037 -0.019499 0.116177 0.937442 0.059273 -0.343059 
						-0.439180 0.828688 0.346982 -0.252502 0.806880 0.534030 0.011343 0.781442 0.623875 0.303233 0.749896 0.587968 0.568362 0.704772 0.424573 0.776881 0.608262 0.162703 0.937245 0.049136 0.345193 0.992815 -0.002370 -0.119635 0.829834 -0.086431 -0.551276 0.813681 0.066697 -0.577472 0.458146 0.036346 -0.888134 -0.001383 0.006937 -0.999975 -0.438872 -0.059750 -0.896561 -0.747606 -0.203118 -0.632320 0.851013 -0.144533 0.504864 0.993700 -0.023385 0.109609 0.946873 0.114784 -0.300427 -0.175700 0.848336 0.499455 -0.022849 0.797540 0.602834 0.217541 0.749610 0.625109 0.476598 0.691289 0.543115 0.703905 0.620684 0.345355 0.871873 0.482400 0.084432 0.946704 0.110469 0.302569 0.993435 -0.015489 -0.113341 0.852219 -0.155005 -0.499697 0.756876 0.183244 -0.627344 0.434483 0.069476 -0.897996 -0.001872 0.004008 -0.999990 -0.433208 -0.078294 -0.897887 -0.748067 -0.213897 -0.628207 0.848273 -0.152824 0.507028 0.993519 -0.023925 0.111122 0.945385 0.109540 -0.306999 -0.168065 0.868772 0.465821 -0.028551 0.820609 0.570777 0.201924 0.776216 0.597257 0.453043 0.714722 0.532846 0.680463 0.648153 0.341859 0.848286 0.523685 0.078522 0.945364 0.108888 0.307295 0.993481 -0.022406 -0.111774 0.848552 -0.155852 -0.505639 0.751050 0.207324 -0.626850 0.431951 0.081273 -0.898228 -0.001073 0.002529 -0.999996 1.000000 -0.000000 0.000770 1.000000 0.000000 0.000230 1.000000 0.000000 0.000190 0.999999 0.000000 -0.001126 0.999993 -0.000000 -0.003658 0.999999 0.000000 -0.001711 1.000000 0.000000 0.000348 1.000000 0.000000 0.000179 0.999998 0.000000 0.002171 0.999992 -0.000000 0.003968 0.999999 0.000000 0.001496 1.000000 -0.000000 -0.000365 1.000000 0.000000 0.000043 1.000000 0.000000 0.000120 0.890340 -0.455296 -0.000680 0.949426 -0.313959 -0.004555 1.000000 0.000665 0.000007 0.996656 -0.079816 -0.017481 
						0.982779 0.180665 -0.038793 0.923980 0.377487 -0.061360 0.873127 0.481406 -0.076795 0.657369 0.454069 0.601404 0.730756 0.328684 0.598300 0.747234 0.000497 0.664561 0.873128 0.481404 0.076794 0.923983 0.377478 0.061357 0.982779 0.180666 0.038793 0.996650 -0.079878 0.017581 0.949415 -0.313991 0.004602 0.890350 -0.455277 0.000623 0.866147 -0.499790 0.000000 
					</float_array>
					<technique_common>
						<accessor count="141" offset="0" source="#meshId20-tangents-array" stride="3">
							<param name="X" type="float" />
							<param name="Y" type="float" />
							<param name="Z" type="float" />
						</accessor>
					</technique_common>
				</source>
				<source id="meshId20-bitangents" name="meshId20-bitangents">
					<float_array id="meshId20-bitangents-array" count="423"> 
						0.477271 0.867607 -0.139533 0.530324 0.836260 -0.139379 0.540837 0.802394 -0.252306 0.468929 0.845300 -0.256073 0.140997 -0.768363 0.624290 0.124047 -0.738746 0.662471 0.057580 -0.833388 0.549680 0.055200 -0.863694 0.500985 -0.149703 -0.784204 0.602174 -0.179080 -0.807545 0.561962 -0.140551 -0.621171 0.770968 -0.172966 -0.638943 0.749556 0.159641 0.649352 -0.743544 0.059476 0.676440 -0.734092 -0.159392 0.537804 -0.827865 -0.131954 0.560922 -0.817285 -0.477757 0.426202 -0.768180 -0.464604 0.470654 -0.750085 -0.762571 0.280431 -0.582961 -0.759378 0.375958 -0.531037 0.163613 0.646278 0.745356 0.138853 0.622413 0.770274 0.152646 0.783277 0.602641 0.175297 0.808826 0.561312 -0.051103 0.834050 0.549316 -0.051592 0.864052 0.500751 -0.125170 0.738221 0.662844 -0.142705 0.767546 0.624907 0.491272 0.838438 0.235952 0.550979 0.798565 0.242316 0.526676 0.837155 0.147590 0.470785 0.868816 0.153361 0.537839 0.843036 0.004349 0.489172 0.872169 0.005723 0.195372 0.979509 -0.048900 0.175166 0.977499 -0.117525 -0.047776 -0.977513 0.205391 -0.135804 -0.858272 0.494900 -0.057422 -0.869478 0.490622 -0.029713 -0.980189 0.195822 0.041883 -0.859271 0.509802 0.017000 -0.978338 0.206313 0.540174 0.756078 -0.369537 0.359048 0.729334 -0.582371 0.373847 0.679127 -0.631684 0.057984 0.629382 -0.774930 -0.308432 0.589767 -0.746354 -0.629540 0.560370 -0.538206 -0.938443 0.298981 -0.173017 -0.824893 0.529450 -0.198075 -0.007333 0.977707 0.209847 -0.034142 0.858242 0.512109 0.044714 0.869383 0.492111 0.013387 0.980153 0.197791 0.149582 0.860531 0.486941 0.066178 0.978955 0.193048 0.215441 0.972496 0.088524 0.185349 0.980295 0.068327 0.195607 0.980652 0.007645 -0.181433 0.980473 0.075862 -0.204321 0.974127 0.096595 0.058354 -0.978400 -0.198313 0.004026 -0.980012 -0.198895 -0.014050 -0.978156 -0.207395 
						0.828321 0.523048 -0.200763 0.631008 0.555721 -0.541298 0.308446 0.590756 -0.745566 -0.057609 0.630317 -0.774198 -0.372688 0.680572 -0.630813 -0.524831 0.768323 -0.366377 0.023761 0.978718 -0.203829 -0.021379 0.980204 -0.196832 -0.038729 0.976628 -0.211417 -0.167472 0.978174 -0.122997 -0.190585 0.979943 -0.058210 -0.195607 0.980657 0.007073 -0.405499 0.903576 0.138277 -0.420525 0.881688 0.213974 0.107393 -0.893164 -0.436721 0.025952 -0.903400 -0.428013 -0.032492 -0.895218 -0.444442 0.930996 0.308085 -0.195781 0.737638 0.420459 -0.528302 0.432781 0.499969 -0.750155 0.086484 0.577929 -0.811492 -0.221709 0.653917 -0.723352 -0.370756 0.762814 -0.529768 0.037054 0.895763 -0.442984 -0.034632 0.903573 -0.427033 -0.097398 0.891404 -0.442620 -0.403611 0.886030 -0.228142 -0.410208 0.902877 -0.128620 -0.423637 0.905821 0.004424 -0.384817 0.916919 0.105711 -0.408594 0.894381 0.182026 0.083581 -0.906816 -0.413158 0.022081 -0.918354 -0.395144 -0.027976 -0.911098 -0.411239 0.930747 0.295522 -0.215353 0.727103 0.408884 -0.551485 0.409461 0.487062 -0.771435 0.056446 0.573507 -0.817254 -0.257806 0.648447 -0.716277 -0.418265 0.753564 -0.507145 0.028651 0.911179 -0.411013 -0.023722 0.918396 -0.394951 -0.080747 0.906297 -0.414855 -0.403092 0.895925 -0.186641 -0.386232 0.916656 -0.102795 -0.390767 0.920485 0.002747 -0.000770 -0.000006 1.000000 -0.000230 0.000000 1.000000 -0.000190 0.000001 1.000000 0.001126 0.000000 0.999999 0.003658 0.000006 0.999993 0.001711 0.000000 0.999999 -0.000348 0.000000 1.000000 -0.000179 0.000000 1.000000 -0.002171 0.000000 0.999998 -0.003968 -0.000006 0.999992 -0.001496 0.000006 0.999999 0.000365 0.000013 1.000000 -0.000043 0.000000 1.000000 -0.000120 0.000000 1.000000 -0.106324 -0.206464 -0.972660 -0.133172 -0.389496 -0.911350 0.000007 0.000000 -1.000000 -0.054808 -0.494381 -0.867515 
						0.051134 -0.467636 -0.882441 0.072572 -0.330592 -0.940980 -0.008550 -0.142384 -0.989775 0.574708 0.214117 -0.789851 0.477935 0.379459 -0.792205 0.664560 0.000442 -0.747234 0.008550 0.142383 -0.989775 -0.072569 0.330585 -0.940982 -0.051132 0.467630 -0.882444 0.054926 0.494382 -0.867508 0.133226 0.389479 -0.911349 0.106266 0.206486 -0.972662 0.000000 0.000000 -1.000000 
					</float_array>
					<technique_common>
						<accessor count="141" offset="0" source="#meshId20-bitangents-array" stride="3">
							<param name="X" type="float" />
							<param name="Y" type="float" />
							<param name="Z" type="float" />
						</accessor>
					</technique_common>
				</source>
				<source id="meshId20-tex0" name="meshId20-tex0">
					<float_array id="meshId20-tex0-array" count="282"> 
						0.831829 0.376644 0.830875 0.371459 0.834934 0.370710 0.837073 0.375848 0.016020 0.184240 0.013893 0.188920 0.010251 0.187526 0.010683 0.182344 0.006458 0.187988 0.004716 0.183076 0.003259 0.190217 0.000000 0.186201 0.896031 0.058693 0.892981 0.054011 0.895921 0.051080 0.899694 0.054742 0.898620 0.047700 0.903026 0.050568 0.900827 0.044183 0.906069 0.046122 0.000004 0.205217 0.003261 0.201200 0.006461 0.203428 0.004721 0.208340 0.010254 0.203889 0.010688 0.209070 0.013896 0.202493 0.016024 0.207172 0.815956 0.375851 0.818094 0.370713 0.822153 0.371460 0.821200 0.376646 0.826514 0.371676 0.826515 0.376855 0.832478 0.381029 0.838586 0.380640 0.061553 0.136927 0.060652 0.141492 0.055254 0.141227 0.055338 0.136787 0.049842 0.141374 0.049111 0.136879 0.894852 0.066744 0.892180 0.062463 0.898984 0.062210 0.902854 0.057643 0.906555 0.053008 0.910152 0.048223 0.908892 0.041531 0.913659 0.043189 0.065481 0.283984 0.066214 0.279490 0.071626 0.279639 0.071708 0.284079 0.077024 0.279376 0.077923 0.283941 0.814445 0.380644 0.820553 0.381030 0.826516 0.381135 0.832493 0.386173 0.838612 0.386494 0.061516 0.131449 0.055321 0.131648 0.049112 0.131599 
						0.899654 0.070535 0.903087 0.065472 0.906699 0.060709 0.910397 0.056079 0.914241 0.051502 0.918419 0.047033 0.065481 0.289265 0.071690 0.289218 0.077885 0.289418 0.814421 0.386498 0.820540 0.386175 0.826516 0.386101 0.831870 0.390576 0.837159 0.391214 0.060529 0.126869 0.055208 0.127217 0.049871 0.127104 0.904545 0.072177 0.907133 0.067528 0.910243 0.063155 0.913566 0.058993 0.917142 0.054991 0.921103 0.051439 0.066238 0.293760 0.071576 0.293649 0.076897 0.293998 0.815876 0.391217 0.821163 0.390578 0.826517 0.390417 0.831269 0.395375 0.835790 0.395978 0.059604 0.122086 0.055102 0.122402 0.050587 0.122306 0.909290 0.073871 0.911448 0.069842 0.914202 0.065872 0.917092 0.062252 0.920354 0.058687 0.923805 0.055692 0.066953 0.298558 0.071468 0.298464 0.075970 0.298781 0.817246 0.395981 0.821766 0.395377 0.826518 0.395204 0.013893 0.188920 0.016546 0.191873 0.009276 0.195707 0.010251 0.187526 0.006458 0.187988 0.003259 0.190217 0.001397 0.193728 0.001398 0.197690 0.003261 0.201200 0.006461 0.203428 0.010254 0.203889 0.013896 0.202493 0.016548 0.199539 0.017502 0.195706 0.304702 0.014656 0.301570 0.018260 0.295883 0.010009 0.297157 0.020018 
						0.292479 0.019561 0.288620 0.017038 0.286480 0.013099 0.914202 0.065872 0.917092 0.062252 0.923804 0.070575 0.286480 0.006919 0.288620 0.002980 0.292479 0.000457 0.297157 0.000000 0.301570 0.001759 0.304702 0.005362 0.305833 0.010009 
					</float_array>
					<technique_common>
						<accessor count="141" offset="0" source="#meshId20-tex0-array" stride="2">
							<param name="S" type="float" />
							<param name="T" type="float" />
						</accessor>
					</technique_common>
				</source>
				<vertices id="meshId20-vertices">
					<input semantic="POSITION" source="#meshId20-positions" />
				</vertices>
				<polylist count="156" material="defaultMaterial">
					<input offset="0" semantic="VERTEX" source="#meshId20-vertices" />
					<input offset="0" semantic="NORMAL" source="#meshId20-normals" />
					<input offset="0" semantic="TANGENT" source="#meshId20-tangents" />
					<input offset="0" semantic="BINORMAL" source="#meshId20-bitangents" />
					<input offset="0" semantic="TEXCOORD" source="#meshId20-tex0" set="0" />
					<vcount>
						3 3 3 3 3 3 3 3 3 3 3 3 3 3 3 3 3 3 3 3 3 3 3 3 3 3 3 3 3 3 3 3 3 3 3 3 3 3 3 3 3 3 3 3 3 3 3 3 3 3 3 3 3 3 3 3 3 3 3 3 3 3 3 3 
						3 3 3 3 3 3 3 3 3 3 3 3 3 3 3 3 3 3 3 3 3 3 3 3 3 3 3 3 3 3 3 3 3 3 3 3 3 3 3 3 3 3 3 3 3 3 3 3 3 3 3 3 3 3 3 3 3 3 3 3 3 3 3 3 
						3 3 3 3 3 3 3 3 3 3 3 3 3 3 3 3 3 3 3 3 3 3 3 3 3 3 3 3 
					</vcount>
					<p>
						0 1 2 2 3 0 4 5 6 6 7 4 7 6 8 8 9 7 9 8 10 10 11 9 12 13 14 14 15 12 15 14 16 16 17 15 17 16 18 18 19 17 20 21 22 22 23 20 23 22 24 24 25 23 25 24 26 26 27 25 28 29 30 30 31 28 31 30 32 32 33 31 33 32 1 1 0 33 34 0 3 3 35 34 36 37 38 38 39 36 39 38 40 40 41 39 42 43 12 12 44 42 44 12 15 15 45 44 45 15 17 17 46 45 46 17 19 19 47 46 47 19 48 48 49 47 50 51 52 52 53 50 53 52 54 54 55 53 56 28 31 31 57 56 57 31 33 33 58 57 58 33 0 0 34 58 59 34 35 35 60 59 61 36 39 39 62 61 62 39 41 41 63 62 64 42 44 44 65 64 65 44 45 45 66 65 66 45 46 46 67 66 
						67 46 47 47 68 67 68 47 49 49 69 68 70 50 53 53 71 70 71 53 55 55 72 71 73 56 57 57 74 73 74 57 58 58 75 74 75 58 34 34 59 75 76 59 60 60 77 76 78 61 62 62 79 78 79 62 63 63 80 79 81 64 65 65 82 81 82 65 66 66 83 82 83 66 67 67 84 83 84 67 68 68 85 84 85 68 69 69 86 85 87 70 71 71 88 87 88 71 72 72 89 88 90 73 74 74 91 90 91 74 75 75 92 91 92 75 59 59 76 92 93 76 77 77 94 93 95 78 79 79 96 95 96 79 80 80 97 96 98 81 82 82 99 98 99 82 83 83 100 99 100 83 84 84 101 100 101 84 85 85 102 101 102 85 86 86 103 102 104 87 88 88 105 104 105 88 89 89 106 105 107 90 91 91 108 107 108 91 92 92 109 108 
						109 92 76 76 93 109 110 111 112 113 110 112 114 113 112 115 114 112 116 115 112 117 116 112 118 117 112 119 118 112 120 119 112 121 120 112 122 121 112 123 122 112 111 123 112 124 125 126 125 127 126 127 128 126 128 129 126 129 130 126 131 132 133 134 135 126 135 136 126 136 137 126 137 138 126 138 139 126 139 140 126 140 124 126 
					</p>
				</polylist>
			</mesh>
		</geometry>
		<geometry id="meshId21" name="meshId21_name" >
			<mesh>
				<source id="meshId21-positions" name="meshId21-positions">
					<float_array id="meshId21-positions-array" count="420"> 
						-17.707047 7.504468 31.669258 -17.743172 6.908127 31.688534 -17.780943 6.908127 31.645899 -17.757984 7.504468 31.611761 -17.757984 7.504468 31.611761 -17.780943 6.908127 31.645899 -17.834202 6.908127 31.625698 -17.829805 7.504468 31.584522 -17.890747 6.908127 31.632566 -17.906059 7.504468 31.593782 -17.906059 7.504468 31.593782 -17.890747 6.908127 31.632566 -17.937624 6.908127 31.664925 -17.969275 7.504468 31.637417 -17.964096 6.908127 31.715359 -18.004972 7.504468 31.705433 -17.964096 6.908127 31.772320 -18.004972 7.504468 31.782246 -17.937624 6.908127 31.822754 -17.969275 7.504468 31.850262 -17.890747 6.908127 31.855112 -17.906059 7.504468 31.893896 -17.906059 7.504468 31.893896 -17.890747 6.908127 31.855112 -17.834202 6.908127 31.861979 -17.829805 7.504468 31.903156 -17.780943 6.908127 31.841780 -17.757984 7.504468 31.875916 -17.757984 7.504468 31.875916 -17.780943 6.908127 31.841780 -17.743172 6.908127 31.799145 -17.707047 7.504468 31.818420 -17.729540 6.908127 31.743839 -17.688663 7.504468 31.743839 -17.695154 7.773421 31.662910 -17.750425 7.773421 31.600525 -17.750425 7.773421 31.600525 -17.828358 7.773421 31.570969 -17.911100 7.773421 31.581013 -17.911100 7.773421 31.581013 -17.979694 7.773421 31.628361 -18.018429 7.773421 31.702164 -18.018429 7.773421 31.785515 -17.979694 7.773421 31.859318 -17.911100 7.773421 31.906666 -17.828358 7.773421 31.916710 -17.750425 7.773421 31.887154 -17.750425 7.773421 31.887154 -17.695154 7.773421 31.824766 -17.675207 7.773421 31.743839 -17.695154 9.533069 31.662910 -17.750425 9.533069 31.600525 -17.750425 9.533069 31.600525 -17.828358 9.533069 31.570969 -17.911100 9.533069 31.581013 -17.911100 9.533069 31.581013 -17.979694 9.533069 31.628361 -18.018429 9.533069 31.702164 -18.018429 9.533069 31.785515 -17.979694 9.533069 31.859318 -17.911100 9.533069 31.906666 -17.828358 9.533069 31.916710 -17.750425 9.533069 31.887154 -17.750425 9.533069 31.887154 
						-17.695154 9.533069 31.824766 -17.675207 9.533069 31.743839 -17.695293 9.692593 31.662987 -17.750513 9.692593 31.600657 -17.750513 9.692593 31.600657 -17.828375 9.692593 31.571129 -17.911039 9.692593 31.581165 -17.911039 9.692593 31.581165 -17.979572 9.692593 31.628469 -18.018270 9.692593 31.702202 -18.018270 9.692593 31.785477 -17.979572 9.692593 31.859207 -17.911039 9.692593 31.906513 -17.828375 9.692593 31.916550 -17.750513 9.692593 31.887020 -17.750513 9.692593 31.887020 -17.695293 9.692593 31.824692 -17.675365 9.692593 31.743839 -17.731085 10.288934 31.682083 -17.773262 10.288934 31.634476 -17.773262 10.288934 31.634476 -17.832731 10.288934 31.611923 -17.895870 10.288934 31.619591 -17.895870 10.288934 31.619591 -17.948215 10.288934 31.655720 -17.977772 10.288934 31.712036 -17.977772 10.288934 31.775640 -17.948215 10.288934 31.831959 -17.895870 10.288934 31.868088 -17.832731 10.288934 31.875755 -17.773262 10.288934 31.853203 -17.773262 10.288934 31.853203 -17.731085 10.288934 31.805595 -17.715864 10.288934 31.743839 -17.780943 6.908127 31.645899 -17.743172 6.908127 31.688534 -17.849150 6.829505 31.743839 -17.834202 6.908127 31.625698 -17.890747 6.908127 31.632566 -17.937624 6.908127 31.664925 -17.964096 6.908127 31.715359 -17.964096 6.908127 31.772320 -17.964096 6.908127 31.715359 -17.849150 6.829505 31.743839 -17.937624 6.908127 31.822754 -17.964096 6.908127 31.772320 -17.849150 6.829505 31.743839 -17.890747 6.908127 31.855112 -17.834202 6.908127 31.861979 -17.780943 6.908127 31.841780 -17.743172 6.908127 31.799145 -17.729540 6.908127 31.743839 -17.743172 6.908127 31.799145 -17.849150 6.829505 31.743839 -17.743172 6.908127 31.688534 -17.731085 10.288934 31.682083 -17.773262 10.288934 31.634476 -17.849150 11.004772 31.743839 -17.773262 10.288934 31.634476 -17.832731 10.288934 31.611923 -17.849150 11.004772 31.743839 -17.895870 10.288934 31.619591 -17.895870 10.288934 31.619591 -17.948215 10.288934 31.655720 
						-17.849150 11.004772 31.743839 -17.977772 10.288934 31.712036 -17.977772 10.288934 31.775640 -17.948215 10.288934 31.831959 -17.895870 10.288934 31.868088 -17.895870 10.288934 31.868088 -17.832731 10.288934 31.875755 -17.849150 11.004772 31.743839 -17.773262 10.288934 31.853203 -17.773262 10.288934 31.853203 -17.731085 10.288934 31.805595 -17.715864 10.288934 31.743839 
					</float_array>
					<technique_common>
						<accessor count="140" offset="0" source="#meshId21-positions-array" stride="3">
							<param name="X" type="float" />
							<param name="Y" type="float" />
							<param name="Z" type="float" />
						</accessor>
					</technique_common>
				</source>
				<source id="meshId21-normals" name="meshId21-normals">
					<float_array id="meshId21-normals-array" count="420"> 
						0.883739 -0.061963 -0.463860 0.883407 -0.068500 -0.463573 0.566823 -0.068819 -0.820960 0.566922 -0.062252 -0.821416 0.566922 -0.062252 -0.821416 0.566823 -0.068819 -0.820960 0.120398 -0.069269 -0.990306 0.120247 -0.062658 -0.990765 -0.353618 -0.069745 -0.932786 -0.353957 -0.063090 -0.933131 -0.353957 -0.063090 -0.933131 -0.353618 -0.069745 -0.932786 -0.746599 -0.070141 -0.661566 -0.747030 -0.063448 -0.661756 -0.968524 -0.070364 -0.238767 -0.968975 -0.063649 -0.238822 -0.968524 -0.070364 0.238766 -0.968975 -0.063649 0.238822 -0.746597 -0.070143 0.661569 -0.747028 -0.063449 0.661758 -0.353618 -0.069746 0.932786 -0.353955 -0.063090 0.933132 -0.353955 -0.063090 0.933132 -0.353618 -0.069746 0.932786 0.120398 -0.069268 0.990306 0.120244 -0.062658 0.990765 0.566827 -0.068817 0.820957 0.566925 -0.062251 0.821414 0.566925 -0.062251 0.821414 0.566827 -0.068817 0.820957 0.883406 -0.068498 0.463575 0.883739 -0.061963 0.463861 0.997659 -0.068385 0.000000 0.998085 -0.061859 0.000000 0.885432 -0.006375 -0.464726 0.568036 -0.006404 -0.822979 0.568036 -0.006404 -0.822979 0.120535 -0.006446 -0.992688 -0.354600 -0.006490 -0.934996 -0.354600 -0.006490 -0.934996 -0.748506 -0.006527 -0.663096 -0.970923 -0.006548 -0.239304 -0.970922 -0.006548 0.239305 -0.748506 -0.006527 0.663096 -0.354599 -0.006490 0.934996 0.120535 -0.006446 0.992688 0.568036 -0.006405 0.822979 0.568036 -0.006405 0.822979 0.885433 -0.006375 0.464723 0.999980 -0.006364 0.000000 0.885453 0.000083 -0.464729 0.568057 0.000083 -0.822989 0.568057 0.000083 -0.822989 0.120551 0.000084 -0.992707 -0.354594 0.000085 -0.935020 -0.354594 0.000085 -0.935020 -0.748516 0.000086 -0.663117 -0.970943 0.000085 -0.239311 -0.970942 0.000085 0.239313 -0.748516 0.000086 0.663117 -0.354594 0.000085 0.935020 0.120551 0.000084 0.992707 0.568057 0.000083 0.822989 0.568057 0.000083 0.822989 
						0.885454 0.000083 0.464727 1.000000 0.000083 0.000000 0.884225 0.052223 -0.464133 0.567196 0.052465 -0.821910 0.567196 0.052465 -0.821910 0.120249 0.052807 -0.991338 -0.354198 0.053171 -0.933658 -0.354198 0.053171 -0.933658 -0.747490 0.053473 -0.662117 -0.969552 0.053641 -0.238937 -0.969552 0.053642 0.238938 -0.747488 0.053474 0.662120 -0.354200 0.053172 0.933657 0.120251 0.052807 0.991338 0.567196 0.052464 0.821910 0.567196 0.052464 0.821910 0.884223 0.052223 0.464136 0.998640 0.052136 0.000000 0.883449 0.067868 -0.463586 0.566836 0.068183 -0.821004 0.566836 0.068183 -0.821004 0.120393 0.068628 -0.990351 -0.353621 0.069099 -0.932833 -0.353621 0.069099 -0.932833 -0.746632 0.069491 -0.661597 -0.968573 0.069714 -0.238760 -0.968573 0.069714 0.238761 -0.746630 0.069492 0.661600 -0.353620 0.069101 0.932833 0.120393 0.068629 0.990351 0.566836 0.068183 0.821004 0.566836 0.068183 0.821004 0.883448 0.067868 0.463588 0.997702 0.067756 0.000000 0.312781 -0.835084 -0.452552 0.486643 -0.835497 -0.255192 -0.001181 -0.999999 -0.000000 0.066828 -0.834518 -0.546913 -0.195354 -0.833901 -0.516184 -0.413512 -0.833383 -0.366715 -0.537019 -0.833103 -0.132473 -0.537027 -0.833099 0.132470 -0.537019 -0.833103 -0.132473 -0.001181 -0.999999 -0.000000 -0.413508 -0.833386 0.366714 -0.537027 -0.833099 0.132470 -0.001181 -0.999999 -0.000000 -0.195354 -0.833902 0.516183 0.066813 -0.834519 0.546913 0.312799 -0.835078 0.452550 0.486657 -0.835490 0.255190 0.549274 -0.835642 0.000000 0.486657 -0.835490 0.255190 -0.001181 -0.999999 -0.000000 0.486643 -0.835497 -0.255192 0.870521 0.182994 -0.456844 0.558534 0.182821 -0.809084 -0.000226 1.000000 0.000000 0.558534 0.182821 -0.809084 0.118588 0.182577 -0.976014 -0.000226 1.000000 0.000000 -0.348580 0.182324 -0.919375 -0.348580 0.182324 -0.919375 -0.735954 0.182121 -0.652076 
						-0.000226 1.000000 0.000000 -0.954724 0.182001 -0.235327 -0.954724 0.182001 0.235327 -0.735954 0.182123 0.652076 -0.348579 0.182326 0.919375 -0.348579 0.182326 0.919375 0.118589 0.182577 0.976014 -0.000226 1.000000 0.000000 0.558534 0.182818 0.809084 0.558534 0.182818 0.809084 0.870526 0.182988 0.456836 0.983104 0.183048 0.000000 
					</float_array>
					<technique_common>
						<accessor count="140" offset="0" source="#meshId21-normals-array" stride="3">
							<param name="X" type="float" />
							<param name="Y" type="float" />
							<param name="Z" type="float" />
						</accessor>
					</technique_common>
				</source>
				<source id="meshId21-tangents" name="meshId21-tangents">
					<float_array id="meshId21-tangents-array" count="420"> 
						-0.463864 0.015186 -0.885776 -0.462795 0.027777 -0.886030 -0.820494 0.042551 -0.570069 -0.821150 0.036783 -0.569526 0.823664 0.026714 0.566449 0.823709 0.029630 0.566237 0.992717 0.004224 0.120396 0.992735 0.003345 0.120275 0.935378 -0.021266 -0.353010 0.935250 -0.018941 -0.353480 -0.935209 0.034435 0.352417 -0.935385 0.029518 0.352396 -0.665112 0.056769 0.744582 -0.664750 0.060340 0.744625 -0.243833 0.075263 0.966893 -0.243330 0.076265 0.966941 0.231999 0.092434 0.968314 0.232685 0.090881 0.968297 0.653297 0.110567 0.748985 0.654224 0.106631 0.748746 0.922820 0.136923 0.360078 0.923051 0.137136 0.359403 0.934964 -0.049058 0.351333 0.935094 -0.051431 0.350647 0.992139 -0.025887 -0.122432 0.992310 -0.021926 -0.121818 0.822882 -0.000668 -0.568212 0.822845 -0.004420 -0.568248 0.821019 -0.038717 -0.569587 0.820478 -0.042734 -0.570079 0.462739 -0.028574 -0.886034 0.463889 -0.014807 -0.885770 0.000068 0.000989 -0.999999 0.000041 0.000661 -1.000000 -0.464718 0.002756 -0.885455 -0.822973 0.004230 -0.568065 0.823004 0.003931 0.568022 0.992709 0.000441 0.120535 0.935018 -0.001893 -0.354595 -0.932552 0.075044 0.353152 -0.661391 0.079687 0.745797 -0.239020 0.082299 0.967521 0.237910 0.084756 0.967582 0.657035 0.127948 0.742923 0.928803 0.112667 0.353032 0.992618 0.014328 -0.120433 0.822590 -0.027270 -0.567980 0.822959 -0.006054 -0.568069 0.464720 -0.002062 -0.885455 0.000002 0.000361 -1.000000 -0.464729 -0.000717 -0.885453 -0.822985 -0.003191 -0.568054 0.822989 -0.000147 0.568057 0.992707 -0.000711 0.120551 0.935020 0.000665 -0.354594 -0.931764 0.083356 0.353367 -0.660674 0.085657 0.745770 -0.238446 0.084592 0.967465 0.238490 0.083223 0.967573 0.660995 0.080023 0.746111 0.934828 0.020320 0.354519 0.992195 -0.032119 -0.120486 0.822573 -0.031855 -0.567766 0.822990 0.000424 -0.568056 
						0.464726 0.001816 -0.885453 -0.000000 0.000449 -1.000000 -0.464200 -0.011582 -0.885655 -0.821583 -0.033453 -0.569106 0.823489 -0.021083 0.566940 0.992740 -0.003557 0.120230 0.935165 0.016698 -0.353819 -0.926040 0.119230 0.358098 -0.655425 0.102777 0.748235 -0.233643 0.089607 0.968185 0.242604 0.077538 0.967022 0.664271 0.064011 0.744746 0.935144 0.012775 0.354037 0.992403 -0.032532 -0.118647 0.823465 -0.053005 -0.564886 0.821789 0.029780 -0.569013 0.464128 0.013023 -0.885673 -0.000031 0.000603 -1.000000 -0.462535 -0.031409 -0.886045 -0.818538 -0.066170 -0.570629 0.823809 -0.039683 0.565477 0.992726 -0.008171 0.120116 0.935388 0.025215 -0.352722 -0.918193 0.164702 0.360271 -0.650410 0.132546 0.747929 -0.231423 0.099217 0.967781 0.243394 0.067872 0.967550 0.664601 0.034340 0.746409 0.934956 -0.004233 0.354738 0.992298 -0.037619 -0.118023 0.823592 -0.070894 -0.562735 0.818754 0.063836 -0.570584 0.462465 0.032369 -0.886047 -0.000029 0.000424 -1.000000 0.555233 -0.225821 0.800451 0.497052 0.024584 0.867373 0.584100 -0.000690 0.811682 0.526402 -0.436157 0.729841 0.501731 -0.537213 0.677989 0.498722 -0.544286 0.674559 0.544929 -0.462475 0.699406 0.002376 0.155541 0.987827 -0.140724 -0.066364 0.987822 -0.067486 0.000080 0.997720 -0.351163 -0.225625 -0.908723 -0.277547 0.026206 -0.960355 -0.375999 0.000444 -0.926620 -0.340292 -0.435990 -0.833135 -0.329007 -0.535907 -0.777533 -0.327092 -0.542022 -0.774095 -0.365636 -0.460101 -0.809084 0.000000 0.000000 -1.000000 0.280185 -0.127407 -0.951454 0.000000 0.000000 -1.000000 -0.280185 0.127413 -0.951453 -0.459117 -0.032298 -0.887789 -0.809424 -0.093077 -0.579801 0.000000 0.000000 -1.000000 0.828167 -0.068008 0.556340 0.992843 -0.007841 0.119166 0.992888 0.000224 0.119049 0.937161 0.052226 -0.344966 -0.903826 0.194337 0.381224 -0.638766 0.132429 0.757919 
						0.014451 0.000003 0.999896 -0.220567 0.097770 0.970459 0.250620 0.065846 0.965844 0.667255 0.032026 0.744141 0.932626 -0.030147 0.359582 0.936270 0.022221 0.350578 0.992814 -0.037705 -0.113577 0.993499 0.000225 -0.113841 0.829199 -0.097611 -0.550364 0.809425 0.093077 -0.579800 0.459108 0.032297 -0.887793 0.000000 0.000000 -1.000000 
					</float_array>
					<technique_common>
						<accessor count="140" offset="0" source="#meshId21-tangents-array" stride="3">
							<param name="X" type="float" />
							<param name="Y" type="float" />
							<param name="Z" type="float" />
						</accessor>
					</technique_common>
				</source>
				<source id="meshId21-bitangents" name="meshId21-bitangents">
					<float_array id="meshId21-bitangents-array" count="420"> 
						0.061929 0.997963 -0.015322 0.073570 0.997264 -0.007163 0.074164 0.996721 -0.032347 0.065668 0.997382 -0.030265 -0.013319 -0.997703 0.066420 -0.014643 -0.997189 0.073482 -0.004157 -0.997589 0.069273 -0.004222 -0.998029 0.062605 0.004784 -0.997338 0.072758 0.004627 -0.997828 0.065709 0.009899 0.997414 -0.071191 0.002956 0.997128 -0.075677 -0.014670 0.995920 -0.089035 -0.007315 0.996159 -0.087253 -0.050064 0.994678 -0.090051 -0.043331 0.995054 -0.089386 -0.090204 0.993230 -0.073200 -0.083335 0.993826 -0.073251 -0.125684 0.991390 -0.036725 -0.118071 0.992272 -0.038146 -0.152834 0.988123 0.015944 -0.150640 0.988541 0.009695 0.023612 0.996801 0.076351 0.023518 0.996238 0.083406 0.034116 0.997262 0.065607 0.029356 0.997794 0.059540 0.039651 0.997629 0.056250 0.039005 0.998051 0.048717 0.067260 0.997309 0.029160 0.074314 0.996714 0.032240 0.073938 0.997242 0.006454 0.061753 0.997969 0.015659 0.068385 0.997658 0.000991 0.061859 0.998085 0.000662 0.006926 0.999976 -0.000522 0.007119 0.999971 -0.002868 -0.000403 -0.999972 0.007503 -0.000339 -0.999979 0.006452 0.000531 -0.999977 0.006740 0.067873 0.997159 -0.032663 0.047972 0.996799 -0.063963 0.013359 0.996586 -0.081471 -0.026618 0.996380 -0.080734 -0.089691 0.991759 -0.091481 -0.107635 0.993612 -0.033924 -0.013446 0.999877 0.008125 0.026080 0.999608 -0.010222 0.008621 0.999961 0.001832 0.006603 0.999978 0.001137 0.006364 0.999980 0.000361 -0.000407 1.000000 -0.000597 -0.002673 0.999995 -0.001744 -0.000074 -1.000000 -0.000152 -0.000696 -1.000000 -0.000169 0.000592 -1.000000 -0.000315 0.077970 0.996520 -0.029478 0.056864 0.996325 -0.064058 0.020326 0.996416 -0.082114 -0.019834 0.996531 -0.080825 -0.053001 0.996793 -0.059955 -0.018969 0.999793 -0.007285 0.031875 0.999484 -0.003955 0.026169 0.999492 -0.018164 -0.000396 1.000000 0.000173 
						-0.000917 0.999998 0.001569 -0.000083 1.000000 0.000449 -0.051627 0.998568 0.014001 -0.057353 0.998062 0.024130 0.012416 -0.998400 -0.055163 0.002822 -0.998598 -0.052851 -0.003223 -0.998446 -0.055638 0.130360 0.991442 0.007007 0.108061 0.993266 -0.041777 0.073345 0.994532 -0.074345 0.033346 0.995545 -0.088191 -0.002558 0.996516 -0.083368 0.006898 0.998504 -0.054248 0.025985 0.998075 -0.056318 0.013929 0.997215 -0.073266 -0.054329 0.998179 -0.026223 -0.052297 0.998550 -0.012723 -0.052136 0.998640 0.000604 -0.074695 0.997200 0.003643 -0.093233 0.995476 0.018303 0.005976 -0.996883 -0.078664 0.000151 -0.997609 -0.069113 -0.000851 -0.997291 -0.073551 0.178534 0.983920 0.005204 0.139666 0.988738 -0.053765 0.091157 0.992621 -0.079966 0.051246 0.995255 -0.082707 0.029150 0.996991 -0.071823 0.028461 0.997601 -0.063110 0.029156 0.996933 -0.072630 0.019836 0.995151 -0.096340 -0.091314 0.995628 -0.019640 -0.075140 0.997169 -0.002790 -0.067756 0.997702 0.000425 -0.770639 -0.501637 0.393034 -0.718414 -0.548944 0.427249 -0.811681 0.000959 0.584100 -0.847606 -0.336670 0.410144 -0.842676 -0.126537 0.523340 -0.761764 0.096050 0.640695 -0.643943 0.303406 0.702340 -0.843562 0.530804 -0.081551 -0.831749 0.549122 -0.081599 -0.997720 0.001178 -0.067486 0.840057 -0.504541 -0.199357 0.796599 -0.552503 -0.245297 0.926619 -0.001094 -0.375999 0.919803 -0.338409 -0.198598 0.941961 -0.127989 -0.310369 0.891722 0.094111 -0.442691 0.793395 0.300440 -0.529396 0.835642 0.549274 0.000000 0.827443 0.534532 0.172088 0.999999 -0.001181 0.000000 0.827451 0.534519 -0.172090 -0.177215 0.982583 0.055899 -0.181307 0.978730 0.095993 -1.000000 -0.000226 -0.000000 0.046686 -0.980791 -0.189391 0.014104 -0.983160 -0.182200 0.119049 0.000027 -0.992888 -0.014880 -0.981851 -0.189072 0.248175 0.963842 0.097047 0.224387 0.974317 0.018871 
						0.999896 0.000226 -0.014451 0.199632 0.978426 -0.053200 0.160289 0.981091 -0.108477 0.114642 0.982754 -0.145092 0.093277 0.982776 -0.159534 0.043490 0.982987 -0.178452 0.016064 0.982468 -0.185736 -0.113841 -0.000026 -0.993499 -0.021641 0.978289 -0.206111 -0.181305 0.978731 -0.095991 -0.177210 0.982584 -0.055896 -0.183048 0.983104 0.000000 
					</float_array>
					<technique_common>
						<accessor count="140" offset="0" source="#meshId21-bitangents-array" stride="3">
							<param name="X" type="float" />
							<param name="Y" type="float" />
							<param name="Z" type="float" />
						</accessor>
					</technique_common>
				</source>
				<source id="meshId21-tex0" name="meshId21-tex0">
					<float_array id="meshId21-tex0-array" count="280"> 
						0.944958 0.060601 0.943329 0.011378 0.948029 0.011260 0.951278 0.060457 0.966695 0.289199 0.964908 0.338381 0.960216 0.338323 0.960374 0.289129 0.955523 0.338342 0.954053 0.289152 0.000000 0.695500 0.000010 0.648849 0.004455 0.648647 0.005972 0.695207 0.008919 0.648359 0.011936 0.694811 0.013376 0.647997 0.017893 0.694327 0.017828 0.647561 0.023843 0.693756 0.022247 0.647043 0.029784 0.693082 0.050278 0.691846 0.053056 0.645090 0.057520 0.645239 0.056292 0.692045 0.061985 0.645315 0.062307 0.692155 0.925998 0.060457 0.929246 0.011260 0.933946 0.011378 0.932319 0.060601 0.938638 0.011522 0.938638 0.060647 0.945489 0.082744 0.952346 0.082726 0.967285 0.266997 0.960427 0.266987 0.953569 0.266989 0.000459 0.716661 0.006924 0.716161 0.013379 0.715649 0.019831 0.715125 0.026284 0.714589 0.040971 0.713478 0.055721 0.713111 0.062246 0.713294 0.924931 0.082727 0.931788 0.082745 0.938639 0.082751 0.945499 0.227600 0.952360 0.227602 0.967300 0.122165 0.960440 0.122166 0.953580 0.122165 0.011531 0.853259 0.017998 0.852730 0.024462 0.852202 0.030925 0.851677 0.037390 0.851156 0.044503 0.850666 0.051675 0.850888 0.058201 0.851081 0.924921 0.227603 
						0.931781 0.227600 0.938640 0.227598 0.945466 0.240710 0.952306 0.240841 0.967289 0.108994 0.960441 0.109058 0.953592 0.109035 0.012634 0.865800 0.019064 0.865102 0.025483 0.864501 0.031902 0.863980 0.038333 0.863537 0.044793 0.863188 0.051309 0.863359 0.057822 0.863611 0.924974 0.240842 0.931815 0.240710 0.938640 0.240669 0.943873 0.289880 0.949100 0.290133 0.965525 0.059766 0.960293 0.059889 0.955059 0.059847 0.020174 0.912025 0.025069 0.911294 0.029986 0.910739 0.034918 0.910339 0.039861 0.910093 0.044809 0.910024 0.049790 0.910132 0.054764 0.910395 0.928181 0.290133 0.933408 0.289880 0.938641 0.289799 0.767546 0.252890 0.772290 0.252206 0.772292 0.263166 0.763536 0.255803 0.761245 0.260267 0.761218 0.265226 0.763430 0.269481 0.013376 0.647997 0.008919 0.648359 0.010270 0.637370 0.513851 0.217269 0.518600 0.216601 0.518601 0.227483 0.509829 0.220169 0.507523 0.224626 0.507479 0.229582 0.509675 0.233842 0.938638 0.011522 0.933946 0.011378 0.938638 0.000000 0.943329 0.011378 0.943873 0.289880 0.949100 0.290133 0.938641 0.349731 0.965525 0.059766 0.960293 0.059889 0.959608 0.000000 0.955059 0.059847 0.020174 0.912025 0.025069 0.911294 
						0.037039 0.967024 0.029986 0.910739 0.034918 0.910339 0.039861 0.910093 0.044809 0.910024 0.044809 0.910024 0.049790 0.910132 0.047460 0.967088 0.054764 0.910395 0.928181 0.290133 0.933408 0.289880 0.938641 0.289799 
					</float_array>
					<technique_common>
						<accessor count="140" offset="0" source="#meshId21-tex0-array" stride="2">
							<param name="S" type="float" />
							<param name="T" type="float" />
						</accessor>
					</technique_common>
				</source>
				<vertices id="meshId21-vertices">
					<input semantic="POSITION" source="#meshId21-positions" />
				</vertices>
				<polylist count="156" material="defaultMaterial">
					<input offset="0" semantic="VERTEX" source="#meshId21-vertices" />
					<input offset="0" semantic="NORMAL" source="#meshId21-normals" />
					<input offset="0" semantic="TANGENT" source="#meshId21-tangents" />
					<input offset="0" semantic="BINORMAL" source="#meshId21-bitangents" />
					<input offset="0" semantic="TEXCOORD" source="#meshId21-tex0" set="0" />
					<vcount>
						3 3 3 3 3 3 3 3 3 3 3 3 3 3 3 3 3 3 3 3 3 3 3 3 3 3 3 3 3 3 3 3 3 3 3 3 3 3 3 3 3 3 3 3 3 3 3 3 3 3 3 3 3 3 3 3 3 3 3 3 3 3 3 3 
						3 3 3 3 3 3 3 3 3 3 3 3 3 3 3 3 3 3 3 3 3 3 3 3 3 3 3 3 3 3 3 3 3 3 3 3 3 3 3 3 3 3 3 3 3 3 3 3 3 3 3 3 3 3 3 3 3 3 3 3 3 3 3 3 
						3 3 3 3 3 3 3 3 3 3 3 3 3 3 3 3 3 3 3 3 3 3 3 3 3 3 3 3 
					</vcount>
					<p>
						0 1 2 2 3 0 4 5 6 6 7 4 7 6 8 8 9 7 10 11 12 12 13 10 13 12 14 14 15 13 15 14 16 16 17 15 17 16 18 18 19 17 19 18 20 20 21 19 22 23 24 24 25 22 25 24 26 26 27 25 28 29 30 30 31 28 31 30 32 32 33 31 33 32 1 1 0 33 34 0 3 3 35 34 36 4 7 7 37 36 37 7 9 9 38 37 39 10 13 13 40 39 40 13 15 15 41 40 41 15 17 17 42 41 42 17 19 19 43 42 43 19 21 21 44 43 44 22 25 25 45 44 45 25 27 27 46 45 47 28 31 31 48 47 48 31 33 33 49 48 49 33 0 0 34 49 50 34 35 35 51 50 52 36 37 37 53 52 53 37 38 38 54 53 55 39 40 40 56 55 56 40 41 41 57 56 57 41 42 42 58 57 
						58 42 43 43 59 58 59 43 44 44 60 59 60 44 45 45 61 60 61 45 46 46 62 61 63 47 48 48 64 63 64 48 49 49 65 64 65 49 34 34 50 65 66 50 51 51 67 66 68 52 53 53 69 68 69 53 54 54 70 69 71 55 56 56 72 71 72 56 57 57 73 72 73 57 58 58 74 73 74 58 59 59 75 74 75 59 60 60 76 75 76 60 61 61 77 76 77 61 62 62 78 77 79 63 64 64 80 79 80 64 65 65 81 80 81 65 50 50 66 81 82 66 67 67 83 82 84 68 69 69 85 84 85 69 70 70 86 85 87 71 72 72 88 87 88 72 73 73 89 88 89 73 74 74 90 89 90 74 75 75 91 90 91 75 76 76 92 91 92 76 77 77 93 92 93 77 78 78 94 93 95 79 80 80 96 95 96 80 81 81 97 96 
						97 81 66 66 82 97 98 99 100 101 98 100 102 101 100 103 102 100 104 103 100 105 106 107 108 109 110 111 108 110 112 111 110 113 112 110 114 113 110 115 116 117 118 115 117 119 120 121 122 123 124 123 125 124 126 127 128 127 129 128 129 130 128 130 131 128 131 132 128 133 134 135 134 136 135 137 138 121 138 139 121 139 119 121 
					</p>
				</polylist>
			</mesh>
		</geometry>
		<geometry id="meshId22" name="meshId22_name" >
			<mesh>
				<source id="meshId22-positions" name="meshId22-positions">
					<float_array id="meshId22-positions-array" count="426"> 
						-17.722332 7.147336 31.677486 -17.754471 7.107257 31.694637 -17.788076 7.107257 31.656704 -17.767649 7.147336 31.626335 -17.767649 7.147336 31.626335 -17.788076 7.107257 31.656704 -17.835459 7.107257 31.638735 -17.831547 7.147336 31.602100 -17.885765 7.107257 31.644842 -17.899387 7.147336 31.610338 -17.927471 7.107257 31.673630 -17.955629 7.147336 31.649158 -17.955629 7.147336 31.649158 -17.927471 7.107257 31.673630 -17.951021 7.107257 31.718500 -17.987387 7.147336 31.709669 -17.951021 7.107257 31.769176 -17.987387 7.147336 31.778008 -17.927471 7.107257 31.814049 -17.955629 7.147336 31.838518 -17.955629 7.147336 31.838518 -17.927471 7.107257 31.814049 -17.885765 7.107257 31.842834 -17.899387 7.147336 31.877340 -17.835459 7.107257 31.848944 -17.831547 7.147336 31.885578 -17.788076 7.107257 31.830975 -17.767649 7.147336 31.861343 -17.767649 7.147336 31.861343 -17.788076 7.107257 31.830975 -17.754471 7.107257 31.793041 -17.722332 7.147336 31.810192 -17.742344 7.107257 31.743839 -17.705976 7.147336 31.743839 -17.699347 7.183710 31.665222 -17.753040 7.183710 31.604614 -17.753040 7.183710 31.604614 -17.828749 7.183710 31.575899 -17.909130 7.183710 31.585659 -17.975767 7.183710 31.631657 -17.975767 7.183710 31.631657 -18.013397 7.183710 31.703354 -18.013397 7.183710 31.784325 -17.975767 7.183710 31.856022 -17.975767 7.183710 31.856022 -17.909130 7.183710 31.902018 -17.828749 7.183710 31.911777 -17.753040 7.183710 31.883064 -17.753040 7.183710 31.883064 -17.699347 7.183710 31.822456 -17.679968 7.183710 31.743839 -17.699347 7.231196 31.665222 -17.753040 7.231196 31.604614 -17.753040 7.231196 31.604614 -17.753040 7.183710 31.604614 -17.828749 7.183710 31.575899 -17.828749 7.231196 31.575899 -17.909130 7.183710 31.585659 -17.909130 7.231196 31.585659 -17.975767 7.231196 31.631657 -18.013397 7.231196 31.703354 -18.013397 7.231196 31.784325 -17.975767 7.231196 31.856022 -17.909130 7.183710 31.902018 
						-17.909130 7.231196 31.902018 -17.909130 7.231196 31.902018 -17.909130 7.183710 31.902018 -17.828749 7.183710 31.911777 -17.828749 7.231196 31.911777 -17.753040 7.183710 31.883064 -17.753040 7.231196 31.883064 -17.753040 7.231196 31.883064 -17.699347 7.231196 31.822456 -17.679968 7.231196 31.743839 -17.722332 7.267570 31.677486 -17.767649 7.267570 31.626335 -17.767649 7.267570 31.626335 -17.753040 7.231196 31.604614 -17.828749 7.231196 31.575899 -17.831547 7.267570 31.602100 -17.899387 7.267570 31.610338 -17.955629 7.267570 31.649158 -17.955629 7.267570 31.649158 -17.987387 7.267570 31.709669 -17.987387 7.267570 31.778008 -17.955629 7.267570 31.838518 -17.955629 7.267570 31.838518 -17.975767 7.231196 31.856022 -17.909130 7.231196 31.902018 -17.899387 7.267570 31.877340 -17.828749 7.231196 31.911777 -17.831547 7.267570 31.885578 -17.753040 7.231196 31.883064 -17.767649 7.267570 31.861343 -17.767649 7.267570 31.861343 -17.722332 7.267570 31.810192 -17.705976 7.267570 31.743839 -17.743717 7.307648 31.688898 -17.781240 7.307648 31.646542 -17.781240 7.307648 31.646542 -17.834150 7.307648 31.626476 -17.890324 7.307648 31.633297 -17.936892 7.307648 31.665443 -17.936892 7.307648 31.665443 -17.963188 7.307648 31.715546 -17.963188 7.307648 31.772133 -17.936892 7.307648 31.822235 -17.936892 7.307648 31.822235 -17.890324 7.307648 31.854382 -17.834150 7.307648 31.861202 -17.781240 7.307648 31.841137 -17.781240 7.307648 31.841137 -17.743717 7.307648 31.798780 -17.730177 7.307648 31.743839 -17.788076 7.107257 31.656704 -17.754471 7.107257 31.694637 -17.848757 7.107257 31.743839 -17.835459 7.107257 31.638735 -17.885765 7.107257 31.644842 -17.927471 7.107257 31.673630 -17.951021 7.107257 31.718500 -17.951021 7.107257 31.769176 -17.927471 7.107257 31.814049 -17.885765 7.107257 31.842834 -17.835459 7.107257 31.848944 -17.788076 7.107257 31.830975 -17.754471 7.107257 31.793041 -17.742344 7.107257 31.743839 
						-17.743717 7.307648 31.688898 -17.781240 7.307648 31.646542 -17.848757 7.355757 31.743839 -17.834150 7.307648 31.626476 -17.890324 7.307648 31.633297 -17.936892 7.307648 31.665443 -17.963188 7.307648 31.715546 -17.963188 7.307648 31.772133 -17.936892 7.307648 31.822235 -17.890324 7.307648 31.854382 -17.834150 7.307648 31.861202 -17.781240 7.307648 31.841137 -17.743717 7.307648 31.798780 -17.730177 7.307648 31.743839 
					</float_array>
					<technique_common>
						<accessor count="142" offset="0" source="#meshId22-positions-array" stride="3">
							<param name="X" type="float" />
							<param name="Y" type="float" />
							<param name="Z" type="float" />
						</accessor>
					</technique_common>
				</source>
				<source id="meshId22-normals" name="meshId22-normals">
					<float_array id="meshId22-normals-array" count="426"> 
						0.692389 -0.623324 -0.363407 0.655454 -0.672612 -0.343472 0.420173 -0.674313 -0.607253 0.443402 -0.625090 -0.642384 0.443402 -0.625090 -0.642384 0.420173 -0.674313 -0.607253 0.089735 -0.676714 -0.730757 0.093833 -0.627560 -0.772893 -0.259369 -0.679244 -0.686553 -0.275345 -0.630163 -0.726002 -0.547461 -0.681318 -0.485894 -0.579890 -0.632307 -0.513726 -0.579890 -0.632307 -0.513726 -0.547461 -0.681318 -0.485894 -0.709621 -0.682466 -0.175150 -0.751252 -0.633510 -0.185161 -0.709618 -0.682470 0.175148 -0.751251 -0.633512 0.185162 -0.547452 -0.681328 0.485890 -0.579887 -0.632312 0.513724 -0.579887 -0.632312 0.513724 -0.547452 -0.681328 0.485890 -0.259363 -0.679250 0.686550 -0.275342 -0.630167 0.726001 0.089737 -0.676707 0.730764 0.093837 -0.627555 0.772897 0.420190 -0.674298 0.607258 0.443406 -0.625084 0.642387 0.443406 -0.625084 0.642387 0.420190 -0.674298 0.607258 0.655460 -0.672602 0.343479 0.692390 -0.623320 0.363412 0.740547 -0.672005 0.000003 0.782480 -0.622675 0.000001 0.852453 -0.269990 -0.447694 0.546422 -0.271126 -0.792410 0.546422 -0.271126 -0.792410 0.115436 -0.272702 -0.955148 -0.341467 -0.274375 -0.898954 -0.719723 -0.275769 -0.637143 -0.719723 -0.275769 -0.637143 -0.933102 -0.276560 -0.229858 -0.933102 -0.276559 0.229860 -0.719723 -0.275770 0.637142 -0.719723 -0.275770 0.637142 -0.341467 -0.274377 0.898954 0.115434 -0.272701 0.955149 0.546420 -0.271125 0.792412 0.546420 -0.271125 0.792412 0.852452 -0.269990 0.447696 0.962983 -0.269563 0.000000 0.852452 0.269990 -0.447696 0.546422 0.271126 -0.792410 0.546422 0.271126 -0.792410 0.546422 -0.271126 -0.792410 0.115436 -0.272702 -0.955148 0.115437 0.272702 -0.955148 -0.341467 -0.274375 -0.898954 -0.341466 0.274373 -0.898955 -0.719723 0.275768 -0.637143 -0.933102 0.276559 -0.229859 -0.933102 0.276559 0.229860 -0.719724 0.275768 0.637142 -0.341467 -0.274377 0.898954 
						-0.341466 0.274374 0.898955 -0.341466 0.274374 0.898955 -0.341467 -0.274377 0.898954 0.115434 -0.272701 0.955149 0.115434 0.272702 0.955149 0.546420 -0.271125 0.792412 0.546421 0.271127 0.792410 0.546421 0.271127 0.792410 0.852451 0.269991 0.447697 0.962983 0.269563 0.000000 0.736515 0.555123 -0.386504 0.471890 0.556922 -0.683489 0.471890 0.556922 -0.683489 0.546422 0.271126 -0.792410 0.115437 0.272702 -0.955148 0.100011 0.559448 -0.822810 -0.293188 0.562113 -0.773349 -0.617897 0.564322 -0.547489 -0.617897 0.564322 -0.547489 -0.800734 0.565566 -0.197383 -0.800734 0.565565 0.197385 -0.617897 0.564322 0.547489 -0.617897 0.564322 0.547489 -0.719724 0.275768 0.637142 -0.341466 0.274374 0.898955 -0.293193 0.562116 0.773346 0.115434 0.272702 0.955149 0.100014 0.559447 0.822810 0.546421 0.271127 0.792410 0.471889 0.556922 0.683490 0.471889 0.556922 0.683490 0.736512 0.555126 0.386504 0.832204 0.554469 0.000000 0.757876 0.517498 -0.397265 0.486112 0.519238 -0.702913 0.486112 0.519238 -0.702913 0.103737 0.521732 -0.846779 -0.301143 0.524369 -0.796461 -0.635952 0.526540 -0.564199 -0.635952 0.526540 -0.564199 -0.824663 0.527753 -0.203490 -0.824663 0.527752 0.203492 -0.635950 0.526542 0.564199 -0.635950 0.526542 0.564199 -0.301151 0.524374 0.796454 0.103740 0.521733 0.846778 0.486114 0.519236 0.702913 0.486114 0.519236 0.702913 0.757872 0.517503 0.397267 0.856048 0.516896 0.000000 0.000000 -1.000000 0.000006 0.000000 -1.000000 0.000006 0.000000 -1.000000 0.000001 0.000000 -1.000000 0.000000 0.000000 -1.000000 0.000000 0.000000 -1.000000 0.000000 0.000000 -1.000000 0.000000 0.000000 -1.000000 0.000000 0.000000 -1.000000 0.000000 0.000000 -1.000000 0.000000 0.000000 -1.000000 0.000000 0.000000 -1.000000 0.000000 0.000000 -1.000000 0.000000 0.000000 -1.000000 0.000000 
						0.333019 0.926599 -0.174679 0.213927 0.926474 -0.309648 -0.000535 1.000000 0.000000 0.045603 0.926302 -0.374012 -0.133618 0.926112 -0.352793 -0.282597 0.925947 -0.250523 -0.366876 0.925859 -0.090480 -0.366876 0.925859 0.090480 -0.282597 0.925946 0.250527 -0.133609 0.926112 0.352796 0.045603 0.926303 0.374010 0.213922 0.926476 0.309645 0.333021 0.926599 0.174677 0.375929 0.926648 0.000000 
					</float_array>
					<technique_common>
						<accessor count="142" offset="0" source="#meshId22-normals-array" stride="3">
							<param name="X" type="float" />
							<param name="Y" type="float" />
							<param name="Z" type="float" />
						</accessor>
					</technique_common>
				</source>
				<source id="meshId22-tangents" name="meshId22-tangents">
					<float_array id="meshId22-tangents-array" count="426"> 
						0.631161 0.767295 -0.113548 0.685075 0.720944 -0.104465 0.730616 0.648275 -0.214335 0.681167 0.700826 -0.211787 0.890781 0.386885 0.238387 0.903389 0.374027 0.209745 0.995100 0.091506 0.037457 0.994658 0.092636 0.045540 0.960198 -0.257672 -0.107819 0.952874 -0.278935 -0.119276 0.831967 -0.505647 -0.228368 0.806526 -0.534627 -0.252368 0.068262 0.590647 -0.804037 -0.010641 0.586256 -0.810056 -0.233572 0.462388 -0.855361 -0.185200 0.471605 -0.862142 -0.531698 0.355577 -0.768676 -0.509379 0.378110 -0.773024 -0.770601 0.184043 -0.610166 -0.769361 0.217606 -0.600609 0.807002 -0.532280 0.255785 0.832095 -0.504918 0.229512 0.960108 -0.258276 0.107177 0.952805 -0.279329 0.118902 0.995223 0.089251 -0.039564 0.994817 0.089645 -0.047993 0.903329 0.374420 -0.209300 0.890655 0.387726 -0.237491 0.679507 0.701804 0.213873 0.713200 0.659162 0.238436 0.671540 0.727153 0.142416 0.632025 0.766921 0.111250 0.671767 0.740284 0.026624 0.622671 0.782476 -0.003511 0.279159 0.959101 -0.046857 0.321945 0.941450 -0.100117 0.812771 0.399932 0.423624 0.990620 0.102395 0.090488 0.911239 -0.331008 -0.245105 0.641577 -0.614865 -0.458606 0.422405 0.554382 -0.717101 0.051413 0.530025 -0.846422 -0.341587 0.481809 -0.806956 -0.682592 0.448636 -0.576883 0.644742 -0.605878 0.466070 0.911844 -0.328626 0.246061 0.990862 0.099148 -0.091443 0.812151 0.402605 -0.422279 0.324234 0.940852 0.098334 0.283523 0.958212 0.038011 0.269553 0.962946 -0.008677 -0.280787 0.958781 0.043564 -0.313311 0.943624 0.106815 0.639770 0.475461 0.603847 0.762349 0.552765 0.336562 0.856568 0.514216 -0.043291 0.821460 0.514408 0.246147 0.741877 0.508557 -0.437021 0.881011 0.426647 -0.204432 0.674789 0.493691 -0.548569 0.342285 0.487019 -0.803526 -0.053490 0.525340 -0.849210 -0.426098 0.549092 -0.718984 -0.867067 0.461105 -0.188617 
						-0.717471 0.541753 -0.437880 -0.097670 -0.961623 0.256402 0.097188 -0.961622 -0.256588 -0.032975 -0.962099 -0.270700 0.032463 -0.962098 0.270763 -0.154126 -0.962544 -0.223056 0.153702 -0.962544 0.223351 -0.311256 0.944123 -0.108404 -0.276170 0.959653 -0.052885 -0.269553 0.962947 -0.008639 -0.560261 0.820808 0.111276 -0.599969 0.770894 0.213915 0.873250 -0.402043 0.275310 0.812007 -0.403215 0.421974 0.990933 -0.098167 0.091735 0.993882 -0.095113 0.056135 0.943397 0.301286 -0.138664 0.773758 0.560109 -0.295935 0.763821 0.265663 -0.588218 0.482496 0.413674 -0.772056 0.136955 0.493634 -0.858818 -0.140964 0.605529 -0.783239 0.773463 0.561378 0.294294 0.641011 0.616433 0.457290 0.910326 0.334559 0.243673 0.943358 0.301481 0.138513 0.990704 -0.101284 -0.090814 0.993697 -0.098240 -0.053990 0.812367 -0.401679 -0.422746 0.873130 -0.402764 -0.274637 -0.603374 0.769250 -0.210225 -0.560744 0.820634 -0.110116 -0.554469 0.832204 -0.000179 -0.516151 0.848045 0.120029 -0.552542 0.805781 0.213106 0.863519 -0.408987 0.295065 0.992885 -0.104361 0.057335 0.939985 0.303763 -0.155420 0.757271 0.566623 -0.324776 0.755848 0.277424 -0.593068 0.465384 0.428609 -0.774411 0.124073 0.519785 -0.845239 -0.147559 0.634631 -0.758598 0.757217 0.566856 0.324493 0.939705 0.305140 0.154416 0.992739 -0.106436 -0.056043 0.863296 -0.410225 -0.294000 -0.569516 0.798309 -0.195844 -0.528111 0.844159 -0.092165 -0.516797 0.855885 0.019518 1.000000 0.000000 0.000654 1.000000 0.000000 0.000301 1.000000 0.000000 0.000158 0.999999 0.000000 -0.001640 0.999991 0.000000 -0.004129 0.999998 0.000000 -0.001923 1.000000 0.000000 0.000247 1.000000 0.000000 0.000111 0.999997 0.000000 0.002346 0.999990 0.000000 0.004409 0.999998 0.000000 0.001890 1.000000 0.000000 -0.000289 1.000000 0.000000 -0.000043 1.000000 0.000000 0.000114 
						0.941084 -0.338174 0.000270 0.974605 -0.223903 0.003403 1.000000 0.000535 0.000027 0.998790 -0.049181 -0.000024 0.990179 0.139531 -0.008743 0.956858 0.290500 -0.005657 0.929667 0.368400 0.000155 0.929670 0.368392 -0.000063 0.956868 0.290464 0.005803 0.990185 0.139485 0.008840 0.998790 -0.049182 0.000025 0.974607 -0.223899 -0.003401 0.941083 -0.338175 -0.000271 0.926648 -0.375929 0.000000 
					</float_array>
					<technique_common>
						<accessor count="142" offset="0" source="#meshId22-tangents-array" stride="3">
							<param name="X" type="float" />
							<param name="Y" type="float" />
							<param name="Z" type="float" />
						</accessor>
					</technique_common>
				</source>
				<source id="meshId22-bitangents" name="meshId22-bitangents">
					<float_array id="meshId22-bitangents-array" count="426"> 
						0.349618 -0.150749 0.924685 0.317888 -0.166832 0.933335 0.538196 -0.353611 0.765052 0.582585 -0.343664 0.736539 0.099516 -0.677925 0.728364 0.085695 -0.636715 0.766323 0.041521 -0.730537 0.681609 0.043019 -0.773037 0.632900 -0.103670 -0.687192 0.719041 -0.127344 -0.724631 0.677269 -0.090099 -0.529270 0.843656 -0.115078 -0.560679 0.819997 0.811830 -0.501321 -0.299348 0.836764 -0.438303 -0.328203 0.664742 -0.566072 -0.487525 0.633499 -0.613395 -0.471620 0.462320 -0.638592 -0.615192 0.419708 -0.675052 -0.606753 0.326298 -0.708464 -0.625786 0.267983 -0.743525 -0.612663 0.111709 0.562903 0.818939 0.088961 0.529953 0.843348 0.104519 0.686959 0.719140 0.127865 0.724476 0.677337 -0.038448 0.730823 0.681483 -0.039168 0.773394 0.632714 -0.086239 0.636500 0.766440 -0.100618 0.677450 0.728654 -0.584518 0.341674 0.735933 -0.561058 0.332908 0.757883 -0.345551 0.137312 0.928299 -0.348053 0.152657 0.924962 -0.017894 -0.019715 0.999646 0.002185 0.002748 0.999994 0.442035 -0.085035 0.892958 0.773159 -0.200406 0.601717 0.202055 -0.875526 0.438895 0.073126 -0.956634 0.281964 -0.230310 -0.902858 0.363050 -0.265287 -0.738846 0.619459 0.550975 -0.785246 -0.282515 0.355917 -0.801616 -0.480349 0.112422 -0.831489 -0.544046 -0.126758 -0.850104 -0.511132 0.257502 0.746233 0.613864 0.227906 0.903727 0.362404 -0.069765 0.956976 0.281654 -0.204539 0.874300 0.440186 -0.772203 0.203195 0.602008 -0.439250 0.094530 0.893378 0.002339 0.008356 0.999962 0.441004 0.088571 0.893124 0.776698 0.189905 0.600564 0.540479 -0.836915 0.086344 0.346766 -0.787998 0.508736 0.502958 -0.813152 0.292947 0.558461 -0.813030 -0.164632 0.577077 -0.816142 0.029897 0.327446 -0.861795 -0.387411 0.163274 -0.824755 -0.541406 -0.110277 -0.828449 -0.549101 -0.355611 -0.804694 -0.475402 -0.548123 -0.788955 -0.277691 -0.362760 -0.843860 -0.395355 
						-0.607155 -0.794495 0.011865 0.934806 -0.000248 0.355160 0.934855 -0.000248 0.355028 0.992768 -0.000248 -0.120051 0.992785 -0.000248 -0.119911 0.823207 -0.000249 -0.567740 0.823286 -0.000249 -0.567627 -0.777524 -0.187408 0.600279 -0.443912 -0.078559 0.892620 -0.002329 0.008319 0.999963 0.379017 0.134587 0.915550 0.646032 0.309127 0.697913 -0.121466 -0.726773 -0.676053 -0.205104 -0.874018 -0.440482 -0.068748 -0.957077 -0.281561 -0.046855 -0.823390 -0.565538 0.155055 -0.770231 -0.618630 0.139651 -0.606481 -0.782738 -0.186497 -0.781642 -0.595193 -0.354997 -0.713448 -0.604127 -0.583154 -0.660652 -0.472726 -0.773520 -0.561138 -0.294605 -0.141272 0.605306 -0.783356 -0.266649 0.737538 -0.620432 -0.233896 0.901548 -0.364010 -0.155288 0.770153 -0.618668 0.071976 0.956752 -0.281858 0.050629 0.823024 -0.565746 0.203677 0.874725 -0.439740 0.122334 0.726374 -0.676325 -0.642854 -0.313197 0.699033 -0.378307 -0.135628 0.915691 -0.000099 0.000149 1.000000 0.399013 0.114082 0.909821 0.677047 0.284796 0.678601 -0.134274 -0.750414 -0.647186 -0.058457 -0.846702 -0.528846 0.160438 -0.795465 -0.584375 0.148681 -0.633793 -0.759079 -0.155751 -0.803611 -0.574413 -0.321480 -0.733329 -0.599065 -0.551849 -0.671789 -0.494128 -0.757492 -0.565683 -0.325897 -0.148960 0.633583 -0.759199 -0.162059 0.794935 -0.584650 0.060888 0.846443 -0.528986 0.135697 0.749740 -0.647670 -0.662831 -0.305117 0.683782 -0.383052 -0.139952 0.913063 0.010089 -0.016708 0.999810 -0.000654 0.000006 1.000000 -0.000301 0.000006 1.000000 -0.000158 0.000001 1.000000 0.001640 0.000000 0.999999 0.004129 0.000000 0.999991 0.001923 0.000000 0.999998 -0.000247 0.000000 1.000000 -0.000111 0.000000 1.000000 -0.002346 0.000000 0.999997 -0.004409 0.000000 0.999990 -0.001890 0.000000 0.999998 0.000289 0.000000 1.000000 0.000043 0.000000 1.000000 -0.000114 0.000000 1.000000 
						-0.058821 -0.164478 -0.984625 -0.066179 -0.302512 -0.950845 0.000027 0.000000 -1.000000 -0.018416 -0.373558 -0.927424 0.041129 -0.350496 -0.935661 0.067539 -0.241314 -0.968094 0.033476 -0.084060 -0.995898 -0.033391 0.084093 -0.995898 -0.067396 0.241361 -0.968092 -0.041023 0.350514 -0.935658 0.018417 0.373556 -0.927425 0.066178 0.302510 -0.950846 0.058820 0.164476 -0.984626 0.000000 0.000000 -1.000000 
					</float_array>
					<technique_common>
						<accessor count="142" offset="0" source="#meshId22-bitangents-array" stride="3">
							<param name="X" type="float" />
							<param name="Y" type="float" />
							<param name="Z" type="float" />
						</accessor>
					</technique_common>
				</source>
				<source id="meshId22-tex0" name="meshId22-tex0">
					<float_array id="meshId22-tex0-array" count="284"> 
						0.856554 0.616804 0.852205 0.617792 0.851256 0.613532 0.855573 0.611305 0.018407 0.154699 0.016509 0.158593 0.012664 0.157117 0.013014 0.152706 0.008671 0.157603 0.007192 0.153418 0.005296 0.159960 0.002441 0.156647 0.719189 0.123181 0.715166 0.126056 0.711750 0.123065 0.714689 0.119480 0.707742 0.120500 0.709764 0.116330 0.703594 0.118653 0.704518 0.113794 0.002444 0.174896 0.005298 0.171583 0.008674 0.173938 0.007196 0.178124 0.012667 0.174424 0.013018 0.178834 0.016511 0.172946 0.018411 0.176839 0.855570 0.633555 0.851254 0.631327 0.852204 0.627067 0.856553 0.628056 0.852456 0.622430 0.856791 0.622430 0.860078 0.616145 0.859603 0.609740 0.020059 0.151442 0.013375 0.149057 0.005905 0.149975 0.000000 0.153897 0.722473 0.120422 0.716970 0.116579 0.711443 0.113043 0.705647 0.109657 0.000004 0.177647 0.005910 0.181568 0.013380 0.182483 0.020064 0.180096 0.859600 0.635121 0.860077 0.628716 0.860199 0.622431 0.863860 0.616135 0.864219 0.609715 0.742441 0.128201 0.740220 0.131668 0.734307 0.127882 0.736528 0.124415 0.728394 0.124096 0.730615 0.120628 0.724804 0.116797 0.719045 0.113345 0.713509 0.109803 0.707962 0.106021 0.699829 0.105820 
						0.702047 0.102351 0.442000 0.000000 0.445908 0.000001 0.445907 0.006665 0.441999 0.006664 0.445906 0.013329 0.441997 0.013328 0.864216 0.635147 0.863859 0.628727 0.863795 0.622431 0.867403 0.616774 0.868178 0.611219 0.743017 0.116064 0.744592 0.119220 0.738020 0.121538 0.737679 0.118008 0.731853 0.117294 0.727145 0.114125 0.725946 0.112722 0.720746 0.110045 0.715792 0.106876 0.711182 0.103277 0.727145 0.095210 0.724804 0.092537 0.730616 0.088707 0.731854 0.092041 0.738021 0.087797 0.737680 0.091328 0.744593 0.090116 0.743018 0.093272 0.868176 0.633644 0.867402 0.628089 0.867237 0.622431 0.871224 0.617384 0.871993 0.612620 0.741674 0.112726 0.737422 0.114357 0.733030 0.113821 0.729297 0.111213 0.727125 0.108725 0.722622 0.106496 0.718229 0.103685 0.714318 0.100531 0.729298 0.098122 0.733031 0.095515 0.737423 0.094979 0.741674 0.096610 0.871991 0.632243 0.871223 0.627479 0.871033 0.622432 0.016509 0.158593 0.019320 0.161715 0.011642 0.165770 0.012664 0.157117 0.008671 0.157603 0.005296 0.159960 0.003322 0.163675 0.003322 0.167868 0.005298 0.171583 0.008674 0.173938 0.012667 0.174424 0.016511 0.172946 0.019322 0.169823 0.020333 0.165769 
						0.744851 0.109220 0.741674 0.112726 0.736333 0.104668 0.737422 0.114357 0.733030 0.113821 0.729297 0.111213 0.727062 0.107028 0.727062 0.102307 0.729298 0.098122 0.733031 0.095515 0.737423 0.094979 0.741674 0.096610 0.744852 0.100116 0.745995 0.104668 
					</float_array>
					<technique_common>
						<accessor count="142" offset="0" source="#meshId22-tex0-array" stride="2">
							<param name="S" type="float" />
							<param name="T" type="float" />
						</accessor>
					</technique_common>
				</source>
				<vertices id="meshId22-vertices">
					<input semantic="POSITION" source="#meshId22-positions" />
				</vertices>
				<polylist count="156" material="defaultMaterial">
					<input offset="0" semantic="VERTEX" source="#meshId22-vertices" />
					<input offset="0" semantic="NORMAL" source="#meshId22-normals" />
					<input offset="0" semantic="TANGENT" source="#meshId22-tangents" />
					<input offset="0" semantic="BINORMAL" source="#meshId22-bitangents" />
					<input offset="0" semantic="TEXCOORD" source="#meshId22-tex0" set="0" />
					<vcount>
						3 3 3 3 3 3 3 3 3 3 3 3 3 3 3 3 3 3 3 3 3 3 3 3 3 3 3 3 3 3 3 3 3 3 3 3 3 3 3 3 3 3 3 3 3 3 3 3 3 3 3 3 3 3 3 3 3 3 3 3 3 3 3 3 
						3 3 3 3 3 3 3 3 3 3 3 3 3 3 3 3 3 3 3 3 3 3 3 3 3 3 3 3 3 3 3 3 3 3 3 3 3 3 3 3 3 3 3 3 3 3 3 3 3 3 3 3 3 3 3 3 3 3 3 3 3 3 3 3 
						3 3 3 3 3 3 3 3 3 3 3 3 3 3 3 3 3 3 3 3 3 3 3 3 3 3 3 3 
					</vcount>
					<p>
						0 1 2 2 3 0 4 5 6 6 7 4 7 6 8 8 9 7 9 8 10 10 11 9 12 13 14 14 15 12 15 14 16 16 17 15 17 16 18 18 19 17 20 21 22 22 23 20 23 22 24 24 25 23 25 24 26 26 27 25 28 29 30 30 31 28 31 30 32 32 33 31 33 32 1 1 0 33 34 0 3 3 35 34 36 4 7 7 37 36 37 7 9 9 38 37 38 9 11 11 39 38 40 12 15 15 41 40 41 15 17 17 42 41 42 17 19 19 43 42 44 20 23 23 45 44 45 23 25 25 46 45 46 25 27 27 47 46 48 28 31 31 49 48 49 31 33 33 50 49 50 33 0 0 34 50 51 34 35 35 52 51 53 54 55 55 56 53 56 55 57 57 58 56 58 57 40 40 59 58 59 40 41 41 60 59 60 41 42 42 61 60 
						61 42 43 43 62 61 62 43 63 63 64 62 65 66 67 67 68 65 68 67 69 69 70 68 71 48 49 49 72 71 72 49 50 50 73 72 73 50 34 34 51 73 74 51 52 52 75 74 76 77 78 78 79 76 79 78 58 58 80 79 80 58 59 59 81 80 82 59 60 60 83 82 83 60 61 61 84 83 84 61 62 62 85 84 86 87 88 88 89 86 89 88 90 90 91 89 91 90 92 92 93 91 94 71 72 72 95 94 95 72 73 73 96 95 96 73 51 51 74 96 97 74 75 75 98 97 99 76 79 79 100 99 100 79 80 80 101 100 101 80 81 81 102 101 103 82 83 83 104 103 104 83 84 84 105 104 105 84 85 85 106 105 107 86 89 89 108 107 108 89 91 91 109 108 109 91 93 93 110 109 111 94 95 95 112 111 112 95 96 96 113 112 
						113 96 74 74 97 113 114 115 116 117 114 116 118 117 116 119 118 116 120 119 116 121 120 116 122 121 116 123 122 116 124 123 116 125 124 116 126 125 116 127 126 116 115 127 116 128 129 130 129 131 130 131 132 130 132 133 130 133 134 130 134 135 130 135 136 130 136 137 130 137 138 130 138 139 130 139 140 130 140 141 130 141 128 130 
					</p>
				</polylist>
			</mesh>
		</geometry>
		<geometry id="meshId23" name="meshId23_name" >
			<mesh>
				<source id="meshId23-positions" name="meshId23-positions">
					<float_array id="meshId23-positions-array" count="444"> 
						-17.697136 6.777178 31.664261 -17.735680 6.742401 31.684830 -17.775982 6.742401 31.639339 -17.751484 6.777178 31.602915 -17.832808 6.742401 31.617786 -17.828117 6.777178 31.573853 -17.893141 6.742401 31.625113 -17.909477 6.777178 31.583731 -17.943157 6.742401 31.659637 -17.976929 6.777178 31.630289 -17.976929 6.777178 31.630289 -17.943157 6.742401 31.659637 -17.971401 6.742401 31.713451 -18.015017 6.777178 31.702860 -17.971401 6.742401 31.774227 -18.015017 6.777178 31.784819 -17.943157 6.742401 31.828041 -17.976929 6.777178 31.857389 -17.976929 6.777178 31.857389 -17.943157 6.742401 31.828041 -17.893141 6.742401 31.862564 -17.909477 6.777178 31.903948 -17.832808 6.742401 31.869892 -17.828117 6.777178 31.913824 -17.775982 6.742401 31.848339 -17.751484 6.777178 31.884764 -17.735680 6.742401 31.802849 -17.697136 6.777178 31.823418 -17.697136 6.777178 31.823418 -17.735680 6.742401 31.802849 -17.721136 6.742401 31.743839 -17.677521 6.777178 31.743839 -17.735680 6.742401 31.684830 -17.697136 6.777178 31.664261 -17.669567 6.808740 31.649551 -17.751484 6.777178 31.602915 -17.733963 6.808740 31.576866 -17.733963 6.808740 31.576866 -17.824760 6.808740 31.542431 -17.921162 6.808740 31.554134 -18.001081 6.808740 31.609299 -18.001081 6.808740 31.609299 -18.046209 6.808740 31.695286 -18.046209 6.808740 31.792393 -18.001081 6.808740 31.878380 -18.001081 6.808740 31.878380 -17.921162 6.808740 31.933544 -17.824760 6.808740 31.945248 -17.733963 6.808740 31.910812 -17.733963 6.808740 31.910812 -17.751484 6.777178 31.884764 -17.669567 6.808740 31.838127 -17.646328 6.808740 31.743839 -17.669567 6.849946 31.649551 -17.733963 6.849946 31.576866 -17.733963 6.849946 31.576866 -17.733963 6.808740 31.576866 -17.824760 6.808740 31.542431 -17.824760 6.849946 31.542431 -17.921162 6.808740 31.554134 -17.921162 6.849946 31.554134 -17.921162 6.849946 31.554134 -17.921162 6.808740 31.554134 -18.001081 6.849946 31.609299 
						-18.046209 6.849946 31.695286 -18.046209 6.849946 31.792393 -18.001081 6.849946 31.878380 -17.921162 6.808740 31.933544 -17.921162 6.849946 31.933544 -17.921162 6.849946 31.933544 -17.921162 6.808740 31.933544 -17.824760 6.808740 31.945248 -17.824760 6.849946 31.945248 -17.733963 6.808740 31.910812 -17.733963 6.849946 31.910812 -17.733963 6.849946 31.910812 -17.669567 6.849946 31.838127 -17.646328 6.849946 31.743839 -17.697136 6.881508 31.664261 -17.751484 6.881508 31.602915 -17.751484 6.881508 31.602915 -17.733963 6.849946 31.576866 -17.824760 6.849946 31.542431 -17.828117 6.881508 31.573853 -17.921162 6.849946 31.554134 -17.909477 6.881508 31.583731 -18.001081 6.849946 31.609299 -17.976929 6.881508 31.630289 -17.976929 6.881508 31.630289 -18.015017 6.881508 31.702860 -18.015017 6.881508 31.784819 -17.976929 6.881508 31.857389 -17.976929 6.881508 31.857389 -18.001081 6.849946 31.878380 -17.921162 6.849946 31.933544 -17.909477 6.881508 31.903948 -17.824760 6.849946 31.945248 -17.828117 6.881508 31.913824 -17.733963 6.849946 31.910812 -17.751484 6.881508 31.884764 -17.751484 6.881508 31.884764 -17.697136 6.881508 31.823418 -17.677521 6.881508 31.743839 -17.722784 6.916285 31.677946 -17.767786 6.916285 31.627151 -17.767786 6.916285 31.627151 -17.831238 6.916285 31.603088 -17.898607 6.916285 31.611267 -17.954456 6.916285 31.649818 -17.954456 6.916285 31.649818 -17.985994 6.916285 31.709908 -17.985994 6.916285 31.777769 -17.954458 6.916285 31.837860 -17.954458 6.916285 31.837860 -17.898607 6.916285 31.876411 -17.831238 6.916285 31.884590 -17.767786 6.916285 31.860525 -17.767786 6.916285 31.860525 -17.722784 6.916285 31.809731 -17.706543 6.916285 31.743839 -17.775982 6.742401 31.639339 -17.735680 6.742401 31.684830 -17.848757 6.742401 31.743839 -17.832808 6.742401 31.617786 -17.893141 6.742401 31.625113 -17.943157 6.742401 31.659637 -17.971401 6.742401 31.713451 -17.971401 6.742401 31.774227 
						-17.943157 6.742401 31.828041 -17.893141 6.742401 31.862564 -17.832808 6.742401 31.869892 -17.775982 6.742401 31.848339 -17.735680 6.742401 31.802849 -17.721136 6.742401 31.743839 -17.722784 6.916285 31.677946 -17.767786 6.916285 31.627151 -17.848757 6.958030 31.743839 -17.831238 6.916285 31.603088 -17.898607 6.916285 31.611267 -17.954456 6.916285 31.649818 -17.985994 6.916285 31.709908 -17.985994 6.916285 31.777769 -17.954458 6.916285 31.837860 -17.898607 6.916285 31.876411 -17.831238 6.916285 31.884590 -17.767786 6.916285 31.860525 -17.722784 6.916285 31.809731 -17.706543 6.916285 31.743839 
					</float_array>
					<technique_common>
						<accessor count="148" offset="0" source="#meshId23-positions-array" stride="3">
							<param name="X" type="float" />
							<param name="Y" type="float" />
							<param name="Z" type="float" />
						</accessor>
					</technique_common>
				</source>
				<source id="meshId23-normals" name="meshId23-normals">
					<float_array id="meshId23-normals-array" count="444"> 
						0.595795 -0.739763 -0.312696 0.551670 -0.782388 -0.289014 0.353449 -0.783795 -0.510626 0.381267 -0.741311 -0.552352 0.075528 -0.785761 -0.613901 0.080624 -0.743473 -0.663889 -0.217556 -0.787826 -0.576194 -0.236234 -0.745745 -0.622943 -0.458953 -0.789526 -0.407445 -0.497107 -0.747615 -0.440405 -0.497107 -0.747615 -0.440405 -0.458953 -0.789526 -0.407445 -0.594645 -0.790472 -0.146804 -0.643691 -0.748659 -0.158658 -0.594647 -0.790470 0.146806 -0.643690 -0.748659 0.158659 -0.458953 -0.789523 0.407450 -0.497106 -0.747613 0.440409 -0.497106 -0.747613 0.440409 -0.458953 -0.789523 0.407450 -0.217556 -0.787826 0.576194 -0.236235 -0.745744 0.622944 0.075524 -0.785763 0.613899 0.080621 -0.743474 0.663888 0.353449 -0.783793 0.510630 0.381267 -0.741311 0.552353 0.551675 -0.782383 0.289018 0.595799 -0.739760 0.312695 0.595799 -0.739760 0.312695 0.551675 -0.782383 0.289018 0.623429 -0.781880 0.000000 0.673487 -0.739199 -0.000001 0.551670 -0.782388 -0.289014 0.595795 -0.739763 -0.312696 0.826829 -0.357410 -0.434295 0.381267 -0.741311 -0.552352 0.529795 -0.358813 -0.768486 0.529795 -0.358813 -0.768486 0.111794 -0.360783 -0.925925 -0.330989 -0.362870 -0.871075 -0.697273 -0.364594 -0.617156 -0.697273 -0.364594 -0.617156 -0.903775 -0.365569 -0.222599 -0.903774 -0.365570 0.222599 -0.697269 -0.364597 0.617159 -0.697269 -0.364597 0.617159 -0.330986 -0.362871 0.871076 0.111789 -0.360784 0.925926 0.529791 -0.358816 0.768487 0.529791 -0.358816 0.768487 0.381267 -0.741311 0.552353 0.826831 -0.357409 0.434291 0.934143 -0.356899 -0.000001 0.826828 0.357411 -0.434296 0.529797 0.358814 -0.768484 0.529797 0.358814 -0.768484 0.529795 -0.358813 -0.768486 0.111794 -0.360783 -0.925925 0.111795 0.360784 -0.925925 -0.330989 -0.362870 -0.871075 -0.330991 0.362877 -0.871071 -0.330991 0.362877 -0.871071 -0.330989 -0.362870 -0.871075 -0.697273 0.364600 -0.617153 
						-0.903775 0.365569 -0.222599 -0.903774 0.365570 0.222599 -0.697269 0.364600 0.617157 -0.330986 -0.362871 0.871076 -0.330987 0.362874 0.871074 -0.330987 0.362874 0.871074 -0.330986 -0.362871 0.871076 0.111789 -0.360784 0.925926 0.111789 0.360781 0.925927 0.529791 -0.358816 0.768487 0.529792 0.358813 0.768488 0.529792 0.358813 0.768488 0.826830 0.357409 0.434293 0.934143 0.356899 -0.000001 0.650377 0.678621 -0.341297 0.416403 0.680329 -0.603127 0.416403 0.680329 -0.603127 0.529797 0.358814 -0.768484 0.111795 0.360784 -0.925925 0.088168 0.682718 -0.725343 -0.330991 0.362877 -0.871071 -0.258175 0.685244 -0.681019 -0.697273 0.364600 -0.617153 -0.543645 0.687319 -0.481708 -0.543645 0.687319 -0.481708 -0.704177 0.688479 -0.173586 -0.704178 0.688477 0.173586 -0.543644 0.687317 0.481713 -0.543644 0.687317 0.481713 -0.697269 0.364600 0.617157 -0.330987 0.362874 0.871074 -0.258174 0.685243 0.681020 0.111789 0.360781 0.925927 0.088167 0.682716 0.725345 0.529792 0.358813 0.768488 0.416404 0.680324 0.603131 0.416404 0.680324 0.603131 0.650380 0.678618 0.341297 0.735060 0.678002 -0.000001 0.679568 0.641376 -0.356125 0.435686 0.643117 -0.629744 0.435686 0.643117 -0.629744 0.093050 0.645568 -0.758013 -0.269155 0.648162 -0.712350 -0.568185 0.650302 -0.504255 -0.568185 0.650302 -0.504255 -0.736546 0.651501 -0.181787 -0.736552 0.651495 0.181787 -0.568188 0.650300 0.504255 -0.568188 0.650300 0.504255 -0.269152 0.648167 0.712346 0.093050 0.645570 0.758011 0.435689 0.643113 0.629747 0.435689 0.643113 0.629747 0.679572 0.641371 0.356127 0.767747 0.640753 0.000000 0.000000 -1.000000 -0.000001 0.000000 -1.000000 0.000000 0.000000 -1.000000 0.000000 0.000000 -1.000000 -0.000001 0.000000 -1.000000 0.000000 0.000000 -1.000000 0.000000 0.000000 -1.000000 0.000000 0.000000 -1.000000 0.000000 
						0.000000 -1.000000 0.000000 0.000000 -1.000000 -0.000001 0.000000 -1.000000 -0.000001 0.000000 -1.000000 0.000000 0.000000 -1.000000 0.000000 0.000000 -1.000000 0.000000 0.249514 0.959486 -0.130878 0.160293 0.959416 -0.232008 -0.000416 1.000000 0.000001 0.034177 0.959313 -0.280268 -0.100120 0.959205 -0.264391 -0.211779 0.959114 -0.187751 -0.274963 0.959060 -0.067810 -0.274963 0.959060 0.067810 -0.211777 0.959114 0.187753 -0.100117 0.959204 0.264392 0.034177 0.959314 0.280265 0.160290 0.959416 0.232009 0.249510 0.959487 0.130881 0.281656 0.959516 0.000000 
					</float_array>
					<technique_common>
						<accessor count="148" offset="0" source="#meshId23-normals-array" stride="3">
							<param name="X" type="float" />
							<param name="Y" type="float" />
							<param name="Z" type="float" />
						</accessor>
					</technique_common>
				</source>
				<source id="meshId23-tangents" name="meshId23-tangents">
					<float_array id="meshId23-tangents-array" count="444"> 
						0.801051 0.575395 0.165037 0.832947 0.534715 0.142404 0.929719 0.354681 0.099115 0.918653 0.370699 0.136596 0.996622 0.079401 0.020985 0.996101 0.084023 0.026873 0.973640 -0.216613 -0.071448 0.967851 -0.237560 -0.082641 0.886577 -0.436829 -0.152191 0.864319 -0.471346 -0.175461 -0.787398 0.601921 -0.133024 -0.819081 0.553659 -0.150225 -0.790058 0.608361 -0.075531 -0.751442 0.657569 -0.054197 -0.795062 0.605291 0.038711 -0.751119 0.657754 0.056383 -0.830259 0.544383 0.119653 -0.789183 0.600532 0.128649 0.864514 -0.470135 0.177734 0.886614 -0.436548 0.152777 0.973499 -0.217775 0.069806 0.967731 -0.238415 0.081574 0.996853 0.074363 -0.027455 0.996216 0.081788 -0.029386 0.930285 0.351814 -0.103909 0.918379 0.372166 -0.134438 0.833018 0.534158 -0.144071 0.800350 0.579272 -0.154545 0.746254 0.653834 0.124924 0.804570 0.590526 0.062819 0.781848 0.623403 0.009086 0.739188 0.673477 0.005537 0.809932 0.585267 -0.038374 0.751096 0.651094 -0.109231 0.362565 0.928995 -0.074265 0.763989 0.589082 -0.263255 0.389331 0.907879 -0.155491 0.829633 0.407434 0.381715 0.991496 0.102959 0.079593 0.924668 -0.308869 -0.222685 0.681773 -0.603197 -0.413931 -0.360613 0.922515 -0.137563 -0.370022 0.928740 -0.022921 -0.367771 0.929330 0.033034 -0.359683 0.922704 0.138732 0.683447 -0.597762 0.419024 0.924845 -0.308047 0.223091 0.991651 0.100772 -0.080459 0.829767 0.406803 -0.382096 0.390497 0.907541 0.154535 0.749719 0.597516 0.284423 0.367101 0.927925 0.064746 0.356886 0.934108 -0.008631 -0.367814 0.927746 0.063246 -0.401694 0.904183 0.145243 0.203660 -0.933409 -0.295415 -0.203659 -0.933409 0.295415 -0.043246 -0.932650 0.358182 0.043247 -0.932649 -0.358183 0.128891 -0.931840 0.339207 -0.128895 -0.931837 -0.339214 0.128282 0.931837 0.339447 -0.128891 0.931840 -0.339207 0.354905 0.923639 0.144686 
						0.366992 0.929508 0.036482 0.369443 0.928902 -0.025541 0.356284 0.923375 -0.142972 -0.129721 0.931839 0.338893 0.128606 0.931838 -0.339320 -0.128892 -0.931838 0.339211 0.128890 -0.931839 -0.339209 -0.043244 -0.932649 -0.358183 0.043244 -0.932651 0.358180 -0.203660 -0.933408 -0.295418 0.203658 -0.933409 0.295415 -0.399920 0.904730 -0.146722 -0.363590 0.928763 -0.072120 -0.356886 0.934108 -0.008670 -0.681620 0.719685 0.132094 -0.719276 0.652261 0.239160 0.905118 -0.372835 0.204341 0.830582 -0.402839 0.384518 0.991998 -0.095532 0.082549 0.995533 -0.085077 0.040934 0.923923 0.312314 -0.220968 0.959558 0.263765 -0.098368 0.682490 0.600890 -0.416100 0.833698 0.508505 -0.215340 0.726335 0.672861 0.140338 0.690524 0.720959 0.058265 0.690404 0.721017 -0.058969 0.723532 0.674660 -0.146066 0.833476 0.509678 0.213414 0.681138 0.605232 0.412001 0.923739 0.313154 0.220544 0.959573 0.263676 0.098462 0.991850 -0.097828 -0.081630 0.995423 -0.087343 -0.038785 0.830774 -0.401905 -0.385080 0.905089 -0.373046 -0.204086 -0.722736 0.650163 -0.234396 -0.682152 0.719452 -0.130604 -0.678002 0.735060 -0.000317 -0.638161 0.756266 0.144266 -0.672835 0.697431 0.246743 0.894896 -0.384613 0.226349 0.994769 -0.092510 0.043326 0.955639 0.271609 -0.113944 0.816078 0.524031 -0.243735 0.693937 0.707994 0.131134 0.656038 0.753531 0.042488 0.650775 0.755844 -0.072058 0.681399 0.715363 -0.154759 0.816006 0.524401 0.243184 0.955638 0.271616 0.113932 0.994637 -0.094795 -0.041364 0.894810 -0.385187 -0.225710 -0.689104 0.688427 -0.226284 -0.649374 0.751763 -0.114742 -0.640620 0.767588 0.020363 0.999996 -0.000000 0.002977 1.000000 0.000000 0.000631 1.000000 0.000000 -0.000164 0.999999 -0.000000 0.001141 0.999997 0.000000 -0.002400 0.999999 0.000000 -0.001373 1.000000 0.000000 -0.000169 1.000000 0.000000 -0.000134 
						0.999999 0.000000 0.001082 0.999998 -0.000000 0.002084 0.999999 0.000000 -0.001545 0.999995 0.000000 -0.003311 1.000000 0.000000 -0.000931 1.000000 0.000000 -0.000190 0.967819 -0.251648 0.000244 0.986409 -0.164294 0.002105 1.000000 0.000416 0.000139 0.999368 -0.035544 0.000206 0.994725 0.102453 -0.004988 0.976605 0.215019 -0.003175 0.961269 0.275611 0.000214 0.961274 0.275594 0.000056 0.976617 0.214960 0.003480 0.994731 0.102381 0.005238 0.999365 -0.035622 0.000063 0.986400 -0.164355 -0.001834 0.967812 -0.251675 0.000000 0.959516 -0.281656 0.000158 
					</float_array>
					<technique_common>
						<accessor count="148" offset="0" source="#meshId23-tangents-array" stride="3">
							<param name="X" type="float" />
							<param name="Y" type="float" />
							<param name="Z" type="float" />
						</accessor>
					</technique_common>
				</source>
				<source id="meshId23-bitangents" name="meshId23-bitangents">
					<float_array id="meshId23-bitangents-array" count="444"> 
						0.057835 -0.348814 0.935406 0.043125 -0.319294 0.946674 0.103423 -0.509771 0.854071 0.103496 -0.559500 0.822343 0.032255 -0.613412 0.789104 0.035803 -0.663467 0.747348 -0.068523 -0.576549 0.814184 -0.086357 -0.622439 0.777890 -0.057825 -0.431080 0.900459 -0.076406 -0.467873 0.880487 0.364540 0.280647 -0.887890 0.344192 0.264784 -0.900789 0.149015 0.071069 -0.986278 0.144904 0.084336 -0.985845 -0.119461 -0.093700 -0.988407 -0.146570 -0.082879 -0.985722 -0.316278 -0.283374 -0.905355 -0.360659 -0.283612 -0.888532 0.074176 0.469092 0.880029 0.057250 0.431369 0.900358 0.070486 0.576111 0.814327 0.087686 0.622113 0.778002 -0.024078 0.614041 0.788907 -0.032450 0.663745 0.747255 -0.098204 0.511758 0.853499 -0.105907 0.558526 0.822698 -0.041663 0.320237 0.946421 -0.066809 0.342343 0.937197 -0.296865 0.158920 0.941603 -0.219821 0.197879 0.955260 -0.007105 -0.005665 0.999959 -0.004092 -0.003730 0.999985 0.199174 -0.212912 0.956555 0.284399 -0.169786 0.943552 0.430001 -0.096056 0.897704 0.520534 -0.321621 0.790951 0.753484 -0.216817 0.620687 0.176143 -0.839792 0.513540 0.066616 -0.926949 0.369225 -0.188243 -0.879162 0.437767 -0.221350 -0.709384 0.669163 0.619490 0.126636 -0.774723 0.215116 0.061651 -0.974641 -0.218944 -0.052010 -0.974350 -0.620036 -0.125248 -0.774512 0.216139 0.713968 0.665983 0.187378 0.879450 0.437558 -0.064279 0.927189 0.369037 -0.175521 0.840097 0.513255 -0.752883 0.218221 0.620924 -0.540886 0.305668 0.783588 -0.426130 0.105895 0.898443 0.003081 0.008063 0.999963 0.425521 0.107446 0.898547 0.746965 0.231746 0.623167 -0.823309 0.000000 -0.567594 -0.823311 0.000000 -0.567591 -0.992790 -0.000000 -0.119867 -0.992790 0.000000 -0.119868 -0.934791 -0.000000 0.355199 -0.934789 0.000000 0.355202 0.934874 0.000611 -0.354980 0.934791 -0.000000 -0.355199 0.622779 -0.118145 -0.773427 
						0.220244 -0.048720 -0.974227 -0.216110 0.059154 -0.974575 -0.621995 0.120193 -0.773742 -0.934677 -0.000828 -0.355497 -0.934830 -0.000285 -0.355094 0.934791 -0.000000 0.355198 0.934792 0.000000 0.355196 0.992791 0.000000 -0.119862 0.992791 -0.000000 -0.119862 0.823313 0.000000 -0.567588 0.823313 0.000000 -0.567588 -0.747920 -0.229601 0.622815 -0.429132 -0.098274 0.897880 -0.003093 0.008099 0.999962 0.335268 0.146724 0.930628 0.556104 0.334228 0.760947 -0.085848 -0.630989 -0.771027 -0.171605 -0.842005 -0.511448 -0.058673 -0.927744 -0.368577 -0.033764 -0.725712 -0.687169 0.191864 -0.877941 -0.438643 0.112223 -0.678873 -0.725629 0.219131 -0.711335 -0.667820 0.096944 -0.518667 -0.849462 0.420579 -0.273588 -0.865022 0.165263 -0.078836 -0.983094 -0.165757 0.078320 -0.983052 -0.425386 0.269127 -0.864070 -0.098836 0.517517 -0.849946 -0.223308 0.707645 -0.670353 -0.192751 0.877643 -0.438851 -0.112099 0.678908 -0.725615 0.061131 0.927506 -0.368777 0.036875 0.725445 -0.687292 0.170687 0.842452 -0.511019 0.086150 0.630870 -0.771091 -0.551599 -0.338301 0.762425 -0.334177 -0.147874 0.930838 -0.000215 0.000234 1.000000 0.361854 0.129226 0.923235 0.597888 0.316212 0.736573 -0.096639 -0.662173 -0.743094 -0.042154 -0.758079 -0.650799 0.119626 -0.711418 -0.692513 0.105744 -0.549998 -0.828444 0.442286 -0.275413 -0.853540 0.164663 -0.087965 -0.982420 -0.184348 0.065228 -0.980694 -0.461365 0.255667 -0.849575 -0.106289 0.549649 -0.828606 -0.119638 0.711410 -0.692519 0.045152 0.757795 -0.650929 0.097414 0.661843 -0.743286 -0.579061 -0.335372 0.743111 -0.341315 -0.153284 0.927366 0.013048 -0.015634 0.999793 -0.002977 -0.000001 0.999996 -0.000631 0.000000 1.000000 0.000164 0.000000 1.000000 -0.001141 -0.000001 0.999999 0.002400 0.000000 0.999997 0.001373 0.000000 0.999999 0.000169 0.000000 1.000000 0.000134 0.000000 1.000000 
						-0.001082 0.000000 0.999999 -0.002084 -0.000001 0.999998 0.001545 -0.000001 0.999999 0.003311 0.000000 0.999995 0.000931 0.000000 1.000000 0.000190 0.000000 1.000000 -0.032701 -0.126727 -0.991398 -0.036098 -0.229192 -0.972712 0.000139 0.000001 -1.000000 -0.009764 -0.280098 -0.959922 0.022303 -0.263496 -0.964403 0.037325 -0.184031 -0.982212 0.018894 -0.065125 -0.997698 -0.018635 0.065199 -0.997698 -0.037021 0.184100 -0.982210 -0.022044 0.263524 -0.964401 0.010044 0.280085 -0.959923 0.036372 0.229148 -0.972712 0.032940 0.126668 -0.991398 0.000151 -0.000044 -1.000000 
					</float_array>
					<technique_common>
						<accessor count="148" offset="0" source="#meshId23-bitangents-array" stride="3">
							<param name="X" type="float" />
							<param name="Y" type="float" />
							<param name="Z" type="float" />
						</accessor>
					</technique_common>
				</source>
				<source id="meshId23-tex0" name="meshId23-tex0">
					<float_array id="meshId23-tex0-array" count="296"> 
						0.771286 0.478313 0.767431 0.480726 0.764119 0.476987 0.766578 0.473151 0.759531 0.475238 0.760016 0.470689 0.754671 0.475829 0.753078 0.471511 0.750589 0.478656 0.747414 0.475366 0.761677 0.080723 0.757126 0.078601 0.758019 0.073460 0.762558 0.074090 0.758019 0.067978 0.762558 0.067348 0.757125 0.062838 0.761675 0.060715 0.747411 0.495824 0.750586 0.492534 0.754668 0.495362 0.753074 0.499680 0.759528 0.495955 0.760011 0.500504 0.764116 0.494208 0.766574 0.498044 0.767430 0.490469 0.771284 0.492884 0.778093 0.267839 0.773497 0.266249 0.773900 0.261004 0.778390 0.261004 0.773495 0.255760 0.778091 0.254168 0.781624 0.253379 0.777546 0.247461 0.781377 0.245678 0.768346 0.469964 0.760404 0.467051 0.751765 0.468081 0.744852 0.472723 0.765675 0.082188 0.766006 0.074497 0.766006 0.066940 0.765673 0.059249 0.744848 0.498465 0.751759 0.503109 0.760398 0.504143 0.768341 0.501232 0.781382 0.276328 0.777550 0.274546 0.781627 0.268627 0.781737 0.261003 0.784904 0.253380 0.785501 0.245701 0.920829 0.034160 0.924220 0.034160 0.924220 0.042152 0.920828 0.042152 0.924219 0.050144 0.920828 0.050144 0.769236 0.090251 0.765796 0.090251 0.769356 0.082197 
						0.769153 0.074501 0.769152 0.066936 0.769354 0.059240 0.765793 0.051187 0.769233 0.051186 0.949477 0.017080 0.952868 0.017080 0.952868 0.025072 0.949476 0.025072 0.952867 0.033064 0.949476 0.033064 0.785506 0.276304 0.784906 0.268625 0.784811 0.261003 0.788371 0.254169 0.789456 0.247545 0.766767 0.565105 0.768540 0.568288 0.760612 0.571152 0.760236 0.567511 0.751844 0.570076 0.753157 0.566645 0.744848 0.565389 0.747401 0.562740 0.773306 0.080780 0.772624 0.074104 0.772624 0.067332 0.773305 0.060656 0.747405 0.541270 0.744851 0.538620 0.751850 0.533935 0.753162 0.537367 0.760618 0.532861 0.760240 0.536503 0.768544 0.535728 0.766771 0.538910 0.789461 0.274459 0.788373 0.267835 0.788165 0.261002 0.792044 0.254908 0.793117 0.249231 0.765158 0.561824 0.759909 0.563824 0.754425 0.563156 0.749813 0.559952 0.777046 0.079459 0.776332 0.073726 0.776332 0.067710 0.777044 0.061977 0.749815 0.544058 0.754428 0.540856 0.759913 0.540189 0.765161 0.542191 0.793121 0.272772 0.792045 0.267095 0.791811 0.261001 0.764119 0.476987 0.767431 0.480726 0.758238 0.485596 0.759531 0.475238 0.754671 0.475829 0.750589 0.478656 0.748234 0.483090 0.748233 0.488099 
						0.750586 0.492534 0.754668 0.495362 0.759528 0.495955 0.764116 0.494208 0.767430 0.490469 0.768643 0.485598 0.768995 0.557552 0.765158 0.561824 0.758522 0.552006 0.759909 0.563824 0.754425 0.563156 0.749813 0.559952 0.747118 0.554871 0.747119 0.549138 0.749815 0.544058 0.754428 0.540856 0.759913 0.540189 0.765161 0.542191 0.768997 0.546463 0.770378 0.552008 
					</float_array>
					<technique_common>
						<accessor count="148" offset="0" source="#meshId23-tex0-array" stride="2">
							<param name="S" type="float" />
							<param name="T" type="float" />
						</accessor>
					</technique_common>
				</source>
				<vertices id="meshId23-vertices">
					<input semantic="POSITION" source="#meshId23-positions" />
				</vertices>
				<polylist count="156" material="defaultMaterial">
					<input offset="0" semantic="VERTEX" source="#meshId23-vertices" />
					<input offset="0" semantic="NORMAL" source="#meshId23-normals" />
					<input offset="0" semantic="TANGENT" source="#meshId23-tangents" />
					<input offset="0" semantic="BINORMAL" source="#meshId23-bitangents" />
					<input offset="0" semantic="TEXCOORD" source="#meshId23-tex0" set="0" />
					<vcount>
						3 3 3 3 3 3 3 3 3 3 3 3 3 3 3 3 3 3 3 3 3 3 3 3 3 3 3 3 3 3 3 3 3 3 3 3 3 3 3 3 3 3 3 3 3 3 3 3 3 3 3 3 3 3 3 3 3 3 3 3 3 3 3 3 
						3 3 3 3 3 3 3 3 3 3 3 3 3 3 3 3 3 3 3 3 3 3 3 3 3 3 3 3 3 3 3 3 3 3 3 3 3 3 3 3 3 3 3 3 3 3 3 3 3 3 3 3 3 3 3 3 3 3 3 3 3 3 3 3 
						3 3 3 3 3 3 3 3 3 3 3 3 3 3 3 3 3 3 3 3 3 3 3 3 3 3 3 3 
					</vcount>
					<p>
						0 1 2 2 3 0 3 2 4 4 5 3 5 4 6 6 7 5 7 6 8 8 9 7 10 11 12 12 13 10 13 12 14 14 15 13 15 14 16 16 17 15 18 19 20 20 21 18 21 20 22 22 23 21 23 22 24 24 25 23 25 24 26 26 27 25 28 29 30 30 31 28 31 30 32 32 33 31 34 33 35 35 36 34 37 3 5 5 38 37 38 5 7 7 39 38 39 7 9 9 40 39 41 10 13 13 42 41 42 13 15 15 43 42 43 15 17 17 44 43 45 18 21 21 46 45 46 21 23 23 47 46 47 23 25 25 48 47 49 50 28 28 51 49 51 28 31 31 52 51 52 31 33 33 34 52 53 34 36 36 54 53 55 56 57 57 58 55 58 57 59 59 60 58 61 62 41 41 63 61 63 41 42 42 64 63 64 42 43 43 65 64 
						65 43 44 44 66 65 66 44 67 67 68 66 69 70 71 71 72 69 72 71 73 73 74 72 75 49 51 51 76 75 76 51 52 52 77 76 77 52 34 34 53 77 78 53 54 54 79 78 80 81 82 82 83 80 83 82 84 84 85 83 85 84 86 86 87 85 88 63 64 64 89 88 89 64 65 65 90 89 90 65 66 66 91 90 92 93 94 94 95 92 95 94 96 96 97 95 97 96 98 98 99 97 100 75 76 76 101 100 101 76 77 77 102 101 102 77 53 53 78 102 103 78 79 79 104 103 105 80 83 83 106 105 106 83 85 85 107 106 107 85 87 87 108 107 109 88 89 89 110 109 110 89 90 90 111 110 111 90 91 91 112 111 113 92 95 95 114 113 114 95 97 97 115 114 115 97 99 99 116 115 117 100 101 101 118 117 118 101 102 102 119 118 
						119 102 78 78 103 119 120 121 122 123 120 122 124 123 122 125 124 122 126 125 122 127 126 122 128 127 122 129 128 122 130 129 122 131 130 122 132 131 122 133 132 122 121 133 122 134 135 136 135 137 136 137 138 136 138 139 136 139 140 136 140 141 136 141 142 136 142 143 136 143 144 136 144 145 136 145 146 136 146 147 136 147 134 136 
					</p>
				</polylist>
			</mesh>
		</geometry>
		<geometry id="meshId24" name="meshId24_name" >
			<mesh>
				<source id="meshId24-positions" name="meshId24-positions">
					<float_array id="meshId24-positions-array" count="417"> 
						-17.733683 6.957732 31.682858 -17.763220 6.905344 31.698620 -17.794104 6.905344 31.663759 -17.775331 6.957732 31.635847 -17.775331 6.957732 31.635847 -17.794104 6.905344 31.663759 -17.837650 6.905344 31.647243 -17.834055 6.957732 31.613575 -17.883884 6.905344 31.652859 -17.896404 6.957732 31.621147 -17.922213 6.905344 31.679314 -17.948092 6.957732 31.656824 -17.948092 6.957732 31.656824 -17.922213 6.905344 31.679314 -17.943857 6.905344 31.720552 -17.977280 6.957732 31.712437 -17.943857 6.905344 31.767126 -17.977280 6.957732 31.775242 -17.922213 6.905344 31.808365 -17.948092 6.957732 31.830854 -17.948092 6.957732 31.830854 -17.922213 6.905344 31.808365 -17.883884 6.905344 31.834820 -17.896404 6.957732 31.866531 -17.837650 6.905344 31.840433 -17.834055 6.957732 31.874104 -17.794104 6.905344 31.823919 -17.775331 6.957732 31.851831 -17.775331 6.957732 31.851831 -17.794104 6.905344 31.823919 -17.763220 6.905344 31.789059 -17.733683 6.957732 31.804819 -17.752075 6.905344 31.743839 -17.718653 6.957732 31.743839 -17.712559 7.005278 31.671585 -17.761904 7.005278 31.615885 -17.761904 7.005278 31.615885 -17.775331 6.957732 31.635847 -17.834055 6.957732 31.613575 -17.831484 7.005278 31.589497 -17.896404 6.957732 31.621147 -17.905357 7.005278 31.598467 -17.896404 6.957732 31.621147 -17.966600 7.005278 31.640739 -18.001183 7.005278 31.706631 -18.001183 7.005278 31.781048 -17.966600 7.005278 31.846939 -17.896404 6.957732 31.866531 -17.905357 7.005278 31.889212 -17.905357 7.005278 31.889212 -17.896404 6.957732 31.866531 -17.834055 6.957732 31.874104 -17.831484 7.005278 31.898182 -17.775331 6.957732 31.851831 -17.761904 7.005278 31.871794 -17.761904 7.005278 31.871794 -17.712559 7.005278 31.816093 -17.694750 7.005278 31.743839 -17.712559 7.067350 31.671585 -17.761904 7.067350 31.615885 -17.761904 7.067350 31.615885 -17.831484 7.067350 31.589497 -17.905357 7.067350 31.598467 -17.966600 7.067350 31.640739 
						-18.001183 7.067350 31.706631 -18.001183 7.067350 31.781048 -17.966600 7.067350 31.846939 -17.905357 7.067350 31.889212 -17.905357 7.067350 31.889212 -17.831484 7.067350 31.898182 -17.761904 7.067350 31.871794 -17.761904 7.067350 31.871794 -17.712559 7.067350 31.816093 -17.694750 7.067350 31.743839 -17.733683 7.114896 31.682858 -17.775331 7.114896 31.635847 -17.775331 7.114896 31.635847 -17.834055 7.114896 31.613575 -17.896404 7.114896 31.621147 -17.896404 7.114896 31.621147 -17.948092 7.114896 31.656824 -17.977280 7.114896 31.712437 -17.977280 7.114896 31.775242 -17.948092 7.114896 31.830854 -17.896404 7.114896 31.866531 -17.896404 7.114896 31.866531 -17.834055 7.114896 31.874104 -17.775331 7.114896 31.851831 -17.775331 7.114896 31.851831 -17.733683 7.114896 31.804819 -17.718653 7.114896 31.743839 -17.753338 7.167284 31.693344 -17.787823 7.167284 31.654419 -17.787823 7.167284 31.654419 -17.836449 7.167284 31.635979 -17.888073 7.167284 31.642246 -17.888073 7.167284 31.642246 -17.930872 7.167284 31.671789 -17.955040 7.167284 31.717838 -17.955040 7.167284 31.769840 -17.930872 7.167284 31.815889 -17.888073 7.167284 31.845432 -17.888073 7.167284 31.845432 -17.836449 7.167284 31.851700 -17.787823 7.167284 31.833260 -17.787823 7.167284 31.833260 -17.753338 7.167284 31.794333 -17.740892 7.167284 31.743839 -17.794104 6.905344 31.663759 -17.763220 6.905344 31.698620 -17.849873 6.905344 31.743839 -17.837650 6.905344 31.647243 -17.883884 6.905344 31.652859 -17.922213 6.905344 31.679314 -17.943857 6.905344 31.720552 -17.943857 6.905344 31.767126 -17.922213 6.905344 31.808365 -17.883884 6.905344 31.834820 -17.837650 6.905344 31.840433 -17.794104 6.905344 31.823919 -17.763220 6.905344 31.789059 -17.752075 6.905344 31.743839 -17.753338 7.167284 31.693344 -17.787823 7.167284 31.654419 -17.849873 7.230170 31.743839 -17.836449 7.167284 31.635979 -17.888073 7.167284 31.642246 -17.930872 7.167284 31.671789 
						-17.955040 7.167284 31.717838 -17.955040 7.167284 31.717838 -17.955040 7.167284 31.769840 -17.849873 7.230170 31.743839 -17.955040 7.167284 31.769840 -17.930872 7.167284 31.815889 -17.888073 7.167284 31.845432 -17.836449 7.167284 31.851700 -17.787823 7.167284 31.833260 -17.753338 7.167284 31.794333 -17.740892 7.167284 31.743839 
					</float_array>
					<technique_common>
						<accessor count="139" offset="0" source="#meshId24-positions-array" stride="3">
							<param name="X" type="float" />
							<param name="Y" type="float" />
							<param name="Z" type="float" />
						</accessor>
					</technique_common>
				</source>
				<source id="meshId24-normals" name="meshId24-normals">
					<float_array id="meshId24-normals-array" count="417"> 
						0.771965 -0.489805 -0.405168 0.746324 -0.538483 -0.391200 0.478668 -0.540263 -0.692093 0.494686 -0.491535 -0.716714 0.494686 -0.491535 -0.716714 0.478668 -0.540263 -0.692093 0.102160 -0.542771 -0.833644 0.104774 -0.493967 -0.863145 -0.296399 -0.545404 -0.784017 -0.307829 -0.496522 -0.811608 -0.625905 -0.547579 -0.555338 -0.648826 -0.498635 -0.574794 -0.648826 -0.498635 -0.574794 -0.625905 -0.547579 -0.555338 -0.811601 -0.548810 -0.200280 -0.840964 -0.499817 -0.207273 -0.811598 -0.548814 0.200277 -0.840965 -0.499815 0.207273 -0.625897 -0.547588 0.555339 -0.648826 -0.498639 0.574790 -0.648826 -0.498639 0.574790 -0.625897 -0.547588 0.555339 -0.296401 -0.545406 0.784014 -0.307829 -0.496527 0.811605 0.102155 -0.542768 0.833647 0.104773 -0.493965 0.863146 0.478673 -0.540262 0.692091 0.494687 -0.491536 0.716713 0.494687 -0.491536 0.716713 0.478673 -0.540262 0.692091 0.746322 -0.538486 0.391198 0.771962 -0.489810 0.405167 0.843042 -0.537848 0.000000 0.872180 -0.489185 0.000001 0.868207 -0.195927 -0.455883 0.556676 -0.196781 -0.807087 0.556676 -0.196781 -0.807087 0.494686 -0.491535 -0.716714 0.104774 -0.493967 -0.863145 0.117729 -0.197983 -0.973110 -0.307829 -0.496522 -0.811608 -0.347864 -0.199252 -0.916127 -0.307829 -0.496522 -0.811608 -0.733525 -0.200302 -0.649477 -0.951174 -0.200884 -0.234338 -0.951174 -0.200883 0.234338 -0.733528 -0.200303 0.649473 -0.307829 -0.496527 0.811605 -0.347864 -0.199253 0.916127 -0.347864 -0.199253 0.916127 -0.307829 -0.496527 0.811605 0.104773 -0.493965 0.863146 0.117730 -0.197982 0.973110 0.494687 -0.491536 0.716713 0.556673 -0.196781 0.807089 0.556673 -0.196781 0.807089 0.868205 -0.195930 0.455885 0.980680 -0.195619 0.000001 0.868206 0.195927 -0.455884 0.556675 0.196781 -0.807087 0.556675 0.196781 -0.807087 0.117730 0.197984 -0.973109 -0.347864 0.199249 -0.916128 -0.733524 0.200303 -0.649477 
						-0.951173 0.200887 -0.234338 -0.951174 0.200883 0.234339 -0.733527 0.200299 0.649476 -0.347864 0.199250 0.916128 -0.347864 0.199250 0.916128 0.117730 0.197982 0.973110 0.556673 0.196781 0.807089 0.556673 0.196781 0.807089 0.868205 0.195930 0.455885 0.980680 0.195619 0.000000 0.801850 0.424232 -0.420789 0.514040 0.425865 -0.744582 0.514040 0.425865 -0.744582 0.109016 0.428163 -0.897102 -0.319970 0.430582 -0.843930 -0.319970 0.430582 -0.843930 -0.674803 0.432598 -0.597913 -0.874859 0.433721 -0.215656 -0.874863 0.433711 0.215660 -0.674810 0.432590 0.597911 -0.319973 0.430585 0.843928 -0.319973 0.430585 0.843928 0.109020 0.428163 0.897101 0.514042 0.425863 0.744581 0.514042 0.425863 0.744581 0.801848 0.424235 0.420790 0.905828 0.423646 0.000000 0.815013 0.391321 -0.427342 0.522908 0.392862 -0.756456 0.522908 0.392862 -0.756456 0.111473 0.395035 -0.911878 -0.324742 0.397329 -0.858296 -0.324742 0.397329 -0.858296 -0.685934 0.399245 -0.608357 -0.889702 0.400322 -0.219480 -0.889705 0.400316 0.219483 -0.685939 0.399239 0.608355 -0.324749 0.397332 0.858292 -0.324749 0.397332 0.858292 0.111482 0.395036 0.911876 0.522911 0.392857 0.756457 0.522911 0.392857 0.756457 0.815011 0.391320 0.427348 0.920488 0.390771 0.000000 0.000000 -1.000000 0.000005 0.000000 -1.000000 0.000014 0.000000 -1.000000 -0.000001 0.000000 -1.000000 0.000002 0.000000 -1.000000 -0.000003 0.000000 -1.000000 0.000000 0.000000 -1.000000 0.000000 0.000000 -1.000000 0.000000 0.000000 -1.000000 -0.000003 0.000000 -1.000000 -0.000002 0.000000 -1.000000 -0.000005 0.000000 -1.000000 -0.000007 0.000000 -1.000000 -0.000014 0.000000 -1.000000 0.000000 0.442720 0.866064 -0.232233 0.284355 0.865859 -0.411620 -0.000664 1.000000 0.000002 0.060592 0.865566 -0.497116 -0.177563 0.865263 -0.468819 -0.375480 0.865000 -0.332852 
						-0.487447 0.864839 -0.120203 -0.487447 0.864839 -0.120203 -0.487444 0.864841 0.120200 -0.000664 1.000000 0.000002 -0.487444 0.864841 0.120200 -0.375479 0.864998 0.332859 -0.177569 0.865259 0.468824 0.060592 0.865567 0.497114 0.284355 0.865859 0.411619 0.442727 0.866061 0.232232 0.499803 0.866139 0.000000 
					</float_array>
					<technique_common>
						<accessor count="139" offset="0" source="#meshId24-normals-array" stride="3">
							<param name="X" type="float" />
							<param name="Y" type="float" />
							<param name="Z" type="float" />
						</accessor>
					</technique_common>
				</source>
				<source id="meshId24-tangents" name="meshId24-tangents">
					<float_array id="meshId24-tangents-array" count="417"> 
						-0.419885 0.085634 -0.903528 -0.402252 0.103355 -0.909676 -0.691703 0.253450 -0.676247 -0.731731 0.209370 -0.648640 0.857567 0.409830 0.310836 0.869197 0.402911 0.286636 0.993106 0.104076 0.053939 0.992969 0.100041 0.063281 0.943247 -0.295904 -0.150750 0.934431 -0.318356 -0.159651 0.767140 -0.560544 -0.311908 0.741047 -0.585633 -0.328454 -0.743988 0.574242 0.341655 -0.777631 0.492444 0.390881 -0.562069 0.640030 0.523871 -0.524764 0.659985 0.537627 -0.336171 0.719085 0.608199 -0.277327 0.727073 0.628056 -0.163411 0.788330 0.593155 -0.048650 0.781010 0.622621 0.743151 -0.577597 0.337799 0.767456 -0.559163 0.313606 0.942783 -0.298307 0.148905 0.935149 -0.315080 0.161927 0.993461 0.098624 -0.057527 0.993160 0.096953 -0.065070 0.869025 0.403916 -0.285741 0.857258 0.411498 -0.309480 0.716917 -0.235347 -0.656233 0.683563 -0.265382 -0.679937 0.406980 -0.095868 -0.908392 0.427150 -0.072328 -0.901283 0.002344 0.003674 -0.999991 0.002800 0.004989 -0.999984 -0.456118 0.046635 -0.888697 -0.812059 0.075923 -0.578616 -0.494326 0.702349 -0.512198 -0.433532 0.575180 -0.693699 -0.560678 0.687498 -0.461505 -0.600547 0.766231 -0.228548 -0.600831 0.762868 -0.238819 -0.683372 0.722872 0.102264 -0.881141 0.470581 0.046312 -0.567595 0.706180 0.423257 -0.303161 0.750658 0.587031 -0.011729 0.782198 0.622920 0.256111 0.803685 0.537120 0.156670 0.814929 0.557983 0.445497 0.824662 0.348520 0.937516 -0.066237 0.341579 0.950829 -0.129925 0.281148 0.993492 0.012998 -0.113156 0.992956 0.010313 -0.118033 0.856115 0.133746 -0.499179 0.828096 0.054119 -0.557967 0.802302 -0.124641 -0.583761 0.460286 -0.025194 -0.887413 0.001508 0.007553 -0.999970 -0.461846 -0.016847 -0.886800 -0.805227 -0.111066 -0.582472 -0.547931 0.817219 -0.178675 -0.620644 0.779630 0.083532 -0.512691 0.777682 0.363813 -0.252505 0.806880 0.534028 
						0.011345 0.781457 0.623856 0.303229 0.749911 0.587950 0.568401 0.704706 0.424628 0.776975 0.608126 0.162764 0.937242 0.049068 0.345210 0.992817 -0.002419 -0.119622 0.829830 -0.086451 -0.551280 0.813684 0.066653 -0.577473 0.458147 0.036347 -0.888133 -0.001385 0.006944 -0.999975 -0.438880 -0.059744 -0.896557 -0.747648 -0.203051 -0.632292 -0.585951 0.808284 0.057774 -0.620127 0.734626 0.275259 -0.561923 0.630926 0.534954 -0.175542 0.848393 0.499415 -0.022857 0.797543 0.602829 0.217552 0.749629 0.625082 0.476578 0.691222 0.543217 0.703908 0.620660 0.345391 0.871812 0.482524 0.084354 0.946700 0.110429 0.302596 0.993436 -0.015481 -0.113338 0.852214 -0.154967 -0.499716 0.756859 0.183290 -0.627351 0.434498 0.069453 -0.897991 -0.001852 0.003960 -0.999990 -0.433179 -0.078354 -0.897895 -0.748038 -0.213974 -0.628215 -0.565454 0.823948 0.037038 -0.611240 0.750752 0.250512 -0.553007 0.656429 0.513113 -0.168013 0.868812 0.465766 -0.028552 0.820630 0.570746 0.201924 0.776218 0.597254 0.453034 0.714723 0.532852 0.680412 0.648258 0.341760 0.848237 0.523770 0.078474 0.945365 0.108829 0.307314 0.993485 -0.022455 -0.111731 0.848565 -0.155977 -0.505577 0.751065 0.207296 -0.626841 0.431986 0.081207 -0.898217 -0.001088 0.002563 -0.999996 1.000000 0.000000 0.000906 1.000000 0.000000 0.000391 1.000000 -0.000000 0.000202 0.999999 -0.000000 -0.001039 0.999993 0.000000 -0.003629 0.999998 0.000000 -0.001811 1.000000 0.000000 0.000232 1.000000 0.000000 0.000163 0.999998 -0.000000 0.002177 0.999992 -0.000000 0.003905 0.999999 -0.000000 0.001436 1.000000 0.000000 -0.000417 1.000000 -0.000000 0.000063 1.000000 0.000000 0.000248 0.890333 -0.455309 -0.000681 0.949426 -0.313959 -0.004544 1.000000 0.000664 0.000023 0.996661 -0.079775 -0.017423 0.982779 0.180672 -0.038770 0.923988 0.377460 -0.061396 
						0.873111 0.481432 -0.076821 0.657304 0.454072 0.601473 0.730700 0.328674 0.598374 0.747172 0.000495 0.664631 0.873112 0.481429 0.076823 0.923989 0.377459 0.061398 0.982778 0.180677 0.038774 0.996654 -0.079836 0.017529 0.949406 -0.314016 0.004677 0.890327 -0.455321 0.000702 0.866139 -0.499803 0.000000 
					</float_array>
					<technique_common>
						<accessor count="139" offset="0" source="#meshId24-tangents-array" stride="3">
							<param name="X" type="float" />
							<param name="Y" type="float" />
							<param name="Z" type="float" />
						</accessor>
					</technique_common>
				</source>
				<source id="meshId24-bitangents" name="meshId24-bitangents">
					<float_array id="meshId24-bitangents-array" count="417"> 
						0.477249 0.867616 -0.139555 0.530278 0.836274 -0.139469 0.540762 0.802421 -0.252383 0.468887 0.845315 -0.256099 0.140944 -0.768396 0.624261 0.123993 -0.738768 0.662455 0.057485 -0.833407 0.549662 0.055091 -0.863706 0.500975 -0.149774 -0.784204 0.602156 -0.179110 -0.807537 0.561965 -0.140497 -0.621247 0.770917 -0.172840 -0.639059 0.749486 0.159710 0.649314 -0.743561 0.059434 0.676503 -0.734038 -0.159320 0.537745 -0.827917 -0.131918 0.560894 -0.817310 -0.477805 0.426286 -0.768103 -0.464615 0.470691 -0.750055 -0.762594 0.280505 -0.582895 -0.759380 0.376009 -0.530999 0.163557 0.646329 0.745324 0.138798 0.622483 0.770227 0.152663 0.783291 0.602618 0.175319 0.808818 0.561318 -0.050994 0.834072 0.549294 -0.051542 0.864059 0.500744 -0.125171 0.738220 0.662844 -0.142805 0.767504 0.624936 0.491238 0.838454 0.235967 0.551012 0.798555 0.242272 0.526660 0.837163 0.147605 0.470762 0.868824 0.153388 0.537843 0.843034 0.004357 0.489177 0.872166 0.005721 0.195380 0.979509 -0.048877 0.175137 0.977503 -0.117533 0.667648 0.684093 0.293707 0.753217 0.653882 0.071437 0.821379 0.532300 -0.204924 0.790875 0.611305 -0.028691 0.737728 0.414124 -0.533159 0.641867 0.661630 -0.387625 0.358932 0.729397 -0.582364 0.373868 0.679109 -0.631691 0.057982 0.629411 -0.774906 -0.308433 0.589756 -0.746362 -0.629558 0.560330 -0.538225 -0.938454 0.298918 -0.173068 -0.824938 0.529369 -0.198104 -0.007380 0.977707 0.209844 -0.034150 0.858243 0.512107 0.044676 0.869385 0.492112 0.013332 0.980151 0.197802 0.149506 0.860526 0.486974 0.066118 0.978953 0.193080 0.215469 0.972493 0.088493 0.185356 0.980294 0.068310 0.195613 0.980651 0.007702 -0.181429 0.980474 0.075861 -0.204260 0.974136 0.096626 0.624408 0.541691 0.562748 0.775204 0.594121 0.214663 0.784945 0.596247 -0.168374 0.631018 0.555719 -0.541288 
						0.308450 0.590736 -0.745580 -0.057624 0.630301 -0.774210 -0.372637 0.680639 -0.630771 -0.524690 0.768429 -0.366357 0.023831 0.978719 -0.203814 -0.021329 0.980203 -0.196845 -0.038708 0.976629 -0.211420 -0.167431 0.978179 -0.123013 -0.190582 0.979944 -0.058208 -0.195614 0.980655 0.007081 -0.405488 0.903581 0.138282 -0.420459 0.881708 0.214021 0.626438 0.406590 0.665026 0.776890 0.526309 0.345601 0.762799 0.645393 0.040077 0.931023 0.307943 -0.195875 0.737643 0.420457 -0.528297 0.432773 0.499943 -0.750176 0.086530 0.578019 -0.811422 -0.221687 0.653947 -0.723331 -0.370894 0.762737 -0.529783 0.037100 0.895769 -0.442969 -0.034639 0.903569 -0.427040 -0.097425 0.891418 -0.442586 -0.403640 0.886028 -0.228099 -0.410184 0.902885 -0.128639 -0.423642 0.905819 0.004372 -0.384849 0.916912 0.105653 -0.408664 0.894357 0.181987 0.637832 0.408373 0.652995 0.783556 0.529451 0.325150 0.767285 0.641273 0.006555 0.930760 0.295458 -0.215383 0.727103 0.408864 -0.551498 0.409458 0.487060 -0.771438 0.056440 0.573514 -0.817249 -0.257927 0.648359 -0.716313 -0.418368 0.753520 -0.507126 0.028698 0.911199 -0.410966 -0.023661 0.918391 -0.394966 -0.080629 0.906275 -0.414927 -0.403069 0.895931 -0.186664 -0.386194 0.916665 -0.102860 -0.390769 0.920484 0.002784 -0.000906 0.000005 1.000000 -0.000391 0.000014 1.000000 -0.000202 -0.000001 1.000000 0.001039 0.000002 0.999999 0.003629 -0.000003 0.999993 0.001811 0.000000 0.999998 -0.000232 0.000000 1.000000 -0.000163 0.000000 1.000000 -0.002177 -0.000003 0.999998 -0.003905 -0.000002 0.999992 -0.001436 -0.000005 0.999999 0.000417 -0.000007 1.000000 -0.000063 -0.000014 1.000000 -0.000248 0.000000 1.000000 -0.106327 -0.206463 -0.972660 -0.133167 -0.389510 -0.911344 0.000023 0.000002 -1.000000 -0.054738 -0.494400 -0.867509 0.051157 -0.467630 -0.882443 0.072531 -0.330604 -0.940978 
						-0.008568 -0.142397 -0.989773 0.574759 0.214177 -0.789798 0.477992 0.379504 -0.792149 0.664630 0.000443 -0.747172 0.008572 0.142395 -0.989773 -0.072531 0.330611 -0.940976 -0.051157 0.467635 -0.882440 0.054861 0.494388 -0.867508 0.133305 0.389464 -0.911344 0.106348 0.206452 -0.972660 0.000000 0.000000 -1.000000 
					</float_array>
					<technique_common>
						<accessor count="139" offset="0" source="#meshId24-bitangents-array" stride="3">
							<param name="X" type="float" />
							<param name="Y" type="float" />
							<param name="Z" type="float" />
						</accessor>
					</technique_common>
				</source>
				<source id="meshId24-tex0" name="meshId24-tex0">
					<float_array id="meshId24-tex0-array" count="278"> 
						0.753598 0.607055 0.752670 0.602011 0.756618 0.601283 0.758699 0.606281 0.015584 0.041678 0.013516 0.046231 0.009972 0.044875 0.010392 0.039834 0.006282 0.045325 0.004588 0.040547 0.003171 0.047493 0.000000 0.043586 0.172358 0.016014 0.169511 0.011645 0.172255 0.008910 0.175775 0.012327 0.174774 0.005755 0.178885 0.008432 0.176833 0.002474 0.181724 0.004283 0.000004 0.062085 0.003173 0.058177 0.006285 0.060344 0.004593 0.065123 0.009975 0.060793 0.010397 0.065834 0.013518 0.059435 0.015589 0.063987 0.738156 0.606284 0.740235 0.601285 0.744184 0.602012 0.743257 0.607057 0.748427 0.602222 0.748427 0.607260 0.754229 0.611320 0.760171 0.610942 0.162881 0.034054 0.159610 0.030231 0.163451 0.025827 0.167164 0.028873 0.166952 0.021135 0.171257 0.023526 0.168764 0.019531 0.175113 0.019295 0.178724 0.015034 0.182178 0.010709 0.185534 0.006244 0.184358 0.000000 0.188806 0.001546 0.233276 0.297930 0.233989 0.293557 0.239254 0.293702 0.239334 0.298022 0.244505 0.293446 0.245380 0.297887 0.736686 0.610946 0.742627 0.611322 0.748428 0.611424 0.754243 0.616325 0.760195 0.616637 0.167555 0.037693 0.171537 0.032302 0.175738 0.027065 0.178942 0.022339 
						0.182312 0.017895 0.185762 0.013574 0.189350 0.009303 0.193248 0.005134 0.233276 0.303066 0.239316 0.303021 0.245343 0.303216 0.736662 0.616641 0.742615 0.616327 0.748429 0.616255 0.753638 0.620609 0.758782 0.621229 0.172103 0.039924 0.175373 0.035175 0.179045 0.030720 0.180302 0.028596 0.182716 0.024258 0.185619 0.020177 0.188719 0.016294 0.192056 0.012560 0.195752 0.009245 0.234013 0.307440 0.239205 0.307332 0.244382 0.307671 0.738077 0.621232 0.743221 0.620610 0.748429 0.620454 0.753053 0.625277 0.757451 0.625864 0.176784 0.042343 0.179531 0.038311 0.182638 0.034542 0.184730 0.030176 0.186743 0.026417 0.189313 0.022712 0.192010 0.019335 0.195053 0.016008 0.198274 0.013213 0.234708 0.312107 0.239100 0.312016 0.243480 0.312325 0.739410 0.625866 0.743808 0.625279 0.748430 0.625110 0.013516 0.046231 0.016097 0.049103 0.009024 0.052834 0.009972 0.044875 0.006282 0.045325 0.003171 0.047493 0.001359 0.050908 0.001360 0.054763 0.003173 0.058177 0.006285 0.060344 0.009975 0.060793 0.013518 0.059435 0.016098 0.056562 0.017027 0.052832 0.557946 0.343440 0.554899 0.346946 0.549367 0.338919 0.550606 0.348656 0.546055 0.348211 0.542301 0.345757 
						0.540219 0.341925 0.189313 0.022712 0.192010 0.019335 0.198273 0.027101 0.540219 0.335913 0.542301 0.332081 0.546056 0.329627 0.550606 0.329182 0.554899 0.330893 0.557946 0.334399 0.559046 0.338919 
					</float_array>
					<technique_common>
						<accessor count="139" offset="0" source="#meshId24-tex0-array" stride="2">
							<param name="S" type="float" />
							<param name="T" type="float" />
						</accessor>
					</technique_common>
				</source>
				<vertices id="meshId24-vertices">
					<input semantic="POSITION" source="#meshId24-positions" />
				</vertices>
				<polylist count="156" material="defaultMaterial">
					<input offset="0" semantic="VERTEX" source="#meshId24-vertices" />
					<input offset="0" semantic="NORMAL" source="#meshId24-normals" />
					<input offset="0" semantic="TANGENT" source="#meshId24-tangents" />
					<input offset="0" semantic="BINORMAL" source="#meshId24-bitangents" />
					<input offset="0" semantic="TEXCOORD" source="#meshId24-tex0" set="0" />
					<vcount>
						3 3 3 3 3 3 3 3 3 3 3 3 3 3 3 3 3 3 3 3 3 3 3 3 3 3 3 3 3 3 3 3 3 3 3 3 3 3 3 3 3 3 3 3 3 3 3 3 3 3 3 3 3 3 3 3 3 3 3 3 3 3 3 3 
						3 3 3 3 3 3 3 3 3 3 3 3 3 3 3 3 3 3 3 3 3 3 3 3 3 3 3 3 3 3 3 3 3 3 3 3 3 3 3 3 3 3 3 3 3 3 3 3 3 3 3 3 3 3 3 3 3 3 3 3 3 3 3 3 
						3 3 3 3 3 3 3 3 3 3 3 3 3 3 3 3 3 3 3 3 3 3 3 3 3 3 3 3 
					</vcount>
					<p>
						0 1 2 2 3 0 4 5 6 6 7 4 7 6 8 8 9 7 9 8 10 10 11 9 12 13 14 14 15 12 15 14 16 16 17 15 17 16 18 18 19 17 20 21 22 22 23 20 23 22 24 24 25 23 25 24 26 26 27 25 28 29 30 30 31 28 31 30 32 32 33 31 33 32 1 1 0 33 34 0 3 3 35 34 36 37 38 38 39 36 39 38 40 40 41 39 41 42 12 12 43 41 43 12 15 15 44 43 44 15 17 17 45 44 45 17 19 19 46 45 46 19 47 47 48 46 49 50 51 51 52 49 52 51 53 53 54 52 55 28 31 31 56 55 56 31 33 33 57 56 57 33 0 0 34 57 58 34 35 35 59 58 60 36 39 39 61 60 61 39 41 41 62 61 62 41 43 43 63 62 63 43 44 44 64 63 64 44 45 45 65 64 
						65 45 46 46 66 65 66 46 48 48 67 66 68 49 52 52 69 68 69 52 54 54 70 69 71 55 56 56 72 71 72 56 57 57 73 72 73 57 34 34 58 73 74 58 59 59 75 74 76 60 61 61 77 76 77 61 62 62 78 77 79 62 63 63 80 79 80 63 64 64 81 80 81 64 65 65 82 81 82 65 66 66 83 82 83 66 67 67 84 83 85 68 69 69 86 85 86 69 70 70 87 86 88 71 72 72 89 88 89 72 73 73 90 89 90 73 58 58 74 90 91 74 75 75 92 91 93 76 77 77 94 93 94 77 78 78 95 94 96 79 80 80 97 96 97 80 81 81 98 97 98 81 82 82 99 98 99 82 83 83 100 99 100 83 84 84 101 100 102 85 86 86 103 102 103 86 87 87 104 103 105 88 89 89 106 105 106 89 90 90 107 106 
						107 90 74 74 91 107 108 109 110 111 108 110 112 111 110 113 112 110 114 113 110 115 114 110 116 115 110 117 116 110 118 117 110 119 118 110 120 119 110 121 120 110 109 121 110 122 123 124 123 125 124 125 126 124 126 127 124 127 128 124 129 130 131 132 133 124 133 134 124 134 135 124 135 136 124 136 137 124 137 138 124 138 122 124 
					</p>
				</polylist>
			</mesh>
		</geometry>
		<geometry id="meshId25" name="meshId25_name" >
			<mesh>
				<source id="meshId25-positions" name="meshId25-positions">
					<float_array id="meshId25-positions-array" count="438"> 
						-17.687140 14.336637 31.658810 -17.728325 14.297585 31.680786 -17.771389 14.297585 31.632179 -17.745213 14.336637 31.593260 -17.832108 14.297585 31.609150 -17.827095 14.336637 31.562206 -17.896574 14.297585 31.616978 -17.914032 14.336637 31.572762 -17.950020 14.297585 31.653868 -17.986103 14.336637 31.622507 -17.986103 14.336637 31.622507 -17.950020 14.297585 31.653868 -17.980198 14.297585 31.711369 -18.026802 14.336637 31.700052 -17.980198 14.297585 31.776310 -18.026802 14.336637 31.787626 -17.950020 14.297585 31.833811 -17.986103 14.336637 31.865170 -17.986103 14.336637 31.865170 -17.950020 14.297585 31.833811 -17.896574 14.297585 31.870701 -17.914032 14.336637 31.914915 -17.832108 14.297585 31.878529 -17.827095 14.336637 31.925472 -17.771389 14.297585 31.855499 -17.745213 14.336637 31.894419 -17.728325 14.297585 31.806892 -17.687140 14.336637 31.828869 -17.687140 14.336637 31.828869 -17.728325 14.297585 31.806892 -17.712784 14.297585 31.743839 -17.666182 14.336637 31.743839 -17.728325 14.297585 31.680786 -17.687140 14.336637 31.658810 -17.657684 14.372081 31.643093 -17.745213 14.336637 31.593260 -17.726490 14.372081 31.565426 -17.726490 14.372081 31.565426 -17.823509 14.372081 31.528629 -17.926516 14.372081 31.541138 -18.011909 14.372081 31.600082 -18.011909 14.372081 31.600082 -18.060131 14.372081 31.691959 -18.060131 14.372081 31.795719 -18.011909 14.372081 31.887596 -18.011909 14.372081 31.887596 -17.926516 14.372081 31.946541 -17.823509 14.372081 31.959049 -17.726490 14.372081 31.922253 -17.726490 14.372081 31.922253 -17.745213 14.336637 31.894419 -17.657684 14.372081 31.844585 -17.632853 14.372081 31.743839 -17.657684 14.418352 31.643093 -17.726490 14.418352 31.565426 -17.726490 14.418352 31.565426 -17.726490 14.372081 31.565426 -17.823509 14.372081 31.528629 -17.823509 14.418352 31.528629 -17.926516 14.372081 31.541138 -17.926516 14.418352 31.541138 -17.926516 14.418352 31.541138 -17.926516 14.372081 31.541138 -18.011909 14.418352 31.600082 
						-18.060131 14.418352 31.691959 -18.060131 14.418352 31.795719 -18.011909 14.418352 31.887596 -17.926516 14.372081 31.946541 -17.926516 14.418352 31.946541 -17.926516 14.418352 31.946541 -17.926516 14.372081 31.946541 -17.823509 14.372081 31.959049 -17.823509 14.418352 31.959049 -17.726490 14.372081 31.922253 -17.726490 14.418352 31.922253 -17.726490 14.418352 31.922253 -17.657684 14.418352 31.844585 -17.632853 14.418352 31.743839 -17.687140 14.453794 31.658810 -17.745213 14.453794 31.593260 -17.745213 14.453794 31.593260 -17.726490 14.418352 31.565426 -17.823509 14.418352 31.528629 -17.827095 14.453794 31.562206 -17.914032 14.453794 31.572762 -17.986103 14.453794 31.622507 -17.986103 14.453794 31.622507 -18.026802 14.453794 31.700052 -18.026802 14.453794 31.787626 -17.986103 14.453794 31.865170 -17.986103 14.453794 31.865170 -18.011909 14.418352 31.887596 -17.926516 14.418352 31.946541 -17.914032 14.453794 31.914915 -17.823509 14.418352 31.959049 -17.827095 14.453794 31.925472 -17.726490 14.418352 31.922253 -17.745213 14.453794 31.894419 -17.745213 14.453794 31.894419 -17.687140 14.453794 31.828869 -17.666182 14.453794 31.743839 -17.714546 14.492846 31.673433 -17.762630 14.492846 31.619156 -17.762630 14.492846 31.619156 -17.830431 14.492846 31.593443 -17.902416 14.492846 31.602184 -17.962091 14.492846 31.643375 -17.962091 14.492846 31.643375 -17.995790 14.492846 31.707582 -17.995790 14.492846 31.780094 -17.962093 14.492846 31.844303 -17.962093 14.492846 31.844303 -17.902416 14.492846 31.885494 -17.830431 14.492846 31.894236 -17.762630 14.492846 31.868523 -17.762630 14.492846 31.868523 -17.714546 14.492846 31.814245 -17.697191 14.492846 31.743839 -17.771389 14.297585 31.632179 -17.728325 14.297585 31.680786 -17.849150 14.297585 31.743839 -17.832108 14.297585 31.609150 -17.896574 14.297585 31.616978 -17.950020 14.297585 31.653868 -17.980198 14.297585 31.711369 -17.980198 14.297585 31.776310 -17.950020 14.297585 31.833811 -17.896574 14.297585 31.870701 
						-17.832108 14.297585 31.878529 -17.771389 14.297585 31.855499 -17.728325 14.297585 31.806892 -17.712784 14.297585 31.743839 -17.714546 14.492846 31.673433 -17.762630 14.492846 31.619156 -17.849150 14.539724 31.743839 -17.830431 14.492846 31.593443 -17.902416 14.492846 31.602184 -17.962091 14.492846 31.643375 -17.995790 14.492846 31.707582 -17.995790 14.492846 31.780094 -17.962093 14.492846 31.844303 -17.902416 14.492846 31.885494 -17.830431 14.492846 31.894236 -17.762630 14.492846 31.868523 -17.714546 14.492846 31.814245 -17.697191 14.492846 31.743839 
					</float_array>
					<technique_common>
						<accessor count="146" offset="0" source="#meshId25-positions-array" stride="3">
							<param name="X" type="float" />
							<param name="Y" type="float" />
							<param name="Z" type="float" />
						</accessor>
					</technique_common>
				</source>
				<source id="meshId25-normals" name="meshId25-normals">
					<float_array id="meshId25-normals-array" count="438"> 
						0.611749 -0.722964 -0.321071 0.568362 -0.767003 -0.297777 0.364176 -0.768468 -0.526149 0.391520 -0.724566 -0.567201 0.077813 -0.770513 -0.632657 0.082798 -0.726800 -0.681840 -0.224245 -0.772661 -0.593893 -0.242675 -0.729128 -0.639907 -0.473122 -0.774428 -0.420020 -0.510718 -0.731052 -0.452472 -0.510718 -0.731052 -0.452472 -0.473122 -0.774428 -0.420020 -0.613030 -0.775429 -0.151342 -0.661362 -0.732138 -0.163015 -0.613026 -0.775434 0.151333 -0.661361 -0.732139 0.163014 -0.473120 -0.774436 0.420008 -0.510718 -0.731056 0.452465 -0.510718 -0.731056 0.452465 -0.473120 -0.774436 0.420008 -0.224246 -0.772663 0.593890 -0.242675 -0.729131 0.639904 0.077815 -0.770509 0.632662 0.082802 -0.726795 0.681845 0.364175 -0.768458 0.526165 0.391521 -0.724558 0.567210 0.568368 -0.766995 0.297786 0.611751 -0.722959 0.321078 0.611751 -0.722959 0.321078 0.568368 -0.766995 0.297786 0.642283 -0.766468 0.000000 0.691489 -0.722387 0.000000 0.568362 -0.767003 -0.297777 0.611749 -0.722964 -0.321071 0.831691 -0.342732 -0.436836 0.391520 -0.724566 -0.567201 0.532954 -0.344097 -0.773018 0.532954 -0.344097 -0.773018 0.112472 -0.346019 -0.931462 -0.332987 -0.348028 -0.876354 -0.701528 -0.349694 -0.620945 -0.701528 -0.349694 -0.620945 -0.909333 -0.350637 -0.223980 -0.909333 -0.350636 0.223983 -0.701529 -0.349693 0.620944 -0.701529 -0.349693 0.620944 -0.332988 -0.348026 0.876354 0.112475 -0.346014 0.931463 0.532955 -0.344095 0.773019 0.532955 -0.344095 0.773019 0.391521 -0.724558 0.567210 0.831690 -0.342732 0.436837 0.939610 -0.342246 0.000000 0.831694 0.342732 -0.436830 0.532957 0.344096 -0.773017 0.532957 0.344096 -0.773017 0.532954 -0.344097 -0.773018 0.112472 -0.346019 -0.931462 0.112473 0.346016 -0.931463 -0.332987 -0.348028 -0.876354 -0.332990 0.348027 -0.876353 -0.332990 0.348027 -0.876353 -0.332987 -0.348028 -0.876354 -0.701531 0.349694 -0.620942 
						-0.909333 0.350637 -0.223981 -0.909333 0.350636 0.223983 -0.701532 0.349693 0.620941 -0.332988 -0.348026 0.876354 -0.332991 0.348029 0.876352 -0.332991 0.348029 0.876352 -0.332988 -0.348026 0.876354 0.112475 -0.346014 0.931463 0.112475 0.346017 0.931462 0.532955 -0.344095 0.773019 0.532955 0.344094 0.773019 0.532955 0.344094 0.773019 0.831692 0.342730 0.436834 0.939610 0.342247 0.000002 0.665106 0.660169 -0.349014 0.425882 0.661911 -0.616846 0.425882 0.661911 -0.616846 0.532957 0.344096 -0.773017 0.112473 0.346016 -0.931463 0.090183 0.664356 -0.741956 -0.264143 0.666920 -0.696739 -0.556280 0.669028 -0.492903 -0.556280 0.669028 -0.492903 -0.720593 0.670217 -0.177637 -0.720592 0.670218 0.177638 -0.556281 0.669024 0.492908 -0.556281 0.669024 0.492908 -0.701532 0.349693 0.620941 -0.332991 0.348029 0.876352 -0.264146 0.666919 0.696739 0.112475 0.346017 0.931462 0.090189 0.664359 0.741952 0.532955 0.344094 0.773019 0.425879 0.661911 0.616848 0.425879 0.661911 0.616848 0.665104 0.660168 0.349020 0.751666 0.659544 0.000002 0.693193 0.622503 -0.363281 0.444461 0.624261 -0.642459 0.444461 0.624261 -0.642459 0.094898 0.626747 -0.773423 -0.274691 0.629389 -0.726921 -0.579911 0.631547 -0.514637 -0.579911 0.631547 -0.514637 -0.751781 0.632770 -0.185546 -0.751781 0.632772 0.185542 -0.579914 0.631539 0.514644 -0.579914 0.631539 0.514644 -0.274695 0.629381 0.726927 0.094907 0.626751 0.773419 0.444458 0.624263 0.642459 0.444458 0.624263 0.642459 0.693193 0.622502 0.363283 0.783126 0.621863 0.000000 0.000000 -1.000000 -0.000005 0.000000 -1.000000 0.000000 0.000000 -1.000000 -0.000001 0.000000 -1.000000 -0.000005 0.000000 -1.000000 0.000000 0.000000 -1.000000 0.000000 0.000000 -1.000000 0.000000 0.000000 -1.000000 0.000000 0.000000 -1.000000 0.000000 0.000000 -1.000000 0.000002 
						0.000000 -1.000000 0.000002 0.000000 -1.000000 0.000000 0.000000 -1.000000 0.000000 0.000000 -1.000000 0.000000 0.261132 0.955537 -0.136966 0.167761 0.955459 -0.242805 -0.000434 1.000000 -0.000001 0.035770 0.955348 -0.293311 -0.104780 0.955226 -0.276703 -0.221643 0.955126 -0.196492 -0.287767 0.955068 -0.070960 -0.287763 0.955070 0.070949 -0.221640 0.955130 0.196473 -0.104781 0.955228 0.276695 0.035769 0.955348 0.293311 0.167755 0.955457 0.242818 0.261127 0.955537 0.136977 0.294773 0.955567 0.000000 
					</float_array>
					<technique_common>
						<accessor count="146" offset="0" source="#meshId25-normals-array" stride="3">
							<param name="X" type="float" />
							<param name="Y" type="float" />
							<param name="Z" type="float" />
						</accessor>
					</technique_common>
				</source>
				<source id="meshId25-tangents" name="meshId25-tangents">
					<float_array id="meshId25-tangents-array" count="438"> 
						0.788613 0.589217 0.175820 0.821456 0.549491 0.152542 0.924731 0.365496 0.106231 0.913518 0.380048 0.145082 0.996370 0.082070 0.022595 0.995833 0.086576 0.028642 0.971773 -0.223118 -0.076649 0.965744 -0.244069 -0.088145 0.878799 -0.448506 -0.162953 0.855844 -0.482394 -0.186619 -0.200684 0.613113 -0.764080 -0.282076 0.584817 -0.760541 -0.442390 0.495618 -0.747432 -0.396227 0.525553 -0.752860 -0.661941 0.399534 -0.634198 -0.638354 0.435292 -0.634842 -0.832730 0.237472 -0.500167 -0.826202 0.271750 -0.493500 0.856064 -0.481081 0.188986 0.878832 -0.448282 0.163395 0.971602 -0.224485 0.074806 0.965603 -0.245038 0.086986 0.996629 0.076649 -0.029232 0.995961 0.084179 -0.031220 0.925408 0.362189 -0.111530 0.913218 0.381587 -0.142914 0.821540 0.548857 -0.154361 0.787794 0.593584 -0.164435 0.729906 0.672351 0.123214 0.790246 0.609651 0.061953 0.766437 0.642257 0.008970 0.722376 0.691479 0.005494 0.795718 0.604463 -0.038179 0.734889 0.669604 -0.107553 0.348044 0.934802 -0.070786 0.748000 0.609613 -0.262425 0.375926 0.914753 -0.148008 0.826334 0.408187 0.388014 0.991266 0.104041 0.081044 0.922618 -0.312130 -0.226609 0.674964 -0.605609 -0.421499 0.266351 0.679521 -0.683599 -0.072749 0.664023 -0.744165 -0.402976 0.608223 -0.683868 -0.689254 0.554330 -0.466526 0.676841 -0.599643 0.426983 0.922834 -0.311142 0.227085 0.991430 0.101771 -0.081911 0.826504 0.407391 -0.388488 0.377396 0.914341 0.146808 0.733324 0.618040 0.283307 0.352769 0.933724 0.060944 0.342233 0.939574 -0.008782 -0.353638 0.933512 0.059121 -0.388676 0.911047 0.137565 0.195148 -0.938934 -0.283407 -0.195539 -0.938934 0.283138 -0.041514 -0.938227 0.343520 0.041446 -0.938229 -0.343525 0.123427 -0.937484 0.325407 -0.123872 -0.937485 -0.325236 0.847484 0.517914 -0.116341 0.576190 0.660590 -0.481275 0.674786 0.606156 -0.420996 
						0.403640 0.612840 -0.679339 0.069858 0.659354 -0.748580 -0.271230 0.674733 -0.686418 -0.803357 0.591319 -0.070421 -0.576702 0.660131 -0.481292 -0.123429 -0.937484 0.325407 0.123871 -0.937485 -0.325236 -0.041446 -0.938229 -0.343523 0.041515 -0.938228 0.343518 -0.195147 -0.938935 -0.283406 0.195537 -0.938935 0.283136 -0.386664 0.911652 -0.139219 -0.349198 0.934550 -0.068387 -0.342234 0.939574 -0.008778 -0.663564 0.736867 0.129269 -0.702100 0.671789 0.236125 0.900487 -0.243759 0.360146 0.846095 -0.226411 0.482558 0.985924 0.077841 0.147965 0.982287 0.063534 0.176284 0.916217 0.399173 0.034739 0.791915 0.606554 -0.070449 0.816044 0.327794 -0.476049 0.605396 0.483286 -0.632400 0.338879 0.563948 -0.753076 0.119767 0.651509 -0.749127 0.829325 0.409378 0.380302 0.707111 0.449892 0.545519 0.942646 0.145677 0.300328 0.961665 0.126937 0.243080 0.963026 -0.268908 -0.016393 0.968018 -0.233599 0.091500 0.775970 -0.563033 -0.284366 0.866689 -0.494180 -0.068090 -0.705431 0.669829 -0.231724 -0.664043 0.736662 -0.127966 -0.659544 0.751666 -0.000355 -0.619580 0.772179 0.140926 -0.654778 0.715837 0.242576 0.892954 -0.251641 0.373243 0.983980 0.058731 0.168326 0.912432 0.409120 0.009435 0.774107 0.624033 -0.106497 0.805531 0.350097 -0.478072 0.582055 0.504538 -0.637693 0.315256 0.592029 -0.741698 0.108992 0.686179 -0.719221 0.813833 0.420320 0.401257 0.959718 0.133062 0.247457 0.967131 -0.242162 0.077562 0.855721 -0.507999 -0.098383 -0.671335 0.706965 -0.222507 -0.630987 0.767733 -0.111538 -0.621736 0.782967 0.020170 0.999995 -0.000000 0.003241 1.000000 0.000000 0.000723 1.000000 0.000000 -0.000169 0.999999 -0.000000 0.001273 0.999997 0.000000 -0.002616 0.999999 0.000000 -0.001502 1.000000 0.000000 -0.000123 1.000000 0.000000 -0.000138 0.999999 0.000000 0.001172 0.999997 0.000000 0.002224 
						0.999999 -0.000000 -0.001569 0.999994 0.000000 -0.003578 0.999999 0.000000 -0.001127 1.000000 0.000000 -0.000177 0.954602 -0.234556 0.183625 0.974302 -0.123140 0.188606 0.982446 0.000427 0.186546 0.982531 0.020017 0.185019 0.971415 0.157902 0.177256 0.950179 0.256832 0.176629 0.938460 0.295988 0.177998 0.945497 0.271525 0.179750 0.964695 0.185377 0.187078 0.980414 0.052565 0.189801 0.978546 -0.093070 0.183808 0.959845 -0.214479 0.180823 0.941983 -0.283243 0.180117 0.940017 -0.289976 0.179670 
					</float_array>
					<technique_common>
						<accessor count="146" offset="0" source="#meshId25-tangents-array" stride="3">
							<param name="X" type="float" />
							<param name="Y" type="float" />
							<param name="Z" type="float" />
						</accessor>
					</technique_common>
				</source>
				<source id="meshId25-bitangents" name="meshId25-bitangents">
					<float_array id="meshId25-bitangents-array" count="438"> 
						0.062069 -0.360758 0.930592 0.046625 -0.331310 0.942369 0.110670 -0.525233 0.843731 0.110442 -0.574951 0.810700 0.034513 -0.632119 0.774103 0.038214 -0.681371 0.730940 -0.073284 -0.594318 0.800885 -0.091912 -0.639377 0.763380 -0.062187 -0.446210 0.892765 -0.081842 -0.482555 0.872034 0.835998 -0.299426 -0.459838 0.834619 -0.241351 -0.495137 0.654588 -0.391246 -0.646870 0.636871 -0.433322 -0.637674 0.431316 -0.488953 -0.758216 0.393834 -0.523921 -0.755250 0.287607 -0.586392 -0.757249 0.237819 -0.625867 -0.742787 0.079513 0.483857 0.871527 0.061744 0.446422 0.892690 0.075520 0.593800 0.801061 0.093377 0.639003 0.763516 -0.025970 0.632804 0.773876 -0.034707 0.681676 0.730830 -0.104865 0.527534 0.843037 -0.112891 0.573940 0.811079 -0.045048 0.332377 0.942070 -0.071707 0.353537 0.932668 -0.304956 0.158980 0.939003 -0.229063 0.200112 0.952620 -0.006875 -0.005761 0.999960 -0.003969 -0.003799 0.999985 0.209278 -0.215247 0.953872 0.292747 -0.170156 0.940928 0.432616 -0.093166 0.896752 0.535918 -0.321522 0.780651 0.758050 -0.211716 0.616876 0.182021 -0.845565 0.501884 0.068867 -0.932441 0.354698 -0.194670 -0.883997 0.425032 -0.228654 -0.714809 0.660882 0.660996 -0.644953 -0.383562 0.409660 -0.660399 -0.629326 0.103557 -0.712123 -0.694375 -0.181067 -0.755270 -0.629906 0.223031 0.719822 0.657353 0.193639 0.884346 0.424777 -0.066454 0.932693 0.354495 -0.181244 0.845950 0.501517 -0.757319 0.213492 0.617162 -0.555831 0.305028 0.773311 -0.428772 0.103416 0.897474 0.003005 0.008251 0.999961 0.428049 0.105309 0.897599 0.751590 0.227136 0.619291 -0.823331 0.000191 -0.567561 -0.823240 0.000255 -0.567693 -0.992787 0.000032 -0.119889 -0.992790 0.000032 -0.119866 -0.934819 0.000191 0.355126 -0.934758 0.000255 0.355284 0.413386 -0.781436 -0.467408 0.746408 -0.665205 -0.019438 0.229168 -0.714345 -0.661206 
						-0.100937 -0.708153 -0.698807 -0.410163 -0.665061 -0.624067 -0.659005 -0.649962 -0.378499 -0.493697 -0.727475 -0.476491 -0.746010 -0.665660 -0.019108 0.934817 0.000191 0.355130 0.934759 0.000255 0.355281 0.992790 0.000032 -0.119868 0.992787 0.000032 -0.119892 0.823333 0.000191 -0.567559 0.823240 0.000255 -0.567693 -0.752629 -0.224701 0.618918 -0.431682 -0.095665 0.896939 -0.003006 0.008247 0.999962 0.342516 0.145616 0.928159 0.570684 0.332526 0.750830 0.088023 -0.708841 -0.699854 -0.008973 -0.911228 -0.411805 0.123705 -0.934994 -0.332390 0.164255 -0.744711 -0.646858 0.301288 -0.629188 -0.716483 0.251840 -0.429527 -0.867227 -0.156920 -0.667048 -0.728302 -0.337996 -0.563244 -0.753999 -0.604904 -0.482463 -0.633499 -0.822318 -0.357691 -0.442549 0.052646 0.620336 -0.782567 -0.088592 0.821773 -0.562886 -0.023142 0.926096 -0.376577 0.073673 0.734238 -0.674883 0.244806 0.898866 -0.363469 0.234108 0.709971 -0.664180 0.337387 0.751394 -0.567078 0.259764 0.563613 -0.784132 -0.566563 -0.336457 0.752199 -0.341589 -0.146654 0.928337 -0.000236 0.000266 1.000000 0.368245 0.127393 0.920960 0.611326 0.312852 0.726914 0.071332 -0.739578 -0.669281 0.150922 -0.777007 -0.611133 0.303336 -0.660674 -0.686656 0.253893 -0.460143 -0.850769 -0.121752 -0.691795 -0.711756 -0.309898 -0.587404 -0.747609 -0.579172 -0.499101 -0.644561 -0.807354 -0.360995 -0.466757 0.037094 0.651529 -0.757717 0.059019 0.765620 -0.640580 0.235905 0.740636 -0.629133 0.264952 0.593492 -0.759979 -0.593099 -0.332410 0.733306 -0.348337 -0.151910 0.924978 0.012543 -0.015796 0.999797 -0.003241 -0.000005 0.999995 -0.000723 0.000000 1.000000 0.000169 -0.000001 1.000000 -0.001273 -0.000005 0.999999 0.002616 0.000000 0.999997 0.001502 0.000000 0.999999 0.000123 0.000000 1.000000 0.000138 0.000000 1.000000 -0.001172 0.000000 0.999999 -0.002224 0.000002 0.999997 
						0.001569 0.000002 0.999999 0.003578 0.000000 0.999994 0.001127 0.000000 0.999999 0.000177 0.000000 1.000000 0.143334 -0.178698 -0.973408 0.150306 -0.268206 -0.951564 0.186546 0.000080 -0.982446 0.182629 -0.294805 -0.937943 0.213012 -0.250221 -0.944466 0.219168 -0.147554 -0.964465 0.191003 -0.015371 -0.981469 0.152409 0.118807 -0.981150 0.142262 0.231001 -0.962497 0.166759 0.291163 -0.942027 0.202899 0.280444 -0.938181 0.224848 0.202734 -0.953070 0.210906 0.081996 -0.974061 0.171687 -0.052962 -0.983727 
					</float_array>
					<technique_common>
						<accessor count="146" offset="0" source="#meshId25-bitangents-array" stride="3">
							<param name="X" type="float" />
							<param name="Y" type="float" />
							<param name="Z" type="float" />
						</accessor>
					</technique_common>
				</source>
				<source id="meshId25-tex0" name="meshId25-tex0">
					<float_array id="meshId25-tex0-array" count="292"> 
						0.887810 0.236926 0.883629 0.239577 0.880090 0.235582 0.882757 0.231401 0.875198 0.233715 0.875724 0.228764 0.870015 0.234346 0.868294 0.229642 0.865657 0.237365 0.862233 0.233762 0.589105 0.036586 0.583884 0.038654 0.580468 0.034033 0.584499 0.030834 0.576115 0.029851 0.579149 0.025694 0.571361 0.026623 0.573217 0.021324 0.862229 0.255800 0.865654 0.252198 0.870012 0.255219 0.868288 0.259922 0.875194 0.255852 0.875719 0.260803 0.880087 0.253986 0.882752 0.258169 0.883627 0.249993 0.887807 0.252645 0.164616 0.330209 0.159611 0.328508 0.160035 0.322905 0.164934 0.322905 0.159610 0.317303 0.164615 0.315601 0.168495 0.314762 0.164014 0.308420 0.168211 0.306522 0.884672 0.227896 0.876148 0.224778 0.866859 0.225884 0.859444 0.230852 0.593383 0.034459 0.587527 0.028329 0.581530 0.022569 0.575170 0.016963 0.859439 0.258709 0.866852 0.263680 0.876140 0.264789 0.884666 0.261674 0.168213 0.339288 0.164016 0.337390 0.168496 0.331047 0.168616 0.322905 0.172181 0.314765 0.172808 0.306548 0.810329 0.006523 0.814137 0.006522 0.814138 0.015062 0.810330 0.015062 0.814140 0.023601 0.810332 0.023602 0.602626 0.037638 0.599869 0.040507 0.596329 0.031409 
						0.590059 0.025701 0.584055 0.019934 0.578101 0.013897 0.568867 0.010726 0.571622 0.007856 0.920828 0.000001 0.924636 0.000000 0.924637 0.008540 0.920829 0.008540 0.924639 0.017079 0.920831 0.017080 0.172809 0.339261 0.172182 0.331044 0.172080 0.322905 0.175992 0.315604 0.177134 0.308515 0.619056 0.035409 0.620255 0.039136 0.611495 0.040506 0.611842 0.036586 0.604706 0.034282 0.599546 0.029114 0.598285 0.027123 0.592467 0.022565 0.587092 0.017402 0.582303 0.011771 0.603861 0.006764 0.601729 0.003436 0.609893 0.000000 0.610574 0.003889 0.619192 0.000640 0.618055 0.004406 0.626813 0.005172 0.624312 0.008184 0.177135 0.337294 0.175993 0.330205 0.175770 0.322904 0.180039 0.316392 0.181167 0.310315 0.618060 0.031599 0.612258 0.032617 0.606752 0.030842 0.602640 0.026625 0.600172 0.023061 0.595081 0.019243 0.590306 0.014655 0.586287 0.009723 0.605806 0.010226 0.611192 0.007843 0.616963 0.008245 0.621969 0.011350 0.181168 0.335493 0.180040 0.329416 0.179789 0.322904 0.880090 0.235582 0.883629 0.239577 0.873818 0.244783 0.875198 0.233715 0.870015 0.234346 0.865657 0.237365 0.863137 0.242105 0.863136 0.247458 0.865654 0.252198 0.870012 0.255219 
						0.875194 0.255852 0.880087 0.253986 0.883627 0.249993 0.884925 0.244785 0.622872 0.027958 0.618060 0.031599 0.613186 0.020156 0.612258 0.032617 0.606752 0.030842 0.602640 0.026625 0.600869 0.020846 0.602011 0.014930 0.605806 0.010226 0.611192 0.007843 0.616963 0.008245 0.621969 0.011350 0.625080 0.016521 0.625403 0.022515 
					</float_array>
					<technique_common>
						<accessor count="146" offset="0" source="#meshId25-tex0-array" stride="2">
							<param name="S" type="float" />
							<param name="T" type="float" />
						</accessor>
					</technique_common>
				</source>
				<vertices id="meshId25-vertices">
					<input semantic="POSITION" source="#meshId25-positions" />
				</vertices>
				<polylist count="156" material="defaultMaterial">
					<input offset="0" semantic="VERTEX" source="#meshId25-vertices" />
					<input offset="0" semantic="NORMAL" source="#meshId25-normals" />
					<input offset="0" semantic="TANGENT" source="#meshId25-tangents" />
					<input offset="0" semantic="BINORMAL" source="#meshId25-bitangents" />
					<input offset="0" semantic="TEXCOORD" source="#meshId25-tex0" set="0" />
					<vcount>
						3 3 3 3 3 3 3 3 3 3 3 3 3 3 3 3 3 3 3 3 3 3 3 3 3 3 3 3 3 3 3 3 3 3 3 3 3 3 3 3 3 3 3 3 3 3 3 3 3 3 3 3 3 3 3 3 3 3 3 3 3 3 3 3 
						3 3 3 3 3 3 3 3 3 3 3 3 3 3 3 3 3 3 3 3 3 3 3 3 3 3 3 3 3 3 3 3 3 3 3 3 3 3 3 3 3 3 3 3 3 3 3 3 3 3 3 3 3 3 3 3 3 3 3 3 3 3 3 3 
						3 3 3 3 3 3 3 3 3 3 3 3 3 3 3 3 3 3 3 3 3 3 3 3 3 3 3 3 
					</vcount>
					<p>
						0 1 2 2 3 0 3 2 4 4 5 3 5 4 6 6 7 5 7 6 8 8 9 7 10 11 12 12 13 10 13 12 14 14 15 13 15 14 16 16 17 15 18 19 20 20 21 18 21 20 22 22 23 21 23 22 24 24 25 23 25 24 26 26 27 25 28 29 30 30 31 28 31 30 32 32 33 31 34 33 35 35 36 34 37 3 5 5 38 37 38 5 7 7 39 38 39 7 9 9 40 39 41 10 13 13 42 41 42 13 15 15 43 42 43 15 17 17 44 43 45 18 21 21 46 45 46 21 23 23 47 46 47 23 25 25 48 47 49 50 28 28 51 49 51 28 31 31 52 51 52 31 33 33 34 52 53 34 36 36 54 53 55 56 57 57 58 55 58 57 59 59 60 58 61 62 41 41 63 61 63 41 42 42 64 63 64 42 43 43 65 64 
						65 43 44 44 66 65 66 44 67 67 68 66 69 70 71 71 72 69 72 71 73 73 74 72 75 49 51 51 76 75 76 51 52 52 77 76 77 52 34 34 53 77 78 53 54 54 79 78 80 81 82 82 83 80 83 82 61 61 84 83 84 61 63 63 85 84 86 63 64 64 87 86 87 64 65 65 88 87 88 65 66 66 89 88 90 91 92 92 93 90 93 92 94 94 95 93 95 94 96 96 97 95 98 75 76 76 99 98 99 76 77 77 100 99 100 77 53 53 78 100 101 78 79 79 102 101 103 80 83 83 104 103 104 83 84 84 105 104 105 84 85 85 106 105 107 86 87 87 108 107 108 87 88 88 109 108 109 88 89 89 110 109 111 90 93 93 112 111 112 93 95 95 113 112 113 95 97 97 114 113 115 98 99 99 116 115 116 99 100 100 117 116 
						117 100 78 78 101 117 118 119 120 121 118 120 122 121 120 123 122 120 124 123 120 125 124 120 126 125 120 127 126 120 128 127 120 129 128 120 130 129 120 131 130 120 119 131 120 132 133 134 133 135 134 135 136 134 136 137 134 137 138 134 138 139 134 139 140 134 140 141 134 141 142 134 142 143 134 143 144 134 144 145 134 145 132 134 
					</p>
				</polylist>
			</mesh>
		</geometry>
		<geometry id="meshId26" name="meshId26_name" >
			<mesh>
				<source id="meshId26-positions" name="meshId26-positions">
					<float_array id="meshId26-positions-array" count="444"> 
						-17.687140 13.585422 31.658810 -17.728325 13.546370 31.680786 -17.771389 13.546370 31.632179 -17.745213 13.585422 31.593260 -17.832108 13.546370 31.609150 -17.827095 13.585422 31.562206 -17.896574 13.546370 31.616978 -17.914032 13.585422 31.572762 -17.950020 13.546370 31.653868 -17.986103 13.585422 31.622507 -17.986103 13.585422 31.622507 -17.950020 13.546370 31.653868 -17.980198 13.546370 31.711369 -18.026802 13.585422 31.700052 -17.980198 13.546370 31.776310 -18.026802 13.585422 31.787626 -17.950020 13.546370 31.833811 -17.986103 13.585422 31.865170 -17.986103 13.585422 31.865170 -17.950020 13.546370 31.833811 -17.896574 13.546370 31.870701 -17.914032 13.585422 31.914915 -17.832108 13.546370 31.878529 -17.827095 13.585422 31.925472 -17.771389 13.546370 31.855499 -17.745213 13.585422 31.894419 -17.728325 13.546370 31.806892 -17.687140 13.585422 31.828869 -17.687140 13.585422 31.828869 -17.728325 13.546370 31.806892 -17.712784 13.546370 31.743839 -17.666182 13.585422 31.743839 -17.728325 13.546370 31.680786 -17.687140 13.585422 31.658810 -17.657684 13.620865 31.643093 -17.745213 13.585422 31.593260 -17.726490 13.620865 31.565426 -17.726490 13.620865 31.565426 -17.823509 13.620865 31.528629 -17.926516 13.620865 31.541138 -18.011909 13.620865 31.600082 -18.011909 13.620865 31.600082 -18.060131 13.620865 31.691959 -18.060131 13.620865 31.795719 -18.011909 13.620865 31.887596 -18.011909 13.620865 31.887596 -17.926516 13.620865 31.946541 -17.823509 13.620865 31.959049 -17.726490 13.620865 31.922253 -17.726490 13.620865 31.922253 -17.745213 13.585422 31.894419 -17.657684 13.620865 31.844585 -17.632853 13.620865 31.743839 -17.657684 13.667135 31.643093 -17.726490 13.667135 31.565426 -17.726490 13.667135 31.565426 -17.726490 13.620865 31.565426 -17.823509 13.620865 31.528629 -17.823509 13.667135 31.528629 -17.926516 13.620865 31.541138 -17.926516 13.667135 31.541138 -17.926516 13.667135 31.541138 -17.926516 13.620865 31.541138 -18.011909 13.667135 31.600082 
						-18.060131 13.667135 31.691959 -18.060131 13.667135 31.795719 -18.011909 13.667135 31.887596 -17.926516 13.620865 31.946541 -17.926516 13.667135 31.946541 -17.926516 13.667135 31.946541 -17.926516 13.620865 31.946541 -17.823509 13.620865 31.959049 -17.823509 13.667135 31.959049 -17.726490 13.620865 31.922253 -17.726490 13.667135 31.922253 -17.726490 13.667135 31.922253 -17.657684 13.667135 31.844585 -17.632853 13.667135 31.743839 -17.687140 13.702579 31.658810 -17.745213 13.702579 31.593260 -17.745213 13.702579 31.593260 -17.726490 13.667135 31.565426 -17.823509 13.667135 31.528629 -17.827095 13.702579 31.562206 -17.926516 13.667135 31.541138 -17.914032 13.702579 31.572762 -18.011909 13.667135 31.600082 -17.986103 13.702579 31.622507 -17.986103 13.702579 31.622507 -18.026802 13.702579 31.700052 -18.026802 13.702579 31.787626 -17.986103 13.702579 31.865170 -17.986103 13.702579 31.865170 -18.011909 13.667135 31.887596 -17.926516 13.667135 31.946541 -17.914032 13.702579 31.914915 -17.823509 13.667135 31.959049 -17.827095 13.702579 31.925472 -17.726490 13.667135 31.922253 -17.745213 13.702579 31.894419 -17.745213 13.702579 31.894419 -17.687140 13.702579 31.828869 -17.666182 13.702579 31.743839 -17.714546 13.741631 31.673433 -17.762630 13.741631 31.619156 -17.762630 13.741631 31.619156 -17.830431 13.741631 31.593443 -17.902416 13.741631 31.602184 -17.962091 13.741631 31.643375 -17.962091 13.741631 31.643375 -17.995790 13.741631 31.707582 -17.995790 13.741631 31.780094 -17.962093 13.741631 31.844303 -17.962093 13.741631 31.844303 -17.902416 13.741631 31.885494 -17.830431 13.741631 31.894236 -17.762630 13.741631 31.868523 -17.762630 13.741631 31.868523 -17.714546 13.741631 31.814245 -17.697191 13.741631 31.743839 -17.771389 13.546370 31.632179 -17.728325 13.546370 31.680786 -17.849150 13.546370 31.743839 -17.832108 13.546370 31.609150 -17.896574 13.546370 31.616978 -17.950020 13.546370 31.653868 -17.980198 13.546370 31.711369 -17.980198 13.546370 31.776310 
						-17.950020 13.546370 31.833811 -17.896574 13.546370 31.870701 -17.832108 13.546370 31.878529 -17.771389 13.546370 31.855499 -17.728325 13.546370 31.806892 -17.712784 13.546370 31.743839 -17.714546 13.741631 31.673433 -17.762630 13.741631 31.619156 -17.849150 13.788507 31.743839 -17.830431 13.741631 31.593443 -17.902416 13.741631 31.602184 -17.962091 13.741631 31.643375 -17.995790 13.741631 31.707582 -17.995790 13.741631 31.780094 -17.962093 13.741631 31.844303 -17.902416 13.741631 31.885494 -17.830431 13.741631 31.894236 -17.762630 13.741631 31.868523 -17.714546 13.741631 31.814245 -17.697191 13.741631 31.743839 
					</float_array>
					<technique_common>
						<accessor count="148" offset="0" source="#meshId26-positions-array" stride="3">
							<param name="X" type="float" />
							<param name="Y" type="float" />
							<param name="Z" type="float" />
						</accessor>
					</technique_common>
				</source>
				<source id="meshId26-normals" name="meshId26-normals">
					<float_array id="meshId26-normals-array" count="444"> 
						0.611748 -0.722963 -0.321075 0.568360 -0.767000 -0.297789 0.364175 -0.768467 -0.526152 0.391516 -0.724560 -0.567211 0.077812 -0.770513 -0.632657 0.082798 -0.726792 -0.681849 -0.224246 -0.772661 -0.593893 -0.242675 -0.729128 -0.639907 -0.473123 -0.774430 -0.420016 -0.510718 -0.731052 -0.452471 -0.510718 -0.731052 -0.452471 -0.473123 -0.774430 -0.420016 -0.613030 -0.775429 -0.151339 -0.661362 -0.732138 -0.163017 -0.613026 -0.775433 0.151339 -0.661361 -0.732139 0.163019 -0.473118 -0.774431 0.420019 -0.510717 -0.731055 0.452468 -0.510717 -0.731055 0.452468 -0.473118 -0.774431 0.420019 -0.224245 -0.772662 0.593892 -0.242675 -0.729135 0.639899 0.077817 -0.770519 0.632649 0.082802 -0.726797 0.681843 0.364178 -0.768465 0.526152 0.391521 -0.724559 0.567209 0.568367 -0.766994 0.297790 0.611751 -0.722959 0.321076 0.611751 -0.722959 0.321076 0.568367 -0.766994 0.297790 0.642283 -0.766468 0.000000 0.691489 -0.722387 0.000000 0.568360 -0.767000 -0.297789 0.611748 -0.722963 -0.321075 0.831692 -0.342732 -0.436834 0.391516 -0.724560 -0.567211 0.532952 -0.344096 -0.773020 0.532952 -0.344096 -0.773020 0.112473 -0.346014 -0.931464 -0.332988 -0.348024 -0.876355 -0.701530 -0.349693 -0.620944 -0.701530 -0.349693 -0.620944 -0.909333 -0.350637 -0.223979 -0.909333 -0.350636 0.223981 -0.701531 -0.349695 0.620941 -0.701531 -0.349695 0.620941 -0.332990 -0.348031 0.876352 0.112475 -0.346017 0.931462 0.532955 -0.344097 0.773018 0.532955 -0.344097 0.773018 0.391521 -0.724559 0.567209 0.831691 -0.342733 0.436835 0.939610 -0.342246 0.000000 0.831694 0.342732 -0.436830 0.532958 0.344097 -0.773015 0.532958 0.344097 -0.773015 0.532952 -0.344096 -0.773020 0.112473 -0.346014 -0.931464 0.112474 0.346017 -0.931462 -0.332988 -0.348024 -0.876355 -0.332991 0.348027 -0.876353 -0.332991 0.348027 -0.876353 -0.332988 -0.348024 -0.876355 -0.701529 0.349694 -0.620944 
						-0.909333 0.350637 -0.223981 -0.909333 0.350637 0.223979 -0.701531 0.349694 0.620941 -0.332990 -0.348031 0.876352 -0.332992 0.348029 0.876352 -0.332992 0.348029 0.876352 -0.332990 -0.348031 0.876352 0.112475 -0.346017 0.931462 0.112476 0.346019 0.931461 0.532955 -0.344097 0.773018 0.532957 0.344097 0.773017 0.532957 0.344097 0.773017 0.831692 0.342731 0.436834 0.939610 0.342247 0.000002 0.665106 0.660169 -0.349013 0.425881 0.661910 -0.616848 0.425881 0.661910 -0.616848 0.532958 0.344097 -0.773015 0.112474 0.346017 -0.931462 0.090183 0.664352 -0.741959 -0.332991 0.348027 -0.876353 -0.264143 0.666918 -0.696741 -0.701529 0.349694 -0.620944 -0.556278 0.669026 -0.492909 -0.556278 0.669026 -0.492909 -0.720592 0.670217 -0.177641 -0.720592 0.670218 0.177636 -0.556281 0.669024 0.492907 -0.556281 0.669024 0.492907 -0.701531 0.349694 0.620941 -0.332992 0.348029 0.876352 -0.264147 0.666919 0.696739 0.112476 0.346019 0.931461 0.090189 0.664358 0.741953 0.532957 0.344097 0.773017 0.425879 0.661911 0.616848 0.425879 0.661911 0.616848 0.665103 0.660168 0.349021 0.751666 0.659544 0.000003 0.693193 0.622503 -0.363281 0.444462 0.624261 -0.642458 0.444462 0.624261 -0.642458 0.094896 0.626739 -0.773429 -0.274688 0.629383 -0.726928 -0.579913 0.631547 -0.514635 -0.579913 0.631547 -0.514635 -0.751781 0.632770 -0.185546 -0.751781 0.632772 0.185538 -0.579918 0.631544 0.514633 -0.579918 0.631544 0.514633 -0.274695 0.629382 0.726926 0.094905 0.626750 0.773420 0.444460 0.624266 0.642454 0.444460 0.624266 0.642454 0.693191 0.622501 0.363287 0.783126 0.621863 0.000004 0.000000 -1.000000 0.000000 0.000000 -1.000000 0.000000 0.000000 -1.000000 0.000002 0.000000 -1.000000 0.000000 0.000000 -1.000000 0.000000 0.000000 -1.000000 0.000014 0.000000 -1.000000 0.000014 0.000000 -1.000000 0.000000 
						0.000000 -1.000000 0.000000 0.000000 -1.000000 0.000000 0.000000 -1.000000 0.000000 0.000000 -1.000000 0.000000 0.000000 -1.000000 0.000000 0.000000 -1.000000 0.000000 0.261132 0.955537 -0.136966 0.167760 0.955457 -0.242815 -0.000434 1.000000 -0.000004 0.035769 0.955345 -0.293320 -0.104780 0.955227 -0.276698 -0.221643 0.955127 -0.196487 -0.287767 0.955068 -0.070960 -0.287763 0.955070 0.070949 -0.221640 0.955130 0.196473 -0.104781 0.955228 0.276695 0.035770 0.955346 0.293316 0.167755 0.955458 0.242813 0.261128 0.955539 0.136956 0.294773 0.955567 -0.000011 
					</float_array>
					<technique_common>
						<accessor count="148" offset="0" source="#meshId26-normals-array" stride="3">
							<param name="X" type="float" />
							<param name="Y" type="float" />
							<param name="Z" type="float" />
						</accessor>
					</technique_common>
				</source>
				<source id="meshId26-tangents" name="meshId26-tangents">
					<float_array id="meshId26-tangents-array" count="444"> 
						0.788615 0.589210 0.175836 0.821458 0.549489 0.152543 0.924737 0.365470 0.106270 0.913525 0.380012 0.145128 0.996373 0.082033 0.022639 0.995835 0.086554 0.028667 0.971773 -0.223117 -0.076650 0.965744 -0.244067 -0.088147 0.878799 -0.448508 -0.162951 0.855844 -0.482394 -0.186619 -0.772453 0.621237 -0.131834 -0.805511 0.573341 -0.149773 -0.775129 0.627372 -0.074701 -0.735136 0.675851 -0.052910 -0.780260 0.624290 0.038160 -0.734721 0.676084 0.055647 -0.816965 0.564098 0.119838 -0.773992 0.620076 0.128227 0.856064 -0.481079 0.188988 0.878832 -0.448281 0.163394 0.971602 -0.224485 0.074804 0.965604 -0.245036 0.086988 0.996629 0.076650 -0.029233 0.995962 0.084177 -0.031221 0.925407 0.362191 -0.111530 0.913218 0.381585 -0.142916 0.821541 0.548856 -0.154361 0.787794 0.593584 -0.164437 0.729906 0.672351 0.123216 0.790246 0.609650 0.061949 0.766437 0.642257 0.008969 0.722376 0.691479 0.005473 0.795692 0.604490 -0.038297 0.734873 0.669614 -0.107603 0.348053 0.934800 -0.070767 0.748002 0.609614 -0.262419 0.375929 0.914752 -0.148004 0.826341 0.408159 0.388029 0.991266 0.104038 0.081047 0.922619 -0.312123 -0.226614 0.674964 -0.605603 -0.421508 -0.347681 0.928541 -0.130118 -0.355283 0.934532 -0.020589 -0.352874 0.935146 0.031325 -0.346423 0.928790 0.131681 0.676842 -0.599637 0.426990 0.922835 -0.311137 0.227089 0.991430 0.101766 -0.081913 0.826506 0.407383 -0.388492 0.377400 0.914340 0.146807 0.733329 0.618037 0.283300 0.352769 0.933724 0.060944 0.342233 0.939575 -0.008649 -0.353645 0.933510 0.059106 -0.388673 0.911048 0.137568 0.195149 -0.938934 -0.283407 -0.195537 -0.938934 0.283138 -0.041513 -0.938229 0.343515 0.041446 -0.938228 -0.343526 0.123425 -0.937486 0.325403 -0.123872 -0.937484 -0.325236 0.122725 0.937484 0.325672 -0.123871 0.937486 -0.325233 0.341575 0.929716 0.137680 
						0.352075 0.935323 0.034850 0.354671 0.934700 -0.023336 0.343338 0.929386 -0.135501 -0.124256 0.937483 0.325095 0.123619 0.937484 -0.325335 -0.123429 -0.937484 0.325407 0.123873 -0.937483 -0.325240 -0.041447 -0.938228 -0.343526 0.041515 -0.938228 0.343519 -0.195148 -0.938934 -0.283408 0.195540 -0.938934 0.283138 -0.386663 0.911652 -0.139223 -0.349245 0.934540 -0.068290 -0.342234 0.939574 -0.008736 -0.663563 0.736867 0.129270 -0.702098 0.671791 0.236128 0.900179 -0.378641 0.215196 0.827375 -0.403270 0.390926 0.991818 -0.096067 0.084075 0.995285 -0.086822 0.043233 0.921832 0.315657 -0.224915 0.957160 0.270117 -0.104316 0.675830 0.602878 -0.424018 0.824577 0.517979 -0.227532 0.708930 0.691536 0.138552 0.672365 0.738019 0.057038 0.672321 0.738039 -0.057294 0.706384 0.693117 -0.143565 0.824334 0.519213 0.225592 0.674276 0.607741 0.419527 0.921620 0.316596 0.224462 0.957171 0.270046 0.104394 0.991660 -0.098454 -0.083171 0.995164 -0.089238 -0.041063 0.827614 -0.402127 -0.391599 0.900149 -0.378857 -0.214940 -0.705431 0.669829 -0.231724 -0.664043 0.736662 -0.127967 -0.659544 0.751666 -0.000493 -0.619580 0.772179 0.140926 -0.654778 0.715837 0.242576 0.889948 -0.389542 0.237170 0.994492 -0.094415 0.045511 0.953264 0.277191 -0.120219 0.806954 0.532074 -0.256363 0.676009 0.725576 0.128653 0.637452 0.769393 0.041091 0.632178 0.771642 -0.070142 0.663303 0.732790 -0.151812 0.806870 0.532482 0.255780 0.953220 0.277436 0.120001 0.994349 -0.096819 -0.043557 0.889849 -0.390201 -0.236457 -0.671273 0.706999 -0.222587 -0.630926 0.767760 -0.111700 -0.621737 0.782967 0.020170 0.999995 0.000000 0.003241 1.000000 0.000000 0.000723 1.000000 -0.000000 -0.000170 0.999999 0.000000 0.001273 0.999997 0.000000 -0.002618 0.999999 -0.000000 -0.001504 1.000000 -0.000000 -0.000124 1.000000 0.000000 -0.000138 
						0.999999 0.000000 0.001172 0.999997 0.000000 0.002223 0.999999 0.000000 -0.001571 0.999994 0.000000 -0.003579 0.999999 0.000000 -0.001127 1.000000 0.000000 -0.000177 0.964637 -0.263583 0.000248 0.985029 -0.172377 0.002264 1.000000 0.000434 0.000125 0.999302 -0.037346 0.000223 0.994192 0.107482 -0.005426 0.974269 0.225359 -0.003527 0.957478 0.288505 0.000159 0.957483 0.288490 0.000003 0.974278 0.225321 0.003707 0.994199 0.107408 0.005690 0.999298 -0.037452 0.000120 0.985018 -0.172438 -0.001994 0.964629 -0.263610 -0.000014 0.955567 -0.294773 0.000149 
					</float_array>
					<technique_common>
						<accessor count="148" offset="0" source="#meshId26-tangents-array" stride="3">
							<param name="X" type="float" />
							<param name="Y" type="float" />
							<param name="Z" type="float" />
						</accessor>
					</technique_common>
				</source>
				<source id="meshId26-bitangents" name="meshId26-bitangents">
					<float_array id="meshId26-bitangents-array" count="444"> 
						0.062058 -0.360772 0.930587 0.046631 -0.331321 0.942365 0.110627 -0.525253 0.843724 0.110393 -0.574981 0.810685 0.034455 -0.632124 0.774101 0.038181 -0.681382 0.730931 -0.073283 -0.594318 0.800884 -0.091909 -0.639378 0.763380 -0.062187 -0.446205 0.892767 -0.081841 -0.482555 0.872034 0.377469 0.282183 -0.881981 0.356802 0.267466 -0.895072 0.152871 0.071513 -0.985655 0.148912 0.084847 -0.985204 -0.124070 -0.094691 -0.987745 -0.150956 -0.082971 -0.985052 -0.329739 -0.286443 -0.899568 -0.374305 -0.284719 -0.882514 0.079512 0.483861 0.871525 0.061750 0.446431 0.892685 0.075522 0.593801 0.801060 0.093373 0.638999 0.763520 -0.025968 0.632792 0.773887 -0.034704 0.681675 0.730832 -0.104860 0.527522 0.843045 -0.112888 0.573940 0.811079 -0.045050 0.332381 0.942069 -0.071705 0.353536 0.932669 -0.304956 0.158978 0.939004 -0.229062 0.200118 0.952619 -0.006875 -0.005761 0.999960 -0.003954 -0.003785 0.999985 0.209384 -0.215182 0.953863 0.292790 -0.170123 0.940921 0.432606 -0.093185 0.896754 0.535918 -0.321534 0.780646 0.758050 -0.211722 0.616875 0.181996 -0.845579 0.501870 0.068865 -0.932443 0.354693 -0.194664 -0.884001 0.425027 -0.228647 -0.714815 0.660878 0.622073 0.124609 -0.772980 0.216535 0.060854 -0.974376 -0.220439 -0.050553 -0.974090 -0.622772 -0.122730 -0.772718 0.223023 0.719825 0.657352 0.193632 0.884346 0.424781 -0.066448 0.932693 0.354498 -0.181235 0.845953 0.501515 -0.757316 0.213496 0.617164 -0.555823 0.305033 0.773314 -0.428771 0.103415 0.897475 0.002960 0.008127 0.999963 0.428043 0.105325 0.897600 0.751591 0.227132 0.619292 -0.823330 0.000191 -0.567563 -0.823242 0.000255 -0.567691 -0.992787 0.000032 -0.119890 -0.992790 0.000032 -0.119867 -0.934818 0.000191 0.355126 -0.934758 0.000255 0.355285 0.934909 0.000895 -0.354885 0.934759 0.000256 -0.355282 0.625447 -0.115512 -0.771669 
						0.221714 -0.047168 -0.973970 -0.217536 0.058219 -0.974315 -0.624478 0.118135 -0.772057 -0.934708 -0.000639 -0.355417 -0.934791 0.000000 -0.355197 0.934816 0.000191 0.355131 0.934758 0.000255 0.355284 0.992790 0.000032 -0.119868 0.992787 0.000032 -0.119893 0.823332 0.000191 -0.567559 0.823238 0.000255 -0.567696 -0.752628 -0.224697 0.618920 -0.431644 -0.095766 0.896946 -0.002992 0.008208 0.999962 0.342516 0.145614 0.928159 0.570688 0.332525 0.750828 -0.091124 -0.646921 -0.757093 -0.177217 -0.847921 -0.499624 -0.060392 -0.933297 -0.353991 -0.035697 -0.742360 -0.669050 0.198351 -0.882745 -0.425933 0.118631 -0.694447 -0.709697 0.226077 -0.717114 -0.659270 0.103092 -0.533012 -0.839804 0.433559 -0.272364 -0.858979 0.169330 -0.078338 -0.982441 -0.169502 0.078143 -0.982427 -0.437691 0.268319 -0.858156 -0.104997 0.531813 -0.840328 -0.230665 0.712997 -0.662139 -0.199330 0.882407 -0.426174 -0.118529 0.694474 -0.709688 0.062927 0.933047 -0.354207 0.038930 0.742068 -0.669193 0.176103 0.848464 -0.499095 0.091426 0.646793 -0.757166 -0.566563 -0.336457 0.752199 -0.341590 -0.146654 0.928337 -0.000327 0.000368 1.000000 0.368245 0.127393 0.920960 0.611326 0.312852 0.726915 -0.102209 -0.677167 -0.728696 -0.044500 -0.773488 -0.632247 0.125834 -0.725977 -0.676109 0.111918 -0.563955 -0.818186 0.454657 -0.273290 -0.847702 0.168759 -0.087385 -0.981776 -0.187553 0.064562 -0.980130 -0.472994 0.253319 -0.843864 -0.112496 0.563574 -0.818370 -0.126149 0.725884 -0.676150 0.047582 0.773182 -0.632396 0.103074 0.676783 -0.728931 -0.593168 -0.332331 0.733286 -0.348451 -0.151778 0.924957 0.012540 -0.015798 0.999797 -0.003241 0.000000 0.999995 -0.000723 0.000000 1.000000 0.000170 0.000002 1.000000 -0.001273 0.000000 0.999999 0.002618 0.000000 0.999997 0.001504 0.000014 0.999999 0.000124 0.000014 1.000000 0.000138 0.000000 1.000000 
						-0.001172 0.000000 0.999999 -0.002223 0.000000 0.999997 0.001571 0.000000 0.999999 0.003579 0.000000 0.999994 0.001127 0.000000 0.999999 0.000177 0.000000 1.000000 -0.035865 -0.132187 -0.990576 -0.039693 -0.239559 -0.970070 0.000125 -0.000004 -1.000000 -0.010741 -0.293123 -0.956014 0.024557 -0.275659 -0.960942 0.040911 -0.192213 -0.980500 0.020624 -0.067897 -0.997479 -0.020465 0.067933 -0.997480 -0.040729 0.192241 -0.980502 -0.024284 0.275686 -0.960941 0.011100 0.293106 -0.956016 0.039966 0.239510 -0.970071 0.036090 0.132115 -0.990577 0.000139 -0.000054 -1.000000 
					</float_array>
					<technique_common>
						<accessor count="148" offset="0" source="#meshId26-bitangents-array" stride="3">
							<param name="X" type="float" />
							<param name="Y" type="float" />
							<param name="Z" type="float" />
						</accessor>
					</technique_common>
				</source>
				<source id="meshId26-tex0" name="meshId26-tex0">
					<float_array id="meshId26-tex0-array" count="296"> 
						0.863255 0.181349 0.859073 0.184000 0.855535 0.180005 0.858202 0.175823 0.850643 0.178138 0.851169 0.173187 0.845460 0.178769 0.843738 0.174065 0.841102 0.181788 0.837678 0.178185 0.860306 0.499394 0.855347 0.497128 0.856286 0.491628 0.861237 0.492300 0.856287 0.485766 0.861238 0.485096 0.855350 0.480266 0.860310 0.478001 0.837674 0.200223 0.841099 0.196621 0.845456 0.199642 0.843733 0.204345 0.850639 0.200275 0.851163 0.205226 0.855531 0.198409 0.858197 0.202592 0.859071 0.194416 0.863252 0.197068 0.889001 0.444840 0.883996 0.443139 0.884420 0.437536 0.889318 0.437536 0.883995 0.431933 0.889000 0.430232 0.892880 0.429393 0.888399 0.423051 0.892596 0.421153 0.860117 0.172319 0.851592 0.169201 0.842304 0.170307 0.834889 0.175275 0.864673 0.500960 0.865027 0.492735 0.865029 0.484662 0.864678 0.476437 0.834884 0.203132 0.842297 0.208103 0.851585 0.209212 0.860111 0.206097 0.892597 0.453919 0.888401 0.452021 0.892881 0.445678 0.893001 0.437536 0.896566 0.429396 0.897192 0.421179 0.953569 0.000001 0.957377 0.000000 0.957378 0.008540 0.953570 0.008540 0.957379 0.017079 0.953571 0.017080 0.868662 0.509571 0.864799 0.509570 0.868791 0.500971 
						0.868571 0.492741 0.868573 0.484658 0.868796 0.476427 0.864807 0.467827 0.868670 0.467827 0.159610 0.000001 0.163418 0.000000 0.163420 0.008540 0.159611 0.008540 0.163421 0.017079 0.159613 0.017080 0.897194 0.453892 0.896567 0.445675 0.896464 0.437535 0.900377 0.430235 0.901518 0.423146 0.580114 0.329366 0.582034 0.332865 0.573529 0.335928 0.573120 0.331938 0.564098 0.334770 0.565531 0.331009 0.556589 0.329751 0.559367 0.326833 0.873108 0.499460 0.872387 0.492319 0.872389 0.485081 0.873112 0.477941 0.559370 0.303625 0.556593 0.300706 0.564102 0.295689 0.565535 0.299451 0.573534 0.294533 0.573124 0.298524 0.582038 0.297598 0.580117 0.301097 0.901520 0.451925 0.900378 0.444835 0.900154 0.437535 0.904424 0.431023 0.905552 0.424946 0.578381 0.325744 0.572769 0.327884 0.566915 0.327170 0.561984 0.323743 0.877222 0.498048 0.876472 0.491916 0.876473 0.485486 0.877225 0.479353 0.561986 0.306715 0.566917 0.303289 0.572772 0.302577 0.578383 0.304719 0.905553 0.450124 0.904425 0.444047 0.904173 0.437535 0.855535 0.180005 0.859073 0.184000 0.849263 0.189206 0.850643 0.178138 0.845460 0.178769 0.841102 0.181788 0.838582 0.186528 0.838581 0.191881 
						0.841099 0.196621 0.845456 0.199642 0.850639 0.200275 0.855531 0.198409 0.859071 0.194416 0.860370 0.189208 0.582495 0.321169 0.578381 0.325744 0.571292 0.315230 0.572769 0.327884 0.566915 0.327170 0.561984 0.323743 0.559095 0.318300 0.559095 0.312158 0.561986 0.306715 0.566917 0.303289 0.572772 0.302577 0.578383 0.304719 0.582496 0.309294 0.583977 0.315232 
					</float_array>
					<technique_common>
						<accessor count="148" offset="0" source="#meshId26-tex0-array" stride="2">
							<param name="S" type="float" />
							<param name="T" type="float" />
						</accessor>
					</technique_common>
				</source>
				<vertices id="meshId26-vertices">
					<input semantic="POSITION" source="#meshId26-positions" />
				</vertices>
				<polylist count="156" material="defaultMaterial">
					<input offset="0" semantic="VERTEX" source="#meshId26-vertices" />
					<input offset="0" semantic="NORMAL" source="#meshId26-normals" />
					<input offset="0" semantic="TANGENT" source="#meshId26-tangents" />
					<input offset="0" semantic="BINORMAL" source="#meshId26-bitangents" />
					<input offset="0" semantic="TEXCOORD" source="#meshId26-tex0" set="0" />
					<vcount>
						3 3 3 3 3 3 3 3 3 3 3 3 3 3 3 3 3 3 3 3 3 3 3 3 3 3 3 3 3 3 3 3 3 3 3 3 3 3 3 3 3 3 3 3 3 3 3 3 3 3 3 3 3 3 3 3 3 3 3 3 3 3 3 3 
						3 3 3 3 3 3 3 3 3 3 3 3 3 3 3 3 3 3 3 3 3 3 3 3 3 3 3 3 3 3 3 3 3 3 3 3 3 3 3 3 3 3 3 3 3 3 3 3 3 3 3 3 3 3 3 3 3 3 3 3 3 3 3 3 
						3 3 3 3 3 3 3 3 3 3 3 3 3 3 3 3 3 3 3 3 3 3 3 3 3 3 3 3 
					</vcount>
					<p>
						0 1 2 2 3 0 3 2 4 4 5 3 5 4 6 6 7 5 7 6 8 8 9 7 10 11 12 12 13 10 13 12 14 14 15 13 15 14 16 16 17 15 18 19 20 20 21 18 21 20 22 22 23 21 23 22 24 24 25 23 25 24 26 26 27 25 28 29 30 30 31 28 31 30 32 32 33 31 34 33 35 35 36 34 37 3 5 5 38 37 38 5 7 7 39 38 39 7 9 9 40 39 41 10 13 13 42 41 42 13 15 15 43 42 43 15 17 17 44 43 45 18 21 21 46 45 46 21 23 23 47 46 47 23 25 25 48 47 49 50 28 28 51 49 51 28 31 31 52 51 52 31 33 33 34 52 53 34 36 36 54 53 55 56 57 57 58 55 58 57 59 59 60 58 61 62 41 41 63 61 63 41 42 42 64 63 64 42 43 43 65 64 
						65 43 44 44 66 65 66 44 67 67 68 66 69 70 71 71 72 69 72 71 73 73 74 72 75 49 51 51 76 75 76 51 52 52 77 76 77 52 34 34 53 77 78 53 54 54 79 78 80 81 82 82 83 80 83 82 84 84 85 83 85 84 86 86 87 85 88 63 64 64 89 88 89 64 65 65 90 89 90 65 66 66 91 90 92 93 94 94 95 92 95 94 96 96 97 95 97 96 98 98 99 97 100 75 76 76 101 100 101 76 77 77 102 101 102 77 53 53 78 102 103 78 79 79 104 103 105 80 83 83 106 105 106 83 85 85 107 106 107 85 87 87 108 107 109 88 89 89 110 109 110 89 90 90 111 110 111 90 91 91 112 111 113 92 95 95 114 113 114 95 97 97 115 114 115 97 99 99 116 115 117 100 101 101 118 117 118 101 102 102 119 118 
						119 102 78 78 103 119 120 121 122 123 120 122 124 123 122 125 124 122 126 125 122 127 126 122 128 127 122 129 128 122 130 129 122 131 130 122 132 131 122 133 132 122 121 133 122 134 135 136 135 137 136 137 138 136 138 139 136 139 140 136 140 141 136 141 142 136 142 143 136 143 144 136 144 145 136 145 146 136 146 147 136 147 134 136 
					</p>
				</polylist>
			</mesh>
		</geometry>
		<geometry id="meshId27" name="meshId27_name" >
			<mesh>
				<source id="meshId27-positions" name="meshId27-positions">
					<float_array id="meshId27-positions-array" count="411"> 
						-17.707047 10.924373 31.669258 -17.743172 10.747368 31.688534 -17.780943 10.747368 31.645899 -17.757984 10.924373 31.611761 -17.757984 10.924373 31.611761 -17.780943 10.747368 31.645899 -17.834202 10.747368 31.625698 -17.829805 10.924373 31.584522 -17.890747 10.747368 31.632566 -17.906059 10.924373 31.593782 -17.906059 10.924373 31.593782 -17.890747 10.747368 31.632566 -17.937624 10.747368 31.664925 -17.969275 10.924373 31.637417 -17.964096 10.747368 31.715359 -18.004972 10.924373 31.705433 -17.964096 10.747368 31.772320 -18.004972 10.924373 31.782246 -17.937624 10.747368 31.822754 -17.969275 10.924373 31.850262 -17.890747 10.747368 31.855112 -17.906059 10.924373 31.893896 -17.906059 10.924373 31.893896 -17.890747 10.747368 31.855112 -17.834202 10.747368 31.861979 -17.829805 10.924373 31.903156 -17.780943 10.747368 31.841780 -17.757984 10.924373 31.875916 -17.757984 10.924373 31.875916 -17.780943 10.747368 31.841780 -17.743172 10.747368 31.799145 -17.707047 10.924373 31.818420 -17.729540 10.747368 31.743839 -17.688663 10.924373 31.743839 -17.695154 11.004203 31.662910 -17.750425 11.004203 31.600525 -17.750425 11.004203 31.600525 -17.828358 11.004203 31.570969 -17.911100 11.004203 31.581013 -17.911100 11.004203 31.581013 -17.979694 11.004203 31.628361 -18.018429 11.004203 31.702164 -18.018429 11.004203 31.785515 -17.979694 11.004203 31.859318 -17.911100 11.004203 31.906666 -17.911100 11.004203 31.906666 -17.828358 11.004203 31.916710 -17.750425 11.004203 31.887154 -17.750425 11.004203 31.887154 -17.695154 11.004203 31.824766 -17.675207 11.004203 31.743839 -17.695154 11.526498 31.662910 -17.750425 11.526498 31.600525 -17.750425 11.526498 31.600525 -17.828358 11.526498 31.570969 -17.911100 11.526498 31.581013 -17.911100 11.526498 31.581013 -17.979694 11.526498 31.628361 -18.018429 11.526498 31.702164 -18.018429 11.526498 31.785515 -17.979694 11.526498 31.859318 -17.911100 11.526498 31.906666 -17.911100 11.526498 31.906666 -17.828358 11.526498 31.916710 
						-17.750425 11.526498 31.887154 -17.750425 11.526498 31.887154 -17.695154 11.526498 31.824766 -17.675207 11.526498 31.743839 -17.695293 11.573847 31.662987 -17.750513 11.573847 31.600657 -17.750513 11.573847 31.600657 -17.828375 11.573847 31.571129 -17.911039 11.573847 31.581165 -17.911039 11.573847 31.581165 -17.979572 11.573847 31.628469 -18.018270 11.573847 31.702202 -18.018270 11.573847 31.785477 -17.979572 11.573847 31.859207 -17.911039 11.573847 31.906513 -17.911039 11.573847 31.906513 -17.828375 11.573847 31.916550 -17.750513 11.573847 31.887020 -17.750513 11.573847 31.887020 -17.695293 11.573847 31.824692 -17.675365 11.573847 31.743839 -17.731085 11.750852 31.682083 -17.773262 11.750852 31.634476 -17.773262 11.750852 31.634476 -17.832731 11.750852 31.611923 -17.895870 11.750852 31.619591 -17.895870 11.750852 31.619591 -17.948215 11.750852 31.655720 -17.977772 11.750852 31.712036 -17.977772 11.750852 31.775640 -17.948215 11.750852 31.831959 -17.895870 11.750852 31.868088 -17.895870 11.750852 31.868088 -17.832731 11.750852 31.875755 -17.773262 11.750852 31.853203 -17.773262 11.750852 31.853203 -17.731085 11.750852 31.805595 -17.715864 11.750852 31.743839 -17.780943 10.747368 31.645899 -17.743172 10.747368 31.688534 -17.849150 10.724031 31.743839 -17.834202 10.747368 31.625698 -17.890747 10.747368 31.632566 -17.937624 10.747368 31.664925 -17.964096 10.747368 31.715359 -17.964096 10.747368 31.772320 -17.937624 10.747368 31.822754 -17.890747 10.747368 31.855112 -17.834202 10.747368 31.861979 -17.780943 10.747368 31.841780 -17.743172 10.747368 31.799145 -17.729540 10.747368 31.743839 -17.731085 11.750852 31.682083 -17.773262 11.750852 31.634476 -17.849150 11.963326 31.743839 -17.773262 11.750852 31.634476 -17.832731 11.750852 31.611923 -17.849150 11.963326 31.743839 -17.895870 11.750852 31.619591 -17.948215 11.750852 31.655720 -17.948215 11.750852 31.655720 -17.977772 11.750852 31.712036 -17.849150 11.963326 31.743839 -17.977772 11.750852 31.775640 
						-17.948215 11.750852 31.831959 -17.948215 11.750852 31.831959 -17.895870 11.750852 31.868088 -17.849150 11.963326 31.743839 -17.832731 11.750852 31.875755 -17.773262 11.750852 31.853203 -17.773262 11.750852 31.853203 -17.731085 11.750852 31.805595 -17.715864 11.750852 31.743839 
					</float_array>
					<technique_common>
						<accessor count="137" offset="0" source="#meshId27-positions-array" stride="3">
							<param name="X" type="float" />
							<param name="Y" type="float" />
							<param name="Z" type="float" />
						</accessor>
					</technique_common>
				</source>
				<source id="meshId27-normals" name="meshId27-normals">
					<float_array id="meshId27-normals-array" count="411"> 
						0.866762 -0.204164 -0.455018 0.862777 -0.225371 -0.452574 0.553648 -0.226372 -0.801392 0.555861 -0.205077 -0.805582 0.555861 -0.205077 -0.805582 0.553648 -0.226372 -0.801392 0.117845 -0.227781 -0.966555 0.117755 -0.206360 -0.971365 -0.344751 -0.229275 -0.910264 -0.347044 -0.207722 -0.914556 -0.347044 -0.207722 -0.914556 -0.344751 -0.229275 -0.910264 -0.728146 -0.230513 -0.645498 -0.732092 -0.208851 -0.648400 -0.944603 -0.231211 -0.232952 -0.949409 -0.209483 -0.233964 -0.944603 -0.231211 0.232951 -0.949409 -0.209484 0.233964 -0.728146 -0.230517 0.645497 -0.732091 -0.208854 0.648401 -0.344750 -0.229279 0.910263 -0.347044 -0.207722 0.914556 -0.347044 -0.207722 0.914556 -0.344750 -0.229279 0.910263 0.117845 -0.227779 0.966555 0.117755 -0.206359 0.971365 0.553649 -0.226366 0.801394 0.555861 -0.205074 0.805582 0.555861 -0.205074 0.805582 0.553649 -0.226366 0.801394 0.862776 -0.225369 0.452577 0.866761 -0.204164 0.455019 0.974356 -0.225013 -0.000002 0.979005 -0.203835 -0.000002 0.885245 -0.021136 -0.464644 0.567897 -0.021233 -0.822826 0.567897 -0.021233 -0.822826 0.120475 -0.021369 -0.992486 -0.354555 -0.021514 -0.934788 -0.354555 -0.021514 -0.934788 -0.748363 -0.021634 -0.662936 -0.970717 -0.021701 -0.239245 -0.970716 -0.021701 0.239246 -0.748361 -0.021634 0.662939 -0.354551 -0.021513 0.934789 -0.354551 -0.021513 0.934789 0.120475 -0.021369 0.992486 0.567897 -0.021234 0.822826 0.567897 -0.021234 0.822826 0.885245 -0.021137 0.464644 0.999777 -0.021101 0.000000 0.885453 0.000281 -0.464728 0.568057 0.000281 -0.822989 0.568057 0.000281 -0.822989 0.120550 0.000283 -0.992707 -0.354596 0.000287 -0.935019 -0.354596 0.000287 -0.935019 -0.748517 0.000289 -0.663115 -0.970943 0.000287 -0.239312 -0.970943 0.000287 0.239312 -0.748515 0.000289 0.663118 -0.354592 0.000287 0.935021 -0.354592 0.000287 0.935021 0.120550 0.000282 0.992707 
						0.568057 0.000280 0.822989 0.568057 0.000280 0.822989 0.885454 0.000280 0.464728 1.000000 0.000279 0.000000 0.872093 0.172552 -0.457908 0.559199 0.173325 -0.810713 0.559199 0.173325 -0.810713 0.118306 0.174417 -0.977539 -0.349429 0.175581 -0.920364 -0.349429 0.175581 -0.920364 -0.736922 0.176543 -0.652517 -0.955620 0.177081 -0.235440 -0.955621 0.177080 0.235439 -0.736923 0.176544 0.652516 -0.349429 0.175584 0.920364 -0.349429 0.175584 0.920364 0.118304 0.174418 0.977539 0.559199 0.173323 0.810713 0.559199 0.173323 0.810713 0.872092 0.172551 0.457910 0.985049 0.172272 -0.000001 0.863183 0.223389 -0.452782 0.553891 0.224378 -0.801785 0.553891 0.224378 -0.801785 0.117884 0.225773 -0.967021 -0.344912 0.227251 -0.910710 -0.344912 0.227251 -0.910710 -0.728501 0.228480 -0.645820 -0.945074 0.229179 -0.233048 -0.945075 0.229178 0.233048 -0.728501 0.228480 0.645820 -0.344911 0.227255 0.910709 -0.344911 0.227255 0.910709 0.117884 0.225775 0.967021 0.553891 0.224377 0.801785 0.553891 0.224377 0.801785 0.863182 0.223390 0.452785 0.974810 0.223035 -0.000001 0.109131 -0.981415 -0.157845 0.169687 -0.981474 -0.088962 -0.000488 -1.000000 0.000001 0.023355 -0.981335 -0.190884 -0.068205 -0.981245 -0.180294 -0.144486 -0.981171 -0.128167 -0.187716 -0.981131 -0.046313 -0.187719 -0.981130 0.046312 -0.144488 -0.981171 0.128167 -0.068200 -0.981245 0.180296 0.023355 -0.981334 0.190888 0.109133 -0.981414 0.157848 0.169692 -0.981474 0.088963 0.191487 -0.981495 0.000000 0.750207 0.531281 -0.393613 0.481548 0.530908 -0.697315 -0.000676 1.000000 0.000000 0.481548 0.530908 -0.697315 0.102386 0.530385 -0.841551 -0.000676 1.000000 0.000000 -0.300535 0.529837 -0.793065 -0.634911 0.529399 -0.562694 -0.634911 0.529399 -0.562694 -0.823870 0.529135 -0.203111 -0.000676 1.000000 0.000000 -0.823870 0.529135 0.203111 
						-0.634909 0.529405 0.562691 -0.634909 0.529405 0.562691 -0.300532 0.529842 0.793062 -0.000676 1.000000 0.000000 0.102386 0.530385 0.841551 0.481550 0.530901 0.697319 0.481550 0.530901 0.697319 0.750215 0.531268 0.393614 0.847118 0.531405 0.000000 
					</float_array>
					<technique_common>
						<accessor count="137" offset="0" source="#meshId27-normals-array" stride="3">
							<param name="X" type="float" />
							<param name="Y" type="float" />
							<param name="Z" type="float" />
						</accessor>
					</technique_common>
				</source>
				<source id="meshId27-tangents" name="meshId27-tangents">
					<float_array id="meshId27-tangents-array" count="411"> 
						-0.456720 0.041536 -0.888641 -0.452835 0.053630 -0.889980 -0.797615 0.132436 -0.588448 -0.806579 0.101406 -0.582364 0.831274 0.138799 0.538255 0.832750 0.151369 0.532554 0.992077 0.069690 0.104533 0.992235 0.063887 0.106713 0.936025 -0.010884 -0.351766 0.935123 -0.002354 -0.354314 -0.914809 -0.139846 0.378903 -0.906929 -0.168775 0.385998 -0.646765 -0.080729 0.758405 -0.653264 -0.054572 0.755161 -0.233760 -0.024291 0.971991 -0.236113 -0.015056 0.971609 0.233192 0.026685 0.972065 0.235211 0.019301 0.971753 0.646384 0.082352 0.758555 0.651805 0.061857 0.755859 0.908178 0.163780 0.385213 0.918480 0.121883 0.376216 0.935342 -0.005413 0.353702 0.936060 -0.011369 0.351657 0.992029 0.070748 -0.104278 0.992004 0.069170 -0.105562 0.832750 0.149455 -0.533096 0.831262 0.131753 -0.540041 0.803708 -0.114917 -0.583822 0.796793 -0.135735 -0.588810 0.453249 -0.051844 -0.889875 0.457978 -0.035355 -0.888260 0.000242 0.001055 -0.999999 0.000470 0.002269 -0.999997 -0.464397 0.015678 -0.885488 -0.822672 0.017592 -0.568244 0.821557 0.075804 0.565065 0.991133 0.059035 0.119040 0.933392 0.051106 -0.355202 -0.933904 -0.041022 0.355164 -0.662686 -0.018238 0.748676 -0.239179 -0.005620 0.970959 0.239097 0.009251 0.970952 0.662511 0.024103 0.748664 0.934580 0.023101 0.355003 0.933535 0.048499 0.355191 0.990874 0.063472 -0.118913 0.821909 0.068371 -0.565500 0.822255 -0.030648 -0.568294 0.464526 -0.010487 -0.885497 0.000041 0.001962 -0.999998 -0.464712 -0.007934 -0.885427 -0.822770 -0.022860 -0.567914 0.821771 0.054198 0.567235 0.991319 0.052840 0.120396 0.933223 0.062066 -0.353896 -0.934964 0.010830 0.354579 -0.662971 0.020531 0.748363 -0.239301 0.008502 0.970908 0.239308 -0.004709 0.970932 0.663051 -0.013944 0.748445 0.934603 -0.029808 0.354443 0.933429 0.058433 0.353970 0.990999 0.058605 -0.120359 
						0.822096 0.046398 -0.567456 0.822963 0.007836 -0.568042 0.464677 0.014302 -0.885365 -0.000001 0.002193 -0.999998 -0.460367 -0.027900 -0.887290 -0.808375 -0.102952 -0.579596 0.823622 -0.004600 0.567120 0.990790 0.044576 0.127863 0.935977 0.110471 -0.334281 -0.925188 0.090579 0.368541 -0.655883 0.046873 0.753406 -0.236059 0.017872 0.971574 0.237277 -0.011030 0.971379 0.656765 -0.041507 0.752952 0.921873 -0.111155 0.371208 0.936176 0.105676 0.335272 0.990170 0.053261 -0.129336 0.824768 -0.017236 -0.565209 0.812585 0.079241 -0.577431 0.458741 0.037436 -0.887781 -0.000644 0.003674 -0.999993 -0.445709 -0.084146 -0.891214 -0.779781 -0.197702 -0.594017 0.828999 -0.059299 0.556097 0.991368 0.029515 0.127743 0.937323 0.134679 -0.321384 -0.911386 0.151006 0.382849 -0.643857 0.093597 0.759400 -0.227892 0.049099 0.972448 0.230382 -0.038710 0.972330 0.643460 -0.095236 0.759532 0.909294 -0.159802 0.384251 0.937499 0.131139 0.322333 0.990836 0.037911 -0.129639 0.829909 -0.071577 -0.553289 0.785483 0.178501 -0.592582 0.442837 0.095780 -0.891472 -0.001086 0.004741 -0.999988 0.993875 0.110511 0.000036 0.985381 0.170362 0.000001 1.000000 -0.000488 -0.000000 0.999717 0.023805 -0.000066 0.997594 -0.069322 -0.000105 0.989331 -0.145682 -0.000041 0.982185 -0.187916 -0.000035 0.982185 -0.187919 0.000036 0.989331 -0.145685 0.000039 0.997594 -0.069320 0.000087 0.999717 0.023805 0.000063 0.993874 0.110515 -0.000022 0.985381 0.170368 0.000000 0.981495 0.191487 0.000000 -0.414157 -0.086480 -0.906088 -0.704175 -0.239306 -0.668483 -0.000076 -0.000000 -1.000000 0.858391 -0.125157 0.497494 0.990122 0.027125 0.137557 0.997560 0.000674 -0.069817 0.953055 0.134609 -0.271233 0.761124 0.303621 -0.573153 -0.556183 0.192317 0.808502 -0.213669 0.041959 0.976005 0.000033 0.000000 1.000000 0.213720 -0.041876 0.975997 
						0.556285 -0.192156 0.808470 0.761073 0.303305 0.573389 0.953045 0.134363 0.271390 0.997550 0.000674 0.069950 0.990140 0.026966 -0.137459 0.858425 -0.125316 -0.497397 0.703964 0.239639 -0.668587 0.413999 0.086735 -0.906136 -0.000053 0.000084 -1.000000 
					</float_array>
					<technique_common>
						<accessor count="137" offset="0" source="#meshId27-tangents-array" stride="3">
							<param name="X" type="float" />
							<param name="Y" type="float" />
							<param name="Z" type="float" />
						</accessor>
					</technique_common>
				</source>
				<source id="meshId27-bitangents" name="meshId27-bitangents">
					<float_array id="meshId27-bitangents-array" count="411"> 
						0.200328 0.978055 -0.057244 0.224847 0.972796 -0.055785 0.239341 0.964996 -0.107235 0.201120 0.973478 -0.109043 0.001430 -0.968854 0.247628 0.000750 -0.962207 0.272317 0.043549 -0.971215 0.234189 0.040036 -0.976388 0.212281 0.070744 -0.973301 0.218359 0.071446 -0.978185 0.195062 -0.206603 0.968140 -0.141493 -0.242130 0.958618 -0.149751 -0.226933 0.969715 -0.090305 -0.193101 0.976424 -0.096483 -0.230394 0.972600 -0.031102 -0.207058 0.977696 -0.035167 -0.230968 0.972538 0.028710 -0.208082 0.977622 0.030949 -0.228018 0.969577 0.089038 -0.197972 0.975989 0.090847 -0.237404 0.959483 0.151763 -0.189617 0.970565 0.148490 -0.068521 0.978173 0.196170 -0.070279 0.973294 0.218538 -0.044630 0.971139 0.234301 -0.045405 0.976029 0.212854 0.000902 0.962508 0.271252 0.004610 0.969838 0.243707 0.212302 0.971977 0.100942 0.242063 0.964539 0.105217 0.224014 0.972893 0.057418 0.197438 0.978298 0.062858 0.225013 0.974355 0.001082 0.203834 0.979003 0.002317 0.026001 0.999654 0.004064 0.026541 0.999620 -0.007477 0.050375 -0.996897 0.060493 0.056047 -0.998027 0.028292 0.055415 -0.998461 0.001961 -0.045988 0.998927 -0.005547 -0.028287 0.999600 -0.000688 -0.022415 0.999749 0.000265 -0.023284 0.999722 -0.003792 -0.032175 0.999475 -0.003705 -0.029232 0.999502 0.011915 -0.052977 0.998592 0.002888 -0.060454 0.997755 0.028821 -0.044250 0.997434 0.056280 0.037285 0.999305 0.000055 0.023590 0.999722 0.000535 0.021101 0.999775 0.001962 -0.003936 0.999968 -0.006894 -0.018973 0.999739 -0.012755 0.044764 -0.998530 0.030557 0.052488 -0.998603 0.006089 0.057931 -0.998072 -0.022276 0.010228 0.999941 -0.003572 0.013831 0.999789 -0.015176 0.002313 0.999964 -0.008186 0.001406 0.999989 0.004504 0.009463 0.999903 0.010246 0.027973 0.999556 0.010301 -0.054535 0.998291 -0.020988 -0.058212 0.998281 0.006785 
						-0.038344 0.998923 0.026126 -0.006608 0.999969 0.004221 -0.006895 0.999898 0.012534 -0.000279 0.999998 0.002193 -0.165879 0.984605 0.055106 -0.183923 0.979469 0.082541 0.094566 -0.984854 -0.145327 0.065876 -0.983662 -0.167537 0.042980 -0.978247 -0.202941 0.148075 0.980289 0.130794 0.163594 0.983176 0.081250 0.176255 0.984034 0.024723 0.174609 0.984135 -0.031476 0.160013 0.983417 -0.085360 0.167481 0.978169 -0.123025 -0.038392 0.978776 -0.201304 -0.074623 0.983230 -0.166402 -0.083991 0.984714 -0.152589 -0.164324 0.981672 -0.096528 -0.170330 0.984289 -0.046508 -0.172271 0.985042 0.003730 -0.237188 0.971090 0.026933 -0.291799 0.954237 0.065460 0.077231 -0.972696 -0.218854 0.057382 -0.973733 -0.220345 0.049618 -0.964478 -0.259460 0.224526 0.962057 0.155029 0.233954 0.969039 0.078923 0.234307 0.972145 0.005826 0.231858 0.972614 -0.016214 0.235043 0.968879 -0.077639 0.232856 0.960634 -0.151524 -0.046178 0.964965 -0.258282 -0.065930 0.973441 -0.219237 -0.066756 0.971870 -0.225858 -0.276081 0.958015 -0.077374 -0.242514 0.970012 -0.016250 -0.223032 0.974799 0.004863 0.017408 -0.156882 0.987464 0.015155 -0.087662 0.996035 0.000000 0.000001 1.000000 0.004608 -0.190828 0.981613 -0.012395 -0.179868 0.983613 -0.018632 -0.126806 0.991753 -0.008668 -0.045495 0.998927 0.008668 0.045494 0.998927 0.018634 0.126805 0.991753 0.012413 0.179868 0.983612 -0.004606 0.190832 0.981612 -0.017423 0.156883 0.987463 -0.015157 0.087662 0.996035 0.000000 0.000000 1.000000 -0.515427 0.842771 0.155156 -0.521775 0.812939 0.258615 -1.000000 -0.000676 0.000076 0.176850 -0.838136 -0.515996 0.095785 -0.847323 -0.522369 -0.069817 -0.000047 -0.997560 -0.036956 -0.837349 -0.545418 -0.132581 -0.792181 -0.595711 0.536236 0.826287 0.172338 0.524961 0.847500 0.078491 1.000000 0.000676 -0.000033 0.524940 0.847504 -0.078586 
						0.536133 0.826321 -0.172498 0.132888 0.792298 -0.595487 0.037236 0.837385 -0.545344 0.069950 0.000047 -0.997550 -0.095600 0.847328 -0.522395 -0.176683 0.838117 -0.516084 -0.522058 0.812845 -0.258337 -0.515541 0.842752 -0.154874 -0.531405 0.847118 0.000099 
					</float_array>
					<technique_common>
						<accessor count="137" offset="0" source="#meshId27-bitangents-array" stride="3">
							<param name="X" type="float" />
							<param name="Y" type="float" />
							<param name="Z" type="float" />
						</accessor>
					</technique_common>
				</source>
				<source id="meshId27-tex0" name="meshId27-tex0">
					<float_array id="meshId27-tex0-array" count="274"> 
						0.703400 0.459173 0.701996 0.444239 0.706770 0.443851 0.709711 0.458760 0.741193 0.552216 0.738602 0.567028 0.733892 0.566571 0.734896 0.551652 0.729163 0.566366 0.728579 0.551369 0.852483 0.371411 0.855995 0.356507 0.860765 0.357048 0.858773 0.371983 0.865724 0.357296 0.865080 0.372212 0.870745 0.357295 0.871390 0.372211 0.875704 0.357047 0.877697 0.371982 0.880474 0.356506 0.883987 0.371410 0.822720 0.461605 0.823307 0.446608 0.828036 0.446404 0.829038 0.461323 0.832746 0.445948 0.835335 0.460760 0.684458 0.458763 0.687394 0.443854 0.692169 0.444240 0.690768 0.459175 0.697082 0.444361 0.697084 0.459291 0.703867 0.465776 0.710697 0.465684 0.742156 0.545490 0.735321 0.545059 0.728483 0.544681 0.851293 0.378481 0.858112 0.378614 0.864868 0.378696 0.871603 0.378696 0.878359 0.378613 0.885178 0.378479 0.822623 0.468293 0.829461 0.467916 0.836296 0.467487 0.683473 0.465687 0.690304 0.465777 0.697085 0.465813 0.703886 0.508818 0.710724 0.508877 0.744607 0.502491 0.737761 0.502128 0.730915 0.501736 0.851254 0.421766 0.858084 0.421680 0.864859 0.421610 0.871615 0.421609 0.878390 0.421679 0.885220 0.421765 0.825048 0.511238 0.831893 0.510848 
						0.838740 0.510485 0.683459 0.508881 0.690296 0.508820 0.697091 0.508788 0.703802 0.512664 0.710583 0.513025 0.744794 0.498494 0.737979 0.498289 0.731175 0.497835 0.851416 0.426019 0.858193 0.425555 0.864897 0.425365 0.871577 0.425364 0.878281 0.425554 0.885058 0.426018 0.825307 0.515139 0.832111 0.514687 0.838926 0.514482 0.683601 0.513028 0.690382 0.512666 0.697092 0.512564 0.702313 0.527514 0.707477 0.528304 0.743875 0.483340 0.738660 0.483433 0.733501 0.483011 0.854915 0.441141 0.860255 0.440575 0.865572 0.440071 0.870904 0.440071 0.876220 0.440574 0.881561 0.441140 0.827631 0.529964 0.832789 0.529543 0.838005 0.529637 0.686711 0.528307 0.691875 0.527515 0.697094 0.527267 0.543167 0.313383 0.546306 0.316927 0.537498 0.321524 0.538740 0.311704 0.534039 0.312274 0.530142 0.314964 0.527941 0.319156 0.527941 0.323892 0.530142 0.328084 0.534039 0.330774 0.538740 0.331344 0.543167 0.329665 0.546306 0.326121 0.547439 0.321524 0.702313 0.527514 0.707477 0.528304 0.697097 0.547910 0.743875 0.483340 0.738660 0.483433 0.737945 0.462747 0.733501 0.483011 0.728477 0.481822 0.860255 0.440575 0.865572 0.440071 0.868239 0.460582 0.870904 0.440071 
						0.876220 0.440574 0.822606 0.531151 0.827631 0.529964 0.832071 0.550228 0.832789 0.529543 0.838005 0.529637 0.686711 0.528307 0.691875 0.527515 0.697094 0.527267 
					</float_array>
					<technique_common>
						<accessor count="137" offset="0" source="#meshId27-tex0-array" stride="2">
							<param name="S" type="float" />
							<param name="T" type="float" />
						</accessor>
					</technique_common>
				</source>
				<vertices id="meshId27-vertices">
					<input semantic="POSITION" source="#meshId27-positions" />
				</vertices>
				<polylist count="156" material="defaultMaterial">
					<input offset="0" semantic="VERTEX" source="#meshId27-vertices" />
					<input offset="0" semantic="NORMAL" source="#meshId27-normals" />
					<input offset="0" semantic="TANGENT" source="#meshId27-tangents" />
					<input offset="0" semantic="BINORMAL" source="#meshId27-bitangents" />
					<input offset="0" semantic="TEXCOORD" source="#meshId27-tex0" set="0" />
					<vcount>
						3 3 3 3 3 3 3 3 3 3 3 3 3 3 3 3 3 3 3 3 3 3 3 3 3 3 3 3 3 3 3 3 3 3 3 3 3 3 3 3 3 3 3 3 3 3 3 3 3 3 3 3 3 3 3 3 3 3 3 3 3 3 3 3 
						3 3 3 3 3 3 3 3 3 3 3 3 3 3 3 3 3 3 3 3 3 3 3 3 3 3 3 3 3 3 3 3 3 3 3 3 3 3 3 3 3 3 3 3 3 3 3 3 3 3 3 3 3 3 3 3 3 3 3 3 3 3 3 3 
						3 3 3 3 3 3 3 3 3 3 3 3 3 3 3 3 3 3 3 3 3 3 3 3 3 3 3 3 
					</vcount>
					<p>
						0 1 2 2 3 0 4 5 6 6 7 4 7 6 8 8 9 7 10 11 12 12 13 10 13 12 14 14 15 13 15 14 16 16 17 15 17 16 18 18 19 17 19 18 20 20 21 19 22 23 24 24 25 22 25 24 26 26 27 25 28 29 30 30 31 28 31 30 32 32 33 31 33 32 1 1 0 33 34 0 3 3 35 34 36 4 7 7 37 36 37 7 9 9 38 37 39 10 13 13 40 39 40 13 15 15 41 40 41 15 17 17 42 41 42 17 19 19 43 42 43 19 21 21 44 43 45 22 25 25 46 45 46 25 27 27 47 46 48 28 31 31 49 48 49 31 33 33 50 49 50 33 0 0 34 50 51 34 35 35 52 51 53 36 37 37 54 53 54 37 38 38 55 54 56 39 40 40 57 56 57 40 41 41 58 57 58 41 42 42 59 58 
						59 42 43 43 60 59 60 43 44 44 61 60 62 45 46 46 63 62 63 46 47 47 64 63 65 48 49 49 66 65 66 49 50 50 67 66 67 50 34 34 51 67 68 51 52 52 69 68 70 53 54 54 71 70 71 54 55 55 72 71 73 56 57 57 74 73 74 57 58 58 75 74 75 58 59 59 76 75 76 59 60 60 77 76 77 60 61 61 78 77 79 62 63 63 80 79 80 63 64 64 81 80 82 65 66 66 83 82 83 66 67 67 84 83 84 67 51 51 68 84 85 68 69 69 86 85 87 70 71 71 88 87 88 71 72 72 89 88 90 73 74 74 91 90 91 74 75 75 92 91 92 75 76 76 93 92 93 76 77 77 94 93 94 77 78 78 95 94 96 79 80 80 97 96 97 80 81 81 98 97 99 82 83 83 100 99 100 83 84 84 101 100 
						101 84 68 68 85 101 102 103 104 105 102 104 106 105 104 107 106 104 108 107 104 109 108 104 110 109 104 111 110 104 112 111 104 113 112 104 114 113 104 115 114 104 103 115 104 116 117 118 119 120 121 120 122 121 122 123 121 124 125 126 125 127 126 127 128 126 129 130 131 130 132 131 132 133 131 134 135 118 135 136 118 136 116 118 
					</p>
				</polylist>
			</mesh>
		</geometry>
		<geometry id="meshId28" name="meshId28_name" >
			<mesh>
				<source id="meshId28-positions" name="meshId28-positions">
					<float_array id="meshId28-positions-array" count="624"> 
						-16.867477 14.118921 31.464693 -17.000237 14.106946 31.507832 -17.126503 14.106946 31.260017 -17.013573 14.118921 31.177967 -17.323170 14.106946 31.063351 -17.241119 14.118921 30.950418 -17.570984 14.106946 30.937084 -17.527847 14.118921 30.804325 -17.845688 14.106946 30.893574 -17.845688 14.118921 30.753983 -18.120392 14.106946 30.937084 -18.163528 14.118921 30.804325 -18.368206 14.106946 31.063351 -18.450254 14.118921 30.950420 -18.564871 14.106946 31.260017 -18.677803 14.118921 31.177967 -18.691139 14.106946 31.507832 -18.823898 14.118921 31.464693 -18.734648 14.106946 31.782536 -18.874239 14.118921 31.782536 -18.691139 14.106946 32.057240 -18.823898 14.118921 32.100372 -18.564871 14.106946 32.305054 -18.677803 14.118921 32.387100 -18.368206 14.106946 32.501717 -18.450254 14.118921 32.614651 -18.120392 14.106946 32.627987 -18.163528 14.118921 32.760746 -17.845688 14.106946 32.671494 -17.845688 14.118921 32.811085 -17.570984 14.106946 32.627987 -17.527847 14.118921 32.760746 -17.323170 14.106946 32.501717 -17.241121 14.118921 32.614651 -17.126505 14.106946 32.305054 -17.013573 14.118921 32.387100 -17.000237 14.106946 32.057240 -16.867477 14.118921 32.100372 -16.956728 14.106946 31.782536 -16.817137 14.118921 31.782536 -16.867477 14.199712 31.464693 -16.867477 14.118921 31.464693 -17.013573 14.118921 31.177967 -17.013573 14.199712 31.177967 -17.241119 14.118921 30.950418 -17.241119 14.199712 30.950418 -17.241119 14.199712 30.950418 -17.241119 14.118921 30.950418 -17.527847 14.118921 30.804325 -17.527847 14.199712 30.804325 -17.845688 14.118921 30.753983 -17.845688 14.199712 30.753983 -18.163528 14.118921 30.804325 -18.163528 14.199712 30.804325 -18.450254 14.118921 30.950420 -18.450254 14.199712 30.950420 -18.450254 14.199712 30.950420 -18.450254 14.118921 30.950420 -18.677803 14.118921 31.177967 -18.677803 14.199712 31.177967 -18.823898 14.118921 31.464693 -18.823898 14.199712 31.464693 -18.874239 14.118921 31.782536 -18.874239 14.199712 31.782536 
						-18.823898 14.118921 32.100372 -18.823898 14.199712 32.100372 -18.677803 14.118921 32.387100 -18.677803 14.199712 32.387100 -18.450254 14.118921 32.614651 -18.450254 14.199712 32.614651 -18.450254 14.199712 32.614651 -18.450254 14.118921 32.614651 -18.163528 14.118921 32.760746 -18.163528 14.199712 32.760746 -17.845688 14.118921 32.811085 -17.845688 14.199712 32.811085 -17.527847 14.118921 32.760746 -17.527847 14.199712 32.760746 -17.241121 14.118921 32.614651 -17.241121 14.199712 32.614651 -17.241121 14.199712 32.614651 -17.241121 14.118921 32.614651 -17.013573 14.118921 32.387100 -17.013573 14.199712 32.387100 -16.867477 14.118921 32.100372 -16.867477 14.199712 32.100372 -16.817137 14.118921 31.782536 -16.817137 14.199712 31.782536 -17.000237 14.211686 31.507832 -16.867477 14.199712 31.464693 -17.013573 14.199712 31.177967 -17.126503 14.211686 31.260017 -17.241119 14.199712 30.950418 -17.323170 14.211686 31.063351 -17.527847 14.199712 30.804325 -17.570984 14.211686 30.937084 -17.845688 14.199712 30.753983 -17.845688 14.211686 30.893574 -18.163528 14.199712 30.804325 -18.120392 14.211686 30.937084 -18.450254 14.199712 30.950420 -18.368206 14.211686 31.063351 -18.677803 14.199712 31.177967 -18.564871 14.211686 31.260017 -18.823898 14.199712 31.464693 -18.691139 14.211686 31.507832 -18.874239 14.199712 31.782536 -18.734648 14.211686 31.782536 -18.823898 14.199712 32.100372 -18.691139 14.211686 32.057240 -18.677803 14.199712 32.387100 -18.564871 14.211686 32.305054 -18.450254 14.199712 32.614651 -18.368206 14.211686 32.501717 -18.163528 14.199712 32.760746 -18.120392 14.211686 32.627987 -17.845688 14.199712 32.811085 -17.845688 14.211686 32.671494 -17.527847 14.199712 32.760746 -17.570984 14.211686 32.627987 -17.241121 14.199712 32.614651 -17.323170 14.211686 32.501717 -17.013573 14.199712 32.387100 -17.126505 14.211686 32.305054 -16.867477 14.199712 32.100372 -17.000237 14.211686 32.057240 -16.817137 14.199712 31.782536 -16.956728 14.211686 31.782536 
						-17.126503 14.211686 31.260017 -17.126503 14.106946 31.260017 -17.000237 14.106946 31.507832 -17.000237 14.211686 31.507832 -17.000237 14.211686 31.507832 -17.000237 14.106946 31.507832 -16.956728 14.106946 31.782536 -16.956728 14.211686 31.782536 -16.956728 14.211686 31.782536 -16.956728 14.106946 31.782536 -17.000237 14.106946 32.057240 -17.000237 14.211686 32.057240 -17.000237 14.211686 32.057240 -17.000237 14.106946 32.057240 -17.126505 14.106946 32.305054 -17.126505 14.211686 32.305054 -17.126505 14.211686 32.305054 -17.126505 14.106946 32.305054 -17.323170 14.106946 32.501717 -17.323170 14.211686 32.501717 -17.323170 14.211686 32.501717 -17.323170 14.106946 32.501717 -17.570984 14.106946 32.627987 -17.570984 14.211686 32.627987 -17.570984 14.211686 32.627987 -17.570984 14.106946 32.627987 -17.845688 14.106946 32.671494 -17.845688 14.211686 32.671494 -17.845688 14.211686 32.671494 -17.845688 14.106946 32.671494 -18.120392 14.106946 32.627987 -18.120392 14.211686 32.627987 -18.120392 14.211686 32.627987 -18.120392 14.106946 32.627987 -18.368206 14.106946 32.501717 -18.368206 14.211686 32.501717 -18.368206 14.211686 32.501717 -18.368206 14.106946 32.501717 -18.564871 14.106946 32.305054 -18.564871 14.211686 32.305054 -18.564871 14.211686 32.305054 -18.564871 14.106946 32.305054 -18.691139 14.106946 32.057240 -18.691139 14.211686 32.057240 -18.691139 14.211686 32.057240 -18.691139 14.106946 32.057240 -18.734648 14.106946 31.782536 -18.734648 14.211686 31.782536 -18.734648 14.211686 31.782536 -18.734648 14.106946 31.782536 -18.691139 14.106946 31.507832 -18.691139 14.211686 31.507832 -18.691139 14.211686 31.507832 -18.691139 14.106946 31.507832 -18.564871 14.106946 31.260017 -18.564871 14.211686 31.260017 -18.564871 14.211686 31.260017 -18.564871 14.106946 31.260017 -18.368206 14.106946 31.063351 -18.368206 14.211686 31.063351 -18.368206 14.211686 31.063351 -18.368206 14.106946 31.063351 -18.120392 14.106946 30.937084 -18.120392 14.211686 30.937084 
						-18.120392 14.211686 30.937084 -18.120392 14.106946 30.937084 -17.845688 14.106946 30.893574 -17.845688 14.211686 30.893574 -17.845688 14.211686 30.893574 -17.845688 14.106946 30.893574 -17.570984 14.106946 30.937084 -17.570984 14.211686 30.937084 -17.570984 14.211686 30.937084 -17.570984 14.106946 30.937084 -17.323170 14.106946 31.063351 -17.323170 14.211686 31.063351 -17.323170 14.211686 31.063351 -17.323170 14.106946 31.063351 -17.126503 14.106946 31.260017 -17.126503 14.211686 31.260017 
					</float_array>
					<technique_common>
						<accessor count="208" offset="0" source="#meshId28-positions-array" stride="3">
							<param name="X" type="float" />
							<param name="Y" type="float" />
							<param name="Z" type="float" />
						</accessor>
					</technique_common>
				</source>
				<source id="meshId28-normals" name="meshId28-normals">
					<float_array id="meshId28-normals-array" count="624"> 
						0.081285 -0.996341 -0.026413 0.081285 -0.996341 -0.026413 0.069144 -0.996341 -0.050238 0.069144 -0.996341 -0.050238 0.050236 -0.996341 -0.069142 0.050236 -0.996341 -0.069142 0.026411 -0.996341 -0.081285 0.026411 -0.996341 -0.081285 0.000000 -0.996340 -0.085477 0.000000 -0.996340 -0.085477 -0.026411 -0.996341 -0.081289 -0.026411 -0.996341 -0.081289 -0.050236 -0.996341 -0.069145 -0.050236 -0.996341 -0.069145 -0.069144 -0.996341 -0.050241 -0.069144 -0.996341 -0.050241 -0.081285 -0.996341 -0.026414 -0.081285 -0.996341 -0.026414 -0.085469 -0.996341 -0.000000 -0.085469 -0.996341 -0.000000 -0.081285 -0.996341 0.026413 -0.081286 -0.996341 0.026413 -0.069145 -0.996341 0.050238 -0.069145 -0.996341 0.050238 -0.050237 -0.996341 0.069145 -0.050236 -0.996341 0.069145 -0.026411 -0.996341 0.081288 -0.026411 -0.996341 0.081288 0.000000 -0.996340 0.085477 0.000000 -0.996340 0.085477 0.026411 -0.996341 0.081288 0.026411 -0.996341 0.081288 0.050236 -0.996341 0.069144 0.050236 -0.996341 0.069144 0.069145 -0.996341 0.050241 0.069145 -0.996341 0.050241 0.081285 -0.996341 0.026415 0.081286 -0.996341 0.026415 0.085469 -0.996341 0.000000 0.085469 -0.996341 0.000000 0.951057 0.000000 -0.309015 0.951057 0.000000 -0.309015 0.809020 0.000000 -0.587782 0.809020 0.000000 -0.587782 0.587786 0.000000 -0.809017 0.587786 0.000000 -0.809017 0.587786 0.000000 -0.809017 0.587786 0.000000 -0.809017 0.309018 0.000000 -0.951056 0.309018 0.000000 -0.951056 0.000000 0.000000 -1.000000 0.000000 0.000000 -1.000000 -0.309023 0.000000 -0.951055 -0.309023 0.000000 -0.951055 -0.587788 0.000000 -0.809015 -0.587788 0.000000 -0.809015 -0.587788 0.000000 -0.809015 -0.587788 0.000000 -0.809015 -0.809017 0.000000 -0.587786 -0.809017 0.000000 -0.587786 -0.951057 0.000000 -0.309015 -0.951057 0.000000 -0.309015 -1.000000 0.000000 0.000000 -1.000000 0.000000 0.000000 
						-0.951056 0.000000 0.309017 -0.951056 0.000000 0.309017 -0.809019 0.000000 0.587782 -0.809019 0.000000 0.587782 -0.587791 0.000000 0.809013 -0.587791 0.000000 0.809013 -0.587791 0.000000 0.809013 -0.587791 0.000000 0.809013 -0.309018 0.000000 0.951056 -0.309018 0.000000 0.951056 0.000000 0.000000 1.000000 0.000000 0.000000 1.000000 0.309018 0.000000 0.951056 0.309018 0.000000 0.951056 0.587791 0.000000 0.809013 0.587791 0.000000 0.809013 0.587791 0.000000 0.809013 0.587791 0.000000 0.809013 0.809019 0.000000 0.587782 0.809019 0.000000 0.587782 0.951056 0.000000 0.309017 0.951056 0.000000 0.309017 1.000000 0.000000 0.000000 1.000000 0.000000 0.000000 0.081285 0.996341 -0.026412 0.081285 0.996341 -0.026412 0.069145 0.996341 -0.050235 0.069145 0.996341 -0.050235 0.050236 0.996341 -0.069144 0.050236 0.996341 -0.069144 0.026411 0.996341 -0.081285 0.026411 0.996341 -0.081285 0.000000 0.996341 -0.085467 0.000000 0.996341 -0.085467 -0.026411 0.996341 -0.081284 -0.026411 0.996341 -0.081284 -0.050236 0.996341 -0.069143 -0.050236 0.996341 -0.069143 -0.069144 0.996341 -0.050235 -0.069144 0.996341 -0.050235 -0.081285 0.996341 -0.026412 -0.081285 0.996341 -0.026411 -0.085469 0.996341 -0.000001 -0.085469 0.996341 -0.000001 -0.081286 0.996341 0.026410 -0.081285 0.996341 0.026411 -0.069145 0.996341 0.050234 -0.069145 0.996341 0.050234 -0.050236 0.996341 0.069145 -0.050237 0.996341 0.069145 -0.026411 0.996341 0.081287 -0.026411 0.996341 0.081287 0.000000 0.996341 0.085467 0.000000 0.996341 0.085467 0.026411 0.996341 0.081284 0.026411 0.996341 0.081284 0.050236 0.996341 0.069143 0.050237 0.996341 0.069143 0.069145 0.996341 0.050235 0.069145 0.996341 0.050236 0.081286 0.996341 0.026412 0.081285 0.996341 0.026412 0.085469 0.996341 0.000001 0.085469 0.996341 0.000001 
						-0.891007 0.000000 0.453989 -0.891007 0.000000 0.453989 -0.891007 0.000000 0.453989 -0.891007 0.000000 0.453989 -0.987688 0.000000 0.156435 -0.987688 0.000000 0.156435 -0.987688 0.000000 0.156435 -0.987688 0.000000 0.156435 -0.987688 0.000000 -0.156435 -0.987688 0.000000 -0.156435 -0.987688 0.000000 -0.156435 -0.987688 0.000000 -0.156435 -0.891007 0.000000 -0.453990 -0.891007 0.000000 -0.453990 -0.891007 0.000000 -0.453990 -0.891007 0.000000 -0.453990 -0.707103 0.000000 -0.707111 -0.707103 0.000000 -0.707111 -0.707103 0.000000 -0.707111 -0.707103 0.000000 -0.707111 -0.454000 0.000000 -0.891002 -0.454000 0.000000 -0.891002 -0.454000 0.000000 -0.891002 -0.454000 0.000000 -0.891002 -0.156427 0.000000 -0.987690 -0.156427 0.000000 -0.987690 -0.156427 0.000000 -0.987690 -0.156427 0.000000 -0.987690 0.156427 0.000000 -0.987690 0.156427 0.000000 -0.987690 0.156427 0.000000 -0.987690 0.156427 0.000000 -0.987690 0.454000 0.000000 -0.891002 0.454000 0.000000 -0.891002 0.454000 0.000000 -0.891002 0.454000 0.000000 -0.891002 0.707103 0.000000 -0.707111 0.707103 0.000000 -0.707111 0.707103 0.000000 -0.707111 0.707103 0.000000 -0.707111 0.891007 0.000000 -0.453990 0.891007 0.000000 -0.453990 0.891007 0.000000 -0.453990 0.891007 0.000000 -0.453990 0.987688 0.000000 -0.156435 0.987688 0.000000 -0.156435 0.987688 0.000000 -0.156435 0.987688 0.000000 -0.156435 0.987688 0.000000 0.156435 0.987688 0.000000 0.156435 0.987688 0.000000 0.156435 0.987688 0.000000 0.156435 0.891006 0.000000 0.453992 0.891006 0.000000 0.453992 0.891006 0.000000 0.453992 0.891006 0.000000 0.453992 0.707113 0.000000 0.707101 0.707113 0.000000 0.707101 0.707113 0.000000 0.707101 0.707113 0.000000 0.707101 0.453987 0.000000 0.891008 0.453987 0.000000 0.891008 0.453987 0.000000 0.891008 0.453987 0.000000 0.891008 
						0.156442 0.000000 0.987687 0.156442 0.000000 0.987687 0.156442 0.000000 0.987687 0.156442 0.000000 0.987687 -0.156442 0.000000 0.987687 -0.156442 0.000000 0.987687 -0.156442 0.000000 0.987687 -0.156442 0.000000 0.987687 -0.453987 0.000000 0.891008 -0.453987 0.000000 0.891008 -0.453987 0.000000 0.891008 -0.453987 0.000000 0.891008 -0.707109 0.000000 0.707105 -0.707109 0.000000 0.707105 -0.707109 0.000000 0.707105 -0.707109 0.000000 0.707105 
					</float_array>
					<technique_common>
						<accessor count="208" offset="0" source="#meshId28-normals-array" stride="3">
							<param name="X" type="float" />
							<param name="Y" type="float" />
							<param name="Z" type="float" />
						</accessor>
					</technique_common>
				</source>
				<source id="meshId28-tangents" name="meshId28-tangents">
					<float_array id="meshId28-tangents-array" count="624"> 
						0.451767 0.060453 -0.890086 0.451571 0.060440 -0.890186 0.451364 0.076154 -0.889084 0.451630 0.076165 -0.888949 0.451831 0.084412 -0.888101 0.452100 0.084416 -0.887964 0.452746 0.084418 -0.887634 0.452976 0.084414 -0.887517 0.453835 0.076167 -0.887825 0.453995 0.076160 -0.887743 0.454657 0.060448 -0.888613 0.454728 0.060443 -0.888577 0.454862 0.038811 -0.889716 0.454868 0.038810 -0.889713 0.454425 0.013377 -0.890685 0.454414 0.013378 -0.890690 0.453460 -0.013369 -0.891176 0.453489 -0.013372 -0.891161 0.452361 -0.038805 -0.890990 0.452479 -0.038815 -0.890930 0.451585 -0.060441 -0.890178 0.451780 -0.060454 -0.890079 0.451326 -0.076152 -0.889104 0.451587 -0.076164 -0.888970 0.451809 -0.084415 -0.888112 0.452087 -0.084419 -0.887970 0.452746 -0.084420 -0.887634 0.452979 -0.084417 -0.887515 0.453825 -0.076168 -0.887830 0.453978 -0.076161 -0.887752 0.454622 -0.060449 -0.888631 0.454692 -0.060444 -0.888595 0.454858 -0.038810 -0.889718 0.454869 -0.038809 -0.889712 0.454422 -0.013377 -0.890686 0.454417 -0.013377 -0.890688 0.453482 0.013370 -0.891165 0.453517 0.013374 -0.891147 0.452415 0.038809 -0.890963 0.452520 0.038818 -0.890909 0.000000 1.000000 0.000000 0.000004 1.000000 0.000011 0.000000 1.000000 0.000000 0.000007 1.000000 0.000009 0.000096 1.000000 0.000070 0.000115 1.000000 0.000083 0.000122 -1.000000 0.000088 0.000122 -1.000000 0.000088 0.000143 -1.000000 0.000047 0.000143 -1.000000 0.000047 0.000151 -1.000000 0.000000 0.000151 -1.000000 0.000000 0.000143 -1.000000 -0.000047 0.000143 -1.000000 -0.000047 0.000122 -1.000000 -0.000088 0.000122 -1.000000 -0.000088 -0.000120 1.000000 0.000087 -0.000120 1.000000 0.000087 -0.000088 1.000000 0.000122 -0.000088 1.000000 0.000122 -0.000046 1.000000 0.000141 -0.000046 1.000000 0.000141 0.000000 1.000000 0.000148 0.000000 1.000000 0.000148 
						0.000046 1.000000 0.000141 0.000046 1.000000 0.000141 0.000087 1.000000 0.000120 0.000087 1.000000 0.000120 0.000120 1.000000 0.000087 0.000120 1.000000 0.000087 -0.000122 -1.000000 -0.000088 -0.000122 -1.000000 -0.000088 -0.000143 -1.000000 -0.000047 -0.000142 -1.000000 -0.000046 -0.000142 -1.000000 0.000000 -0.000142 -1.000000 0.000000 -0.000142 -1.000000 0.000046 -0.000143 -1.000000 0.000047 -0.000122 -1.000000 0.000088 -0.000122 -1.000000 0.000088 -0.000102 1.000000 0.000074 -0.000122 1.000000 0.000088 -0.000007 1.000000 0.000010 -0.000007 1.000000 0.000009 -0.000040 1.000000 0.000124 -0.000044 1.000000 0.000135 0.000000 1.000000 0.000150 0.000000 1.000000 0.000139 0.705457 -0.038793 0.707691 0.705535 -0.038802 0.707612 0.706568 -0.013362 0.707519 0.706540 -0.013359 0.707547 0.707274 0.013390 0.706813 0.707275 0.013390 0.706812 0.707412 0.038824 0.705735 0.707402 0.038825 0.705744 0.706893 0.060453 0.704733 0.706837 0.060457 0.704788 0.705961 0.076159 0.704145 0.705840 0.076166 0.704264 0.704939 0.084415 0.704227 0.704748 0.084418 0.704417 0.704188 0.084414 0.704977 0.703970 0.084410 0.705196 0.704081 0.076157 0.706024 0.703876 0.076145 0.706230 0.704549 0.060439 0.707077 0.704391 0.060425 0.707236 0.705527 0.038803 0.707620 0.705447 0.038793 0.707700 0.706566 0.013363 0.707521 0.706540 0.013360 0.707547 0.707272 -0.013391 0.706815 0.707275 -0.013390 0.706812 0.707396 -0.038827 0.705750 0.707389 -0.038828 0.705757 0.706880 -0.060454 0.704745 0.706827 -0.060458 0.704798 0.705959 -0.076160 0.704146 0.705838 -0.076166 0.704267 0.704929 -0.084415 0.704237 0.704740 -0.084419 0.704425 0.704197 -0.084415 0.704968 0.703984 -0.084411 0.705182 0.704100 -0.076159 0.706005 0.703893 -0.076147 0.706212 0.704549 -0.060439 0.707076 0.704391 -0.060425 0.707236 
						-0.000053 1.000000 -0.000105 -0.000053 1.000000 -0.000105 -0.000053 1.000000 -0.000105 -0.000053 1.000000 -0.000105 -0.000018 1.000000 -0.000116 -0.000018 1.000000 -0.000116 -0.000018 1.000000 -0.000116 -0.000018 1.000000 -0.000116 0.000018 1.000000 -0.000116 0.000018 1.000000 -0.000116 0.000018 1.000000 -0.000116 0.000018 1.000000 -0.000116 0.000053 1.000000 -0.000105 0.000053 1.000000 -0.000105 0.000053 1.000000 -0.000105 0.000053 1.000000 -0.000105 0.000082 1.000000 -0.000082 0.000083 1.000000 -0.000083 0.000079 1.000000 -0.000079 0.000078 1.000000 -0.000078 0.000105 -1.000000 -0.000053 0.000105 -1.000000 -0.000053 0.000105 -1.000000 -0.000053 0.000105 -1.000000 -0.000053 0.000116 -1.000000 -0.000018 0.000116 -1.000000 -0.000018 0.000116 -1.000000 -0.000018 0.000116 -1.000000 -0.000018 0.000116 -1.000000 0.000018 0.000116 -1.000000 0.000018 0.000116 -1.000000 0.000018 0.000116 -1.000000 0.000018 0.000129 -1.000000 0.000066 0.000105 -1.000000 0.000053 0.000185 -1.000000 0.000095 0.000209 -1.000000 0.000107 0.000083 1.000000 0.000083 0.000083 1.000000 0.000083 0.000083 1.000000 0.000083 0.000083 1.000000 0.000083 0.000053 1.000000 0.000105 0.000053 1.000000 0.000105 0.000053 1.000000 0.000105 0.000053 1.000000 0.000105 0.000018 1.000000 0.000116 0.000018 1.000000 0.000116 0.000018 1.000000 0.000116 0.000018 1.000000 0.000116 -0.000018 1.000000 0.000116 -0.000018 1.000000 0.000116 -0.000018 1.000000 0.000116 -0.000018 1.000000 0.000116 -0.000053 1.000000 0.000105 -0.000053 1.000000 0.000105 -0.000053 1.000000 0.000105 -0.000053 1.000000 0.000105 -0.000083 1.000000 0.000083 -0.000083 1.000000 0.000083 -0.000083 1.000000 0.000083 -0.000083 1.000000 0.000083 -0.000208 -1.000000 0.000106 -0.000209 -1.000000 0.000107 -0.000205 -1.000000 0.000104 -0.000203 -1.000000 0.000104 
						-0.000227 -1.000000 0.000036 -0.000225 -1.000000 0.000036 -0.000231 -1.000000 0.000037 -0.000232 -1.000000 0.000037 -0.000231 -1.000000 -0.000037 -0.000232 -1.000000 -0.000037 -0.000227 -1.000000 -0.000036 -0.000225 -1.000000 -0.000036 -0.000181 -1.000000 -0.000092 -0.000203 -1.000000 -0.000104 -0.000127 -1.000000 -0.000065 -0.000105 -1.000000 -0.000053 -0.000083 1.000000 -0.000083 -0.000083 1.000000 -0.000083 -0.000083 1.000000 -0.000083 -0.000083 1.000000 -0.000083 
					</float_array>
					<technique_common>
						<accessor count="208" offset="0" source="#meshId28-tangents-array" stride="3">
							<param name="X" type="float" />
							<param name="Y" type="float" />
							<param name="Z" type="float" />
						</accessor>
					</technique_common>
				</source>
				<source id="meshId28-bitangents" name="meshId28-bitangents">
					<float_array id="meshId28-bitangents-array" count="624"> 
						0.888425 0.060418 0.455027 0.888525 0.060431 0.454832 0.889657 0.038799 0.454978 0.889522 0.038776 0.455244 0.890688 0.013374 0.454419 0.890551 0.013349 0.454687 0.891248 -0.013358 0.453319 0.891132 -0.013380 0.453548 0.891086 -0.038792 0.452174 0.891004 -0.038806 0.452334 0.890275 -0.060428 0.451397 0.890239 -0.060433 0.451467 0.889144 -0.076147 0.451248 0.889141 -0.076147 0.451254 0.888098 -0.084416 0.451837 0.888103 -0.084416 0.451826 0.887562 -0.084417 0.452887 0.887547 -0.084417 0.452917 0.887730 -0.076152 0.454022 0.887670 -0.076147 0.454141 0.888517 -0.060430 0.454846 0.888419 -0.060418 0.455041 0.889676 -0.038803 0.454940 0.889544 -0.038781 0.455201 0.890699 -0.013376 0.454396 0.890558 -0.013349 0.454674 0.891248 0.013360 0.453319 0.891130 0.013382 0.453551 0.891091 0.038792 0.452164 0.891013 0.038805 0.452317 0.890293 0.060425 0.451362 0.890257 0.060430 0.451432 0.889146 0.076147 0.451244 0.889140 0.076147 0.451255 0.888099 0.084417 0.451835 0.888101 0.084417 0.451830 0.887551 0.084417 0.452909 0.887533 0.084417 0.452944 0.887702 0.076150 0.454077 0.887649 0.076145 0.454182 0.309015 0.000000 0.951057 0.309015 -0.000012 0.951057 0.587782 0.000000 0.809020 0.587782 -0.000011 0.809020 0.809017 -0.000119 0.587786 0.809017 -0.000142 0.587786 -0.809017 -0.000151 -0.587786 -0.809017 -0.000151 -0.587786 -0.951056 -0.000151 -0.309018 -0.951056 -0.000151 -0.309018 -1.000000 -0.000151 -0.000000 -1.000000 -0.000151 -0.000000 -0.951055 -0.000151 0.309023 -0.951055 -0.000151 0.309023 -0.809015 -0.000151 0.587788 -0.809015 -0.000151 0.587788 0.809015 0.000149 -0.587788 0.809015 0.000148 -0.587788 0.587786 0.000150 -0.809017 0.587786 0.000150 -0.809017 0.309015 0.000148 -0.951057 0.309015 0.000148 -0.951057 0.000000 0.000148 -1.000000 0.000000 0.000148 -1.000000 
						-0.309017 0.000149 -0.951056 -0.309017 0.000149 -0.951056 -0.587782 0.000149 -0.809019 -0.587782 0.000149 -0.809019 -0.809013 0.000148 -0.587791 -0.809013 0.000148 -0.587791 0.809013 -0.000151 0.587791 0.809013 -0.000151 0.587791 0.951056 -0.000151 0.309018 0.951056 -0.000150 0.309018 1.000000 -0.000142 0.000000 1.000000 -0.000142 0.000000 0.951056 -0.000150 -0.309018 0.951056 -0.000151 -0.309018 0.809013 -0.000151 -0.587791 0.809013 -0.000151 -0.587791 -0.809013 -0.000127 0.587791 -0.809013 -0.000151 0.587791 -0.587782 -0.000012 0.809019 -0.587782 -0.000011 0.809019 -0.309017 -0.000130 0.951056 -0.309017 -0.000142 0.951056 0.000000 -0.000150 1.000000 0.000000 -0.000139 1.000000 0.704076 -0.076157 -0.706029 0.703998 -0.076153 -0.706107 0.704259 -0.084416 -0.704906 0.704287 -0.084416 -0.704878 0.705153 -0.084411 -0.704013 0.705151 -0.084411 -0.704014 0.706308 -0.076141 -0.703798 0.706318 -0.076141 -0.703788 0.707321 -0.060416 -0.704306 0.707376 -0.060411 -0.704251 0.707759 -0.038786 -0.705389 0.707879 -0.038773 -0.705269 0.707487 -0.013364 -0.706600 0.707677 -0.013341 -0.706410 0.706638 0.013370 -0.707448 0.706856 0.013396 -0.707231 0.705452 0.038793 -0.707695 0.705657 0.038816 -0.707489 0.704490 0.060432 -0.707136 0.704648 0.060446 -0.706978 0.704006 0.076153 -0.706099 0.704086 0.076157 -0.706019 0.704261 0.084415 -0.704905 0.704287 0.084416 -0.704879 0.705154 0.084412 -0.704011 0.705151 0.084413 -0.704014 0.706324 0.076142 -0.703782 0.706330 0.076141 -0.703775 0.707333 0.060415 -0.704294 0.707387 0.060410 -0.704241 0.707760 0.038786 -0.705387 0.707881 0.038773 -0.705266 0.707496 0.013363 -0.706590 0.707685 0.013340 -0.706402 0.706630 -0.013370 -0.707457 0.706842 -0.013394 -0.707245 0.705433 -0.038792 -0.707714 0.705639 -0.038813 -0.707507 0.704489 -0.060432 -0.707137 0.704648 -0.060446 -0.706978 
						-0.453989 -0.000118 -0.891007 -0.453989 -0.000118 -0.891007 -0.453989 -0.000118 -0.891007 -0.453989 -0.000118 -0.891007 -0.156435 -0.000118 -0.987688 -0.156435 -0.000118 -0.987688 -0.156435 -0.000118 -0.987688 -0.156435 -0.000118 -0.987688 0.156435 -0.000118 -0.987688 0.156435 -0.000118 -0.987688 0.156435 -0.000118 -0.987688 0.156435 -0.000118 -0.987688 0.453990 -0.000118 -0.891007 0.453990 -0.000118 -0.891007 0.453990 -0.000118 -0.891007 0.453990 -0.000118 -0.891007 0.707111 -0.000116 -0.707103 0.707111 -0.000118 -0.707103 0.707111 -0.000112 -0.707103 0.707111 -0.000111 -0.707103 -0.891002 -0.000118 0.454000 -0.891002 -0.000118 0.454000 -0.891002 -0.000118 0.454000 -0.891002 -0.000118 0.454000 -0.987689 -0.000118 0.156427 -0.987690 -0.000118 0.156427 -0.987689 -0.000118 0.156427 -0.987690 -0.000118 0.156427 -0.987689 -0.000118 -0.156427 -0.987690 -0.000118 -0.156427 -0.987689 -0.000118 -0.156427 -0.987690 -0.000118 -0.156427 -0.891002 -0.000145 -0.454000 -0.891002 -0.000118 -0.454000 -0.891002 -0.000208 -0.454000 -0.891002 -0.000235 -0.454000 0.707111 -0.000118 0.707103 0.707111 -0.000118 0.707103 0.707111 -0.000118 0.707103 0.707111 -0.000118 0.707103 0.453990 -0.000118 0.891007 0.453990 -0.000118 0.891007 0.453990 -0.000118 0.891007 0.453990 -0.000118 0.891007 0.156435 -0.000118 0.987688 0.156435 -0.000118 0.987688 0.156435 -0.000118 0.987688 0.156435 -0.000118 0.987688 -0.156435 -0.000118 0.987688 -0.156435 -0.000118 0.987688 -0.156435 -0.000118 0.987688 -0.156435 -0.000118 0.987688 -0.453992 -0.000118 0.891006 -0.453992 -0.000118 0.891006 -0.453992 -0.000118 0.891006 -0.453992 -0.000118 0.891006 -0.707101 -0.000118 0.707113 -0.707101 -0.000118 0.707113 -0.707101 -0.000118 0.707113 -0.707101 -0.000118 0.707113 0.891008 -0.000234 -0.453987 0.891008 -0.000235 -0.453987 0.891008 -0.000230 -0.453987 0.891008 -0.000228 -0.453987 
						0.987687 -0.000230 -0.156442 0.987687 -0.000228 -0.156442 0.987687 -0.000234 -0.156442 0.987687 -0.000235 -0.156442 0.987687 -0.000234 0.156442 0.987687 -0.000235 0.156442 0.987687 -0.000230 0.156442 0.987687 -0.000228 0.156442 0.891008 -0.000203 0.453987 0.891008 -0.000228 0.453987 0.891008 -0.000143 0.453987 0.891008 -0.000118 0.453987 -0.707105 -0.000118 -0.707109 -0.707105 -0.000118 -0.707109 -0.707105 -0.000118 -0.707109 -0.707105 -0.000118 -0.707109 
					</float_array>
					<technique_common>
						<accessor count="208" offset="0" source="#meshId28-bitangents-array" stride="3">
							<param name="X" type="float" />
							<param name="Y" type="float" />
							<param name="Z" type="float" />
						</accessor>
					</technique_common>
				</source>
				<source id="meshId28-tex0" name="meshId28-tex0">
					<float_array id="meshId28-tex0-array" count="416"> 
						0.826994 0.443286 0.818840 0.435133 0.832294 0.416615 0.842567 0.421849 0.839366 0.394846 0.850755 0.396649 0.839365 0.371956 0.850754 0.370152 0.832292 0.350187 0.842565 0.344952 0.818837 0.331670 0.826990 0.323516 0.800318 0.318216 0.805552 0.307943 0.778549 0.311144 0.780352 0.299756 0.755660 0.311145 0.753855 0.299756 0.733891 0.318219 0.728656 0.307945 0.715373 0.331673 0.707220 0.323520 0.701920 0.350192 0.691646 0.344957 0.694848 0.371961 0.683459 0.370158 0.694848 0.394850 0.683460 0.396654 0.701922 0.416619 0.691649 0.421854 0.715377 0.435137 0.707224 0.443290 0.733895 0.448590 0.728661 0.458864 0.755664 0.455663 0.753861 0.467051 0.778554 0.455662 0.780358 0.467050 0.800323 0.448588 0.805558 0.458861 0.587797 0.889090 0.581148 0.889090 0.581146 0.862606 0.587796 0.862606 0.581145 0.836122 0.587794 0.836121 0.798067 0.809626 0.804716 0.809627 0.804712 0.836111 0.798063 0.836110 0.804708 0.862595 0.798059 0.862594 0.804704 0.889080 0.798055 0.889079 0.804700 0.915564 0.798051 0.915563 0.755592 0.158978 0.748940 0.158977 0.748944 0.132481 0.755596 0.132482 0.748948 0.105985 0.755600 0.105986 0.748953 0.079489 0.755605 0.079490 
						0.748957 0.052993 0.755609 0.052994 0.748961 0.026496 0.755613 0.026497 0.748965 0.000000 0.755617 0.000001 0.806252 0.809994 0.812901 0.809995 0.812897 0.836479 0.806248 0.836478 0.812893 0.862964 0.806244 0.862963 0.812889 0.889448 0.806240 0.889447 0.812885 0.915932 0.806236 0.915931 0.587804 0.995027 0.581155 0.995028 0.581153 0.968543 0.587802 0.968543 0.581152 0.942059 0.587801 0.942058 0.581150 0.915575 0.587799 0.915574 0.872442 0.210933 0.877675 0.221207 0.852475 0.229391 0.850673 0.218003 0.825978 0.229387 0.827784 0.217999 0.800780 0.221195 0.806016 0.210922 0.779347 0.205617 0.787501 0.197466 0.763776 0.184179 0.774050 0.178946 0.755592 0.158978 0.766980 0.157176 0.755596 0.132482 0.766984 0.134288 0.763788 0.107284 0.774061 0.112520 0.779366 0.085850 0.787517 0.094005 0.800804 0.070280 0.806037 0.080554 0.826005 0.062096 0.827807 0.073484 0.852501 0.062100 0.850696 0.073488 0.877699 0.070292 0.872463 0.080564 0.899133 0.085870 0.890979 0.094021 0.914704 0.107308 0.904429 0.112541 0.922887 0.132509 0.911499 0.134311 0.922883 0.159005 0.911495 0.157199 0.914691 0.184203 0.904419 0.178967 0.899114 0.205637 0.890962 0.197482 
						0.949923 0.798741 0.941303 0.798742 0.941301 0.775852 0.949921 0.775851 0.949921 0.775851 0.941301 0.775852 0.941298 0.752962 0.949918 0.752961 0.949918 0.752961 0.941298 0.752962 0.941296 0.730072 0.949916 0.730071 0.949916 0.730071 0.941296 0.730072 0.941293 0.707182 0.949913 0.707181 0.949913 0.707181 0.941293 0.707182 0.941291 0.684293 0.949911 0.684292 0.622085 0.582448 0.630706 0.582449 0.630702 0.605339 0.622082 0.605338 0.622082 0.605338 0.630702 0.605339 0.630698 0.628229 0.622078 0.628228 0.622078 0.628228 0.630698 0.628229 0.630694 0.651119 0.622074 0.651118 0.622074 0.651118 0.630694 0.651119 0.630691 0.674009 0.622070 0.674007 0.917186 0.663482 0.908566 0.663483 0.908563 0.640593 0.917183 0.640592 0.917183 0.640592 0.908563 0.640593 0.908561 0.617703 0.917181 0.617702 0.917181 0.617702 0.908561 0.617703 0.908558 0.594813 0.917178 0.594812 0.917178 0.594812 0.908558 0.594813 0.908555 0.571923 0.917176 0.571922 0.917176 0.571922 0.908555 0.571923 0.908553 0.549033 0.917173 0.549032 0.917173 0.549032 0.908553 0.549033 0.908550 0.526144 0.917170 0.526143 0.888102 0.721537 0.896723 0.721539 0.896719 0.744429 0.888099 0.744427 
						0.888099 0.744427 0.896719 0.744429 0.896715 0.767319 0.888095 0.767317 0.888095 0.767317 0.896715 0.767319 0.896711 0.790209 0.888091 0.790207 0.888091 0.790207 0.896711 0.790209 0.896708 0.813098 0.888087 0.813097 0.949926 0.821631 0.941306 0.821632 0.941303 0.798742 0.949923 0.798741 
					</float_array>
					<technique_common>
						<accessor count="208" offset="0" source="#meshId28-tex0-array" stride="2">
							<param name="S" type="float" />
							<param name="T" type="float" />
						</accessor>
					</technique_common>
				</source>
				<vertices id="meshId28-vertices">
					<input semantic="POSITION" source="#meshId28-positions" />
				</vertices>
				<polylist count="160" material="defaultMaterial">
					<input offset="0" semantic="VERTEX" source="#meshId28-vertices" />
					<input offset="0" semantic="NORMAL" source="#meshId28-normals" />
					<input offset="0" semantic="TANGENT" source="#meshId28-tangents" />
					<input offset="0" semantic="BINORMAL" source="#meshId28-bitangents" />
					<input offset="0" semantic="TEXCOORD" source="#meshId28-tex0" set="0" />
					<vcount>
						3 3 3 3 3 3 3 3 3 3 3 3 3 3 3 3 3 3 3 3 3 3 3 3 3 3 3 3 3 3 3 3 3 3 3 3 3 3 3 3 3 3 3 3 3 3 3 3 3 3 3 3 3 3 3 3 3 3 3 3 3 3 3 3 
						3 3 3 3 3 3 3 3 3 3 3 3 3 3 3 3 3 3 3 3 3 3 3 3 3 3 3 3 3 3 3 3 3 3 3 3 3 3 3 3 3 3 3 3 3 3 3 3 3 3 3 3 3 3 3 3 3 3 3 3 3 3 3 3 
						3 3 3 3 3 3 3 3 3 3 3 3 3 3 3 3 3 3 3 3 3 3 3 3 3 3 3 3 3 3 3 3 
					</vcount>
					<p>
						0 1 2 2 3 0 3 2 4 4 5 3 5 4 6 6 7 5 7 6 8 8 9 7 9 8 10 10 11 9 11 10 12 12 13 11 13 12 14 14 15 13 15 14 16 16 17 15 17 16 18 18 19 17 19 18 20 20 21 19 21 20 22 22 23 21 23 22 24 24 25 23 25 24 26 26 27 25 27 26 28 28 29 27 29 28 30 30 31 29 31 30 32 32 33 31 33 32 34 34 35 33 35 34 36 36 37 35 37 36 38 38 39 37 39 38 1 1 0 39 40 41 42 42 43 40 43 42 44 44 45 43 46 47 48 48 49 46 49 48 50 50 51 49 51 50 52 52 53 51 53 52 54 54 55 53 56 57 58 58 59 56 59 58 60 60 61 59 61 60 62 62 63 61 63 62 64 64 65 63 65 64 66 66 67 65 67 66 68 68 69 67 
						70 71 72 72 73 70 73 72 74 74 75 73 75 74 76 76 77 75 77 76 78 78 79 77 80 81 82 82 83 80 83 82 84 84 85 83 85 84 86 86 87 85 87 86 41 41 40 87 88 89 90 90 91 88 91 90 92 92 93 91 93 92 94 94 95 93 95 94 96 96 97 95 97 96 98 98 99 97 99 98 100 100 101 99 101 100 102 102 103 101 103 102 104 104 105 103 105 104 106 106 107 105 107 106 108 108 109 107 109 108 110 110 111 109 111 110 112 112 113 111 113 112 114 114 115 113 115 114 116 116 117 115 117 116 118 118 119 117 119 118 120 120 121 119 121 120 122 122 123 121 123 122 124 124 125 123 125 124 126 126 127 125 127 126 89 89 88 127 128 129 130 130 131 128 132 133 134 134 135 132 136 137 138 138 139 136 140 141 142 142 143 140 
						144 145 146 146 147 144 148 149 150 150 151 148 152 153 154 154 155 152 156 157 158 158 159 156 160 161 162 162 163 160 164 165 166 166 167 164 168 169 170 170 171 168 172 173 174 174 175 172 176 177 178 178 179 176 180 181 182 182 183 180 184 185 186 186 187 184 188 189 190 190 191 188 192 193 194 194 195 192 196 197 198 198 199 196 200 201 202 202 203 200 204 205 206 206 207 204 
					</p>
				</polylist>
			</mesh>
		</geometry>
		<geometry id="meshId29" name="meshId29_name" >
			<mesh>
				<source id="meshId29-positions" name="meshId29-positions">
					<float_array id="meshId29-positions-array" count="732"> 
						-18.294842 0.733131 31.295204 -18.294842 0.733131 32.193512 -18.360781 0.781684 32.206413 -18.360781 0.781684 31.282303 -17.387114 0.786137 32.260834 -18.307743 0.781684 32.259453 -18.294842 0.733131 32.193512 -17.396534 0.733131 32.193512 -18.384769 0.858854 32.225536 -18.360781 0.781684 32.206413 -18.307743 0.781684 32.259453 -18.326866 0.858854 32.283440 -17.330595 0.781684 31.282303 -17.330595 0.781684 32.206413 -17.396534 0.733131 32.193512 -17.396534 0.733131 31.295204 -17.364510 0.858854 32.283440 -17.387114 0.786137 32.260834 -17.330595 0.781684 32.206413 -17.306606 0.858854 32.225536 -18.384769 0.858854 31.263178 -18.384769 0.858854 32.225536 -18.384769 0.940741 32.225536 -18.384769 0.940741 31.263178 -17.364510 0.940741 32.283440 -18.326866 0.940741 32.283440 -18.326866 0.858854 32.283440 -17.364510 0.858854 32.283440 -18.357809 1.027473 32.198784 -18.384769 0.940741 32.225536 -18.326866 0.940741 32.283440 -18.300276 1.027613 32.256435 -17.306606 0.940741 31.263178 -17.306606 0.940741 32.225536 -17.306606 0.858854 32.225536 -17.306606 0.858854 31.263178 -17.391264 1.027473 32.256477 -17.364510 0.940741 32.283440 -17.306606 0.940741 32.225536 -17.333567 1.027473 32.198784 -18.357809 1.027473 31.289932 -18.357809 1.027473 32.198784 -18.330311 1.104605 32.170872 -18.330311 1.104605 31.317844 -17.419436 1.104741 32.228928 -18.272202 1.104605 32.228981 -18.300276 1.027613 32.256435 -17.391264 1.027473 32.256477 -18.261671 1.274861 32.102554 -18.330311 1.104605 32.170872 -18.272202 1.104605 32.228981 -18.203968 1.274937 32.160309 -17.361065 1.104605 31.317844 -17.361065 1.104605 32.170872 -17.333567 1.027473 32.198784 -17.333567 1.027473 31.289932 -17.487492 1.274861 32.160339 -17.419436 1.104741 32.228928 -17.361065 1.104605 32.170872 -17.429705 1.274861 32.102554 -18.261671 1.274861 31.386162 -18.261671 1.274861 32.102554 -18.230913 1.350752 32.071564 -18.230913 1.350752 31.417149 
						-17.518627 1.350827 32.129551 -18.172895 1.350752 32.129581 -18.203968 1.274937 32.160309 -17.487492 1.274861 32.160339 -18.197218 1.433453 32.037842 -18.230913 1.350752 32.071564 -18.172895 1.350752 32.129581 -18.139071 1.433360 32.095924 -17.460463 1.350752 31.417149 -17.460463 1.350752 32.071564 -17.429705 1.274861 32.102554 -17.429705 1.274861 31.386162 -17.552202 1.433453 32.095886 -17.518627 1.350827 32.129551 -17.460463 1.350752 32.071564 -17.494158 1.433453 32.037842 -18.197218 1.433453 31.450871 -18.197218 1.433453 32.037842 -18.174433 1.512105 32.015339 -18.174433 1.512105 31.473373 -17.574547 1.512007 32.073120 -18.116671 1.512105 32.073101 -18.139071 1.433360 32.095924 -17.552202 1.433453 32.095886 -18.156963 1.610010 31.998207 -18.174433 1.512105 32.015339 -18.116671 1.512105 32.073101 -18.099957 1.610347 32.055573 -17.516943 1.512105 31.473373 -17.516943 1.512105 32.015339 -17.494158 1.433453 32.037842 -17.494158 1.433453 31.450871 -17.591837 1.610010 32.055634 -17.574547 1.512007 32.073120 -17.516943 1.512105 32.015339 -17.534412 1.610010 31.998207 -18.156963 1.610010 31.490505 -18.156963 1.610010 31.998207 -18.129477 1.687145 31.969765 -18.129477 1.687145 31.518948 -17.620922 1.687444 32.027981 -18.071096 1.687145 32.028145 -18.099957 1.610347 32.055573 -17.591837 1.610010 32.055634 -18.127043 1.691543 31.972904 -18.129477 1.687145 31.969765 -18.071096 1.687145 32.028145 -18.071362 1.687529 32.027931 -17.561899 1.687145 31.518948 -17.561899 1.687145 31.969765 -17.534412 1.610010 31.998207 -17.534412 1.610010 31.490505 -17.617140 1.691543 32.025711 -17.620922 1.687444 32.027981 -17.561899 1.687145 31.969765 -17.564333 1.691543 31.972904 -18.129263 1.687529 31.518684 -18.127043 1.691543 31.972904 -18.056503 1.733131 31.955172 -18.056503 1.733131 31.533543 -17.634872 1.733131 31.955172 -18.056503 1.733131 31.955172 -18.071362 1.687529 32.027931 -17.617140 1.691543 32.025711 
						-17.634872 1.733131 31.533543 -17.634872 1.733131 31.955172 -17.564333 1.691543 31.972904 -17.562113 1.687529 31.518684 -18.129477 1.687145 31.518948 -18.129263 1.687529 31.518684 -18.071362 1.687529 31.460781 -18.070454 1.687444 31.460735 -17.620014 1.687529 31.460781 -18.071362 1.687529 31.460781 -18.056503 1.733131 31.533543 -17.634872 1.733131 31.533543 -17.620279 1.687145 31.460569 -17.620014 1.687529 31.460781 -17.562113 1.687529 31.518684 -17.561899 1.687145 31.518948 -17.591419 1.610347 31.433140 -18.099539 1.610010 31.433081 -18.070454 1.687444 31.460735 -17.620279 1.687145 31.460569 -18.174433 1.512105 31.473373 -18.156963 1.610010 31.490505 -18.099539 1.610010 31.433081 -18.116829 1.512007 31.415594 -17.574705 1.512105 31.415613 -17.591419 1.610347 31.433140 -17.534412 1.610010 31.490505 -17.516943 1.512105 31.473373 -17.552305 1.433360 31.392788 -18.139174 1.433453 31.392826 -18.116829 1.512007 31.415594 -17.574705 1.512105 31.415613 -18.230913 1.350752 31.417149 -18.197218 1.433453 31.450871 -18.139174 1.433453 31.392826 -18.172749 1.350827 31.359161 -17.518480 1.350752 31.359131 -17.552305 1.433360 31.392788 -17.494158 1.433453 31.450871 -17.460463 1.350752 31.417149 -17.487408 1.274937 31.328403 -18.203884 1.274861 31.328373 -18.172749 1.350827 31.359161 -17.518480 1.350752 31.359131 -18.330311 1.104605 31.317844 -18.261671 1.274861 31.386162 -18.203884 1.274861 31.328373 -18.271940 1.104741 31.259789 -17.419174 1.104605 31.259735 -17.487408 1.274937 31.328403 -17.429705 1.274861 31.386162 -17.361065 1.104605 31.317844 -17.391100 1.027613 31.232281 -18.300112 1.027473 31.232237 -18.271940 1.104741 31.259789 -17.419174 1.104605 31.259735 -18.384769 0.940741 31.263178 -18.357809 1.027473 31.289932 -18.300112 1.027473 31.232237 -18.326866 0.940741 31.205276 -17.364510 0.940741 31.205276 -17.391100 1.027613 31.232281 -17.333567 1.027473 31.289932 -17.306606 0.940741 31.263178 
						-17.364510 0.858854 31.205276 -18.326866 0.858854 31.205276 -18.326866 0.940741 31.205276 -17.364510 0.940741 31.205276 -18.360781 0.781684 31.282303 -18.384769 0.858854 31.263178 -18.326866 0.858854 31.205276 -18.304262 0.786137 31.227879 -17.383633 0.781684 31.229263 -17.364510 0.858854 31.205276 -17.306606 0.858854 31.263178 -17.330595 0.781684 31.282303 -17.396534 0.733131 31.295204 -18.294842 0.733131 31.295204 -18.304262 0.786137 31.227879 -17.383633 0.781684 31.229263 -18.307743 0.781684 32.259453 -17.387114 0.786137 32.260834 -18.071362 1.687529 32.027931 -17.617140 1.691543 32.025711 -18.056503 1.733131 31.533543 -18.056503 1.733131 31.955172 -17.634872 1.733131 31.955172 -17.634872 1.733131 31.533543 -18.071362 1.687529 31.460781 -17.620014 1.687529 31.460781 -18.304262 0.786137 31.227879 -17.383633 0.781684 31.229263 -18.294842 0.733131 32.193512 -18.294842 0.733131 31.295204 -17.396534 0.733131 31.295204 -17.396534 0.733131 32.193512 -17.330595 0.781684 32.206413 -17.330595 0.781684 31.282303 -18.360781 0.781684 31.282303 -18.360781 0.781684 32.206413 -18.360781 0.781684 32.206413 -17.330595 0.781684 32.206413 -18.129477 1.687145 31.969765 -18.071096 1.687145 32.028145 -17.561899 1.687145 31.969765 -17.620922 1.687444 32.027981 -18.127043 1.691543 31.972904 -17.564333 1.691543 31.972904 -18.129263 1.687529 31.518684 -17.562113 1.687529 31.518684 -18.129477 1.687145 31.518948 -18.070454 1.687444 31.460735 -17.561899 1.687145 31.518948 -17.620279 1.687145 31.460569 -18.360781 0.781684 31.282303 -17.330595 0.781684 31.282303 
					</float_array>
					<technique_common>
						<accessor count="244" offset="0" source="#meshId29-positions-array" stride="3">
							<param name="X" type="float" />
							<param name="Y" type="float" />
							<param name="Z" type="float" />
						</accessor>
					</technique_common>
				</source>
				<source id="meshId29-normals" name="meshId29-normals">
					<float_array id="meshId29-normals-array" count="732"> 
						-0.592933 -0.805252 0.000000 -0.324810 -0.882660 0.339719 -0.612394 -0.787281 0.071856 -0.592933 -0.805252 0.000000 0.067824 -0.778206 0.624336 -0.068939 -0.778436 0.623927 -0.324810 -0.882660 0.339719 0.011018 -0.795738 0.605541 -0.695338 -0.181713 0.695331 -0.612394 -0.787281 0.071856 -0.068939 -0.778436 0.623927 -0.695338 -0.181714 0.695331 0.612393 -0.787281 -0.071856 0.592933 -0.805252 0.000000 0.592933 -0.805252 0.000000 0.324807 -0.882663 -0.339715 0.686952 -0.193036 0.700596 0.067824 -0.778206 0.624336 0.600678 -0.478164 0.640738 0.687407 -0.190417 0.700866 -0.990757 -0.135652 0.000000 -0.990756 -0.135653 0.000000 -0.990056 0.140675 0.000000 -0.990056 0.140674 0.000000 0.000001 0.140745 0.990046 0.000001 0.140867 0.990029 0.000000 -0.133319 0.991073 0.000000 -0.130141 0.991495 -0.640308 0.426037 0.639139 -0.690247 0.219050 0.689620 -0.690263 0.218950 0.689636 -0.640295 0.426076 0.639126 0.990056 0.140675 0.000000 0.990056 0.140677 0.000000 0.990758 -0.135643 0.000000 0.990758 -0.135641 0.000000 0.639295 0.426439 0.639885 0.689864 0.219459 0.689874 0.689864 0.219459 0.689874 0.639300 0.426424 0.639889 -0.950405 0.311016 0.000000 -0.950405 0.311016 0.000000 -0.934006 0.357257 0.000000 -0.934006 0.357257 0.000000 0.000003 0.357274 0.934000 0.000003 0.357266 0.934003 0.000003 0.311022 0.950403 0.000003 0.311008 0.950407 -0.614394 0.495742 0.613807 -0.619955 0.481945 0.619181 -0.619952 0.481952 0.619178 -0.614394 0.495744 0.613806 0.934009 0.357250 0.000000 0.934009 0.357250 0.000000 0.950405 0.311014 0.000000 0.950406 0.311013 0.000000 0.613657 0.495656 0.614615 0.619031 0.481864 0.620167 0.619056 0.481799 0.620193 0.613656 0.495656 0.614615 -0.927329 0.374248 0.000000 -0.927329 0.374248 0.000000 -0.926511 0.376267 0.000000 -0.926511 0.376267 0.000000 
						0.000001 0.376265 0.926512 0.000001 0.376264 0.926513 0.000000 0.374256 0.927325 0.000000 0.374256 0.927325 -0.633606 0.442924 0.634320 -0.612548 0.499433 0.612659 -0.612548 0.499434 0.612659 -0.633584 0.442987 0.634298 0.926513 0.376262 0.000000 0.926513 0.376262 0.000000 0.927330 0.374245 0.000000 0.927330 0.374246 0.000000 0.634047 0.442661 0.634063 0.612442 0.499061 0.613068 0.612442 0.499061 0.613068 0.634061 0.442622 0.634076 -0.939663 0.342101 0.000000 -0.939663 0.342101 0.000000 -0.972924 0.231125 0.000000 -0.972924 0.231125 0.000000 0.000010 0.231145 0.972919 0.000010 0.231023 0.972948 0.000006 0.342104 0.939662 0.000006 0.342064 0.939677 -0.665552 0.343753 0.662476 -0.674249 0.304041 0.673014 -0.674225 0.304139 0.672993 -0.665448 0.344157 0.662371 0.972919 0.231145 0.000000 0.972919 0.231145 0.000000 0.939662 0.342105 0.000000 0.939662 0.342105 0.000000 0.663030 0.345553 0.664067 0.673780 0.305084 0.673011 0.673813 0.304943 0.673043 0.663074 0.345389 0.664108 -0.972698 0.232076 0.000000 -0.972698 0.232076 0.000000 -0.940103 0.340890 0.000000 -0.940119 0.340847 0.000000 0.000111 0.341439 0.939904 0.000111 0.341132 0.940015 0.000040 0.232153 0.972679 0.000040 0.231962 0.972725 -0.702635 -0.111498 0.702760 -0.702635 -0.111498 0.702760 -0.702635 -0.111498 0.702760 -0.702635 -0.111498 0.702760 0.940130 0.340815 0.000000 0.940115 0.340858 0.000000 0.972701 0.232063 0.000000 0.972701 0.232063 0.000000 0.692584 -0.181653 0.698090 0.692584 -0.181653 0.698090 0.692584 -0.181653 0.698090 0.692584 -0.181653 0.698090 -0.526242 0.849866 -0.028221 -0.523626 0.851590 0.024716 -0.286354 0.916723 0.278605 -0.280740 0.913787 -0.293562 0.280762 0.917793 0.280763 -0.286354 0.916723 0.278605 -0.023690 0.849953 0.526325 0.020166 0.852157 0.522898 
						0.280741 0.913787 -0.293562 0.280762 0.917793 0.280763 0.524593 0.851116 0.020094 0.526241 0.849867 -0.028221 -0.413707 -0.808575 -0.418393 -0.413707 -0.808575 -0.418393 -0.413707 -0.808575 -0.418393 -0.413707 -0.808575 -0.418393 0.025656 0.848839 -0.528029 -0.025700 0.849354 -0.527197 -0.280740 0.913787 -0.293562 0.280741 0.913787 -0.293562 0.704343 -0.088881 -0.704274 0.704343 -0.088881 -0.704274 0.704343 -0.088881 -0.704274 0.704343 -0.088881 -0.704274 -0.000043 0.232148 -0.972680 -0.000043 0.231958 -0.972726 -0.000119 0.337068 -0.941480 -0.000119 0.336848 -0.941559 -0.673803 0.304952 -0.673049 -0.663061 0.345386 -0.664123 -0.663016 0.345551 -0.664081 -0.673771 0.305093 -0.673017 0.674222 0.304138 -0.672997 0.665440 0.344159 -0.662378 0.665544 0.343755 -0.662483 0.674245 0.304041 -0.673018 -0.000008 0.342115 -0.939658 -0.000008 0.342076 -0.939672 -0.000011 0.231154 -0.972917 -0.000011 0.231032 -0.972946 -0.612455 0.499050 -0.613065 -0.634058 0.442630 -0.634074 -0.634044 0.442670 -0.634060 -0.612455 0.499050 -0.613065 0.612563 0.499421 -0.612654 0.633584 0.442985 -0.634299 0.633606 0.442922 -0.634321 0.612563 0.499421 -0.612654 0.000000 0.374242 -0.927331 0.000000 0.374242 -0.927331 -0.000001 0.376265 -0.926512 -0.000001 0.376264 -0.926512 -0.619069 0.481799 -0.620180 -0.613677 0.495645 -0.614604 -0.613677 0.495645 -0.614604 -0.619044 0.481864 -0.620155 0.619965 0.481945 -0.619170 0.614415 0.495732 -0.613795 0.614416 0.495730 -0.613795 0.619968 0.481938 -0.619173 -0.000001 0.311020 -0.950403 -0.000001 0.311006 -0.950408 -0.000003 0.357269 -0.934002 -0.000003 0.357261 -0.934005 -0.689854 0.219467 -0.689881 -0.639299 0.426439 -0.639881 -0.639294 0.426453 -0.639876 -0.689854 0.219468 -0.689881 0.690250 0.218948 -0.689649 0.640292 0.426071 -0.639131 0.640305 0.426033 -0.639144 0.690235 0.219047 -0.689633 
						0.000000 -0.133309 -0.991075 0.000000 -0.130130 -0.991497 0.000001 0.140740 -0.990047 0.000001 0.140863 -0.990029 -0.600677 -0.478175 -0.640731 -0.687398 -0.190417 -0.700875 -0.686943 -0.193038 -0.700604 -0.067822 -0.778214 -0.624326 0.068938 -0.778444 -0.623917 0.695326 -0.181720 -0.695341 0.695326 -0.181719 -0.695341 0.612393 -0.787281 -0.071856 0.324807 -0.882663 -0.339715 -0.011017 -0.795746 -0.605530 -0.067822 -0.778214 -0.624326 0.068938 -0.778444 -0.623917 0.000000 -0.296843 0.954926 0.000000 -0.296843 0.954926 -0.023690 0.849953 0.526325 0.020166 0.852157 0.522898 0.000000 1.000000 0.000000 0.000000 1.000000 0.000000 0.000000 1.000000 0.000000 0.000000 1.000000 0.000000 -0.025700 0.849354 -0.527197 0.025656 0.848839 -0.528029 0.000000 -0.296821 -0.954933 0.000000 -0.296821 -0.954933 0.000000 -1.000000 0.000000 0.000000 -1.000000 0.000000 0.000000 -1.000000 0.000000 0.000000 -1.000000 0.000000 0.954924 -0.296852 0.000000 0.954924 -0.296852 0.000000 -0.954917 -0.296872 0.000000 -0.954917 -0.296872 0.000000 -0.612394 -0.787281 0.071856 0.600678 -0.478164 0.640738 -0.630160 0.458187 0.626867 -0.630160 0.458187 0.626867 0.626936 0.458147 0.630121 0.626936 0.458147 0.630121 -0.523626 0.851590 0.024716 0.524593 0.851116 0.020094 -0.526242 0.849866 -0.028221 0.526241 0.849867 -0.028221 -0.626922 0.458151 -0.630132 -0.626922 0.458151 -0.630132 0.630149 0.458195 -0.626873 0.630149 0.458195 -0.626873 -0.600677 -0.478175 -0.640731 0.612393 -0.787281 -0.071856 
					</float_array>
					<technique_common>
						<accessor count="244" offset="0" source="#meshId29-normals-array" stride="3">
							<param name="X" type="float" />
							<param name="Y" type="float" />
							<param name="Z" type="float" />
						</accessor>
					</technique_common>
				</source>
				<source id="meshId29-tangents" name="meshId29-tangents">
					<float_array id="meshId29-tangents-array" count="732"> 
						-0.778845 0.573489 -0.253991 -0.945320 0.291791 -0.145702 -0.774713 0.579535 -0.252900 -0.778825 0.573474 -0.254086 0.994941 0.099244 0.015619 0.993943 -0.107248 -0.023984 0.945678 -0.308346 0.103029 0.998058 0.045882 0.042133 -0.372470 0.918548 -0.132427 -0.790479 0.608559 -0.069269 -0.791596 0.423306 0.440668 -0.372539 0.918508 -0.132505 0.044054 -0.056767 0.997415 -0.000064 -0.000047 1.000000 -0.000064 -0.000047 1.000000 0.117241 -0.318843 0.940528 -0.703771 0.063562 0.707578 -0.755248 0.368851 0.541802 -0.696431 0.080652 0.713077 -0.710903 0.021062 0.702974 -0.130920 0.956200 -0.261805 -0.131433 0.959935 -0.247486 0.135957 0.956848 -0.256823 0.136091 0.957804 -0.253160 0.433042 0.892401 -0.126864 0.433052 0.892381 -0.126974 0.433056 0.893321 0.120169 0.433111 0.893675 0.117301 0.323839 0.904248 -0.278323 0.066319 0.968216 -0.241164 0.057636 0.966727 -0.249234 0.316574 0.904481 -0.285823 0.000014 -0.000097 1.000000 0.000012 -0.000087 1.000000 -0.000012 -0.000084 1.000000 -0.000015 -0.000112 1.000000 -0.657647 -0.128034 0.742366 -0.700999 -0.035488 0.712278 -0.690808 -0.085427 0.717974 -0.643534 -0.158797 0.748764 0.301480 0.921264 -0.245728 0.300122 0.917114 -0.262351 0.344778 0.901380 -0.261997 0.346465 0.905791 -0.243935 0.429191 0.843601 -0.322696 0.429217 0.843592 -0.322684 0.429171 0.858425 -0.280923 0.429141 0.858443 -0.280915 0.412067 0.865041 -0.286190 0.390341 0.873988 -0.289447 0.388353 0.874162 -0.291586 0.411555 0.865099 -0.286753 0.000029 -0.000076 1.000000 0.000030 -0.000079 1.000000 0.000027 -0.000082 1.000000 0.000025 -0.000076 1.000000 -0.612831 -0.191829 0.766576 -0.627049 -0.172211 0.759706 -0.620934 -0.183238 0.762145 -0.612235 -0.192843 0.766798 0.362830 0.899038 -0.245123 0.360857 0.894148 -0.265108 0.362954 0.893730 -0.263647 0.365266 0.899423 -0.240038 
						0.429118 0.836870 -0.339861 0.429102 0.836878 -0.339863 0.429090 0.837618 -0.338051 0.429090 0.837618 -0.338051 0.345753 0.895579 -0.279988 0.415701 0.862794 -0.287714 0.414603 0.862920 -0.288917 0.345376 0.895573 -0.280471 0.000028 -0.000070 1.000000 0.000028 -0.000068 1.000000 0.000030 -0.000075 1.000000 0.000031 -0.000078 1.000000 -0.628485 -0.182745 0.756050 -0.611313 -0.192714 0.767566 -0.614724 -0.186936 0.766270 -0.636439 -0.167034 0.753024 0.331872 0.911565 -0.242714 0.329831 0.905959 -0.265423 0.223271 0.939862 -0.258474 0.224282 0.944120 -0.241527 0.429577 0.878575 -0.208735 0.429603 0.878588 -0.208622 0.429546 0.848556 -0.308938 0.429572 0.848558 -0.308897 0.234011 0.938973 -0.252127 0.186357 0.951875 -0.243321 0.187801 0.951916 -0.242045 0.227331 0.938655 -0.259323 0.000015 -0.000062 1.000000 0.000010 -0.000043 1.000000 0.000021 -0.000058 1.000000 0.000021 -0.000058 1.000000 -0.663398 -0.139775 0.735096 -0.662459 -0.154109 0.733075 -0.666386 -0.142733 0.731818 -0.660670 -0.147070 0.736129 0.225257 0.944119 -0.240620 0.224004 0.938866 -0.261445 0.328107 0.904851 -0.271274 0.330690 0.912105 -0.242300 0.430576 0.848298 -0.308212 0.438646 0.844738 -0.306608 0.430274 0.878032 -0.209581 0.430285 0.878068 -0.209407 -0.137768 0.990275 0.019371 -0.137534 0.990303 0.019609 -0.240763 0.966645 -0.087355 -0.247866 0.964140 -0.094854 0.000032 -0.000088 1.000000 0.000100 -0.000275 1.000000 0.000032 -0.000133 1.000000 0.000017 -0.000069 1.000000 -0.721336 -0.176544 0.669707 -0.721336 -0.176535 0.669709 -0.721335 -0.176874 0.669620 -0.721335 -0.176898 0.669614 0.825243 0.502430 -0.257948 0.815331 0.509323 -0.275365 0.886198 0.363950 -0.286695 0.956334 0.240414 -0.166214 -0.959775 0.269126 0.080019 -0.958036 -0.277891 -0.070310 -0.997946 -0.051449 0.038166 -0.998441 0.044395 -0.033844 
						0.088872 0.279799 0.955936 -0.080625 -0.268942 0.959776 -0.009668 -0.017645 0.999798 0.015691 0.023477 0.999601 0.577573 -0.588345 0.565914 0.577702 -0.588344 0.565785 0.564940 -0.588385 0.578486 0.564924 -0.588385 0.578501 -0.997299 0.058094 0.044932 -0.998249 -0.049916 -0.031755 -0.959780 -0.268122 0.083261 -0.959632 0.272689 -0.068906 0.706485 0.184402 0.683282 0.706486 0.184383 0.683286 0.706243 0.187763 0.682616 0.706243 0.187770 0.682615 -0.004929 -0.972669 -0.232145 -0.004930 -0.972714 -0.231955 -0.024531 -0.941198 -0.336964 0.000241 -0.941559 -0.336848 0.503518 0.856139 -0.116174 0.534124 0.839883 -0.096478 0.533103 0.840725 -0.094782 0.503073 0.856510 -0.115362 0.665026 0.146297 0.732351 0.657047 0.151043 0.738563 0.660057 0.143241 0.737433 0.662447 0.153824 0.733146 -0.004951 -0.939647 -0.342111 -0.004924 -0.939661 -0.342072 -0.004900 -0.972906 -0.231151 -0.004956 -0.972934 -0.231029 0.673732 0.735202 -0.074590 0.623074 0.778070 -0.079908 0.622002 0.779117 -0.078045 0.673342 0.735634 -0.073848 0.614412 0.186760 0.766563 0.636065 0.168486 0.753016 0.630506 0.179510 0.755141 0.612054 0.190758 0.767464 -0.004902 -0.927320 -0.374238 -0.004919 -0.927320 -0.374238 -0.004942 -0.926501 -0.376260 -0.004890 -0.926501 -0.376260 0.660417 0.746718 -0.079131 0.673544 0.734811 -0.079943 0.673463 0.734902 -0.079789 0.660712 0.746411 -0.079562 0.621593 0.179883 0.762407 0.611842 0.191805 0.767372 0.612402 0.190852 0.767163 0.625992 0.171951 0.760636 -0.004872 -0.950392 -0.311016 -0.004859 -0.950397 -0.311002 -0.004932 -0.933990 -0.357264 -0.004870 -0.933994 -0.357257 0.416300 0.899884 -0.130010 0.615206 0.782872 -0.092914 0.615746 0.782344 -0.093784 0.420903 0.896920 -0.135555 0.691471 0.081138 0.717833 0.645555 0.152434 0.748346 0.656482 0.128485 0.743319 0.700472 0.036688 0.712736 
						-0.004972 -0.991062 0.133307 -0.005038 -0.991484 0.130128 -0.004988 -0.990034 -0.140738 -0.004951 -0.990017 -0.140861 -0.316695 0.878177 -0.358483 -0.030475 0.971731 -0.234115 -0.017659 0.968224 -0.249461 -0.317085 0.610134 -0.726081 0.755683 -0.367550 0.542079 0.704670 -0.017819 0.709311 0.697832 -0.060713 0.713684 0.446384 0.269337 0.853346 0.945680 0.308343 0.103030 0.998054 -0.045915 0.042180 0.994936 -0.099281 0.015671 0.993943 0.107244 -0.023983 0.429013 0.862583 0.268138 0.429169 0.862513 0.268116 0.500396 0.465857 -0.729781 0.469347 0.453725 -0.757527 -0.999971 0.000000 0.007635 -0.999970 0.000000 0.007693 -0.999971 0.000000 0.007635 -0.999971 0.000000 0.007577 -0.056856 -0.527760 -0.847489 0.019828 -0.528531 -0.848683 -0.004904 -0.954922 0.296817 -0.004933 -0.954921 0.296817 1.000000 0.000000 0.000663 1.000000 0.000000 0.000663 1.000000 0.000000 0.000663 1.000000 0.000000 0.000663 -0.000023 -0.000075 1.000000 -0.000033 -0.000107 1.000000 -0.286172 0.920499 -0.266060 -0.288079 0.926634 -0.241578 0.787227 -0.598965 0.146677 0.768471 0.566394 -0.297741 0.347538 0.888388 -0.299973 0.332129 0.888808 -0.315770 -0.637521 -0.163192 0.752951 -0.644456 -0.149487 0.749887 -0.849328 -0.519522 -0.093487 -0.847932 0.520226 0.101864 -0.846315 -0.520243 0.114446 -0.847345 0.521321 -0.101148 0.627835 0.775997 -0.060431 0.625264 0.778392 -0.056132 0.637999 0.154625 0.754353 0.631038 0.168221 0.757293 0.768439 -0.566498 -0.297627 0.787228 0.598964 0.146677 
					</float_array>
					<technique_common>
						<accessor count="244" offset="0" source="#meshId29-tangents-array" stride="3">
							<param name="X" type="float" />
							<param name="Y" type="float" />
							<param name="Z" type="float" />
						</accessor>
					</technique_common>
				</source>
				<source id="meshId29-bitangents" name="meshId29-bitangents">
					<float_array id="meshId29-bitangents-array" count="732"> 
						0.204527 -0.150600 -0.967206 0.029478 -0.368469 -0.929173 0.157461 -0.210542 -0.964820 0.204604 -0.150656 -0.967182 -0.074117 0.620118 0.781000 0.085586 0.618494 0.781115 0.013811 0.354730 0.934867 -0.061310 0.603901 0.794698 -0.614631 -0.351071 -0.706384 0.010806 -0.099221 -0.995007 -0.607144 -0.463519 -0.645389 -0.614589 -0.351173 -0.706369 -0.789325 -0.613976 -0.000081 -0.805252 -0.592933 -0.000079 -0.805252 -0.592933 -0.000079 -0.938485 -0.345319 -0.000078 -0.181119 -0.979131 -0.092189 -0.651920 -0.508276 -0.562722 -0.392645 -0.874560 -0.284562 -0.148620 -0.981477 -0.120890 0.035514 -0.259385 -0.965121 0.033572 -0.245199 -0.968891 -0.036129 -0.254269 -0.966459 -0.035613 -0.250643 -0.967424 -0.901374 0.428731 -0.060948 -0.901369 0.428734 -0.061002 -0.901367 0.429190 0.057735 -0.901340 0.429428 0.056366 -0.696516 0.028766 -0.716965 -0.720528 -0.120728 -0.682835 -0.721259 -0.132289 -0.679915 -0.699859 0.019320 -0.714019 0.140675 -0.990056 -0.000098 0.140677 -0.990056 -0.000088 -0.135643 -0.990758 -0.000085 -0.135641 -0.990758 -0.000113 0.398501 -0.895409 0.198594 0.180798 -0.974976 0.129358 0.216500 -0.971874 0.092671 0.420904 -0.890475 0.172899 -0.076425 -0.233541 -0.969339 -0.081595 -0.249340 -0.964972 -0.093600 -0.244706 -0.965069 -0.087147 -0.227837 -0.969792 -0.903214 0.400866 -0.153336 -0.903201 0.400891 -0.153342 -0.903223 0.407886 -0.133479 -0.903238 0.407860 -0.133464 -0.672845 0.077096 -0.735755 -0.680654 0.062248 -0.729956 -0.681793 0.059690 -0.729106 -0.673159 0.076435 -0.735537 0.357250 -0.934009 -0.000082 0.357250 -0.934009 -0.000085 0.311014 -0.950405 -0.000087 0.311013 -0.950406 -0.000080 0.497859 -0.847070 0.186036 0.472875 -0.859157 0.195549 0.480843 -0.856909 0.185731 0.498592 -0.846839 0.185119 -0.091737 -0.227310 -0.969492 -0.099216 -0.245843 -0.964219 -0.099202 -0.244272 -0.964619 -0.090318 -0.222397 -0.970764 
						-0.903248 0.397584 -0.161461 -0.903256 0.397569 -0.161455 -0.903262 0.397906 -0.160590 -0.903262 0.397906 -0.160590 -0.692097 0.041916 -0.720586 -0.672293 0.078444 -0.736118 -0.672971 0.077034 -0.735647 -0.692305 0.041369 -0.720418 0.376262 -0.926513 -0.000075 0.376262 -0.926513 -0.000074 0.374245 -0.927330 -0.000081 0.374246 -0.927330 -0.000084 0.450546 -0.877870 0.162337 0.501209 -0.844866 0.187056 0.497020 -0.846164 0.192298 0.439217 -0.881014 0.175792 -0.083033 -0.228069 -0.970098 -0.090801 -0.249408 -0.964132 -0.059740 -0.251476 -0.966018 -0.055823 -0.234987 -0.970394 -0.903030 0.417946 -0.099286 -0.903018 0.417984 -0.099240 -0.903045 0.403630 -0.146944 -0.903033 0.403660 -0.146936 -0.708717 -0.012777 -0.705378 -0.714604 -0.038638 -0.698461 -0.714249 -0.036804 -0.698924 -0.710985 -0.021989 -0.702863 0.231145 -0.972919 -0.000063 0.231145 -0.972919 -0.000044 0.342105 -0.939662 -0.000062 0.342105 -0.939662 -0.000061 0.346834 -0.927931 0.136564 0.327367 -0.939773 0.098270 0.319228 -0.941614 0.107034 0.351921 -0.926864 0.130670 -0.055842 -0.234050 -0.970619 -0.060675 -0.254307 -0.965218 -0.092475 -0.255026 -0.962502 -0.082587 -0.227790 -0.970201 -0.902554 0.404734 -0.146921 -0.898660 0.412368 -0.149542 -0.902698 0.418527 -0.099854 -0.902693 0.418557 -0.099775 -0.698086 -0.083207 -0.711163 -0.698132 -0.082876 -0.711156 -0.669580 -0.230577 -0.706043 -0.666983 -0.240838 -0.705075 0.340815 -0.940130 -0.000093 0.340858 -0.940115 -0.000293 0.232063 -0.972701 -0.000137 0.232063 -0.972701 -0.000071 0.001589 -0.967385 -0.253304 0.001583 -0.967387 -0.253298 0.001836 -0.967325 -0.253533 0.001853 -0.967321 -0.253549 -0.205042 -0.159032 -0.965747 -0.247086 -0.124037 -0.961022 -0.364218 0.164803 -0.916616 -0.081308 -0.327406 -0.941379 -0.002120 -0.291936 0.956436 0.012967 -0.287047 0.957829 0.059519 -0.524340 0.849426 -0.052054 -0.521400 0.851723 
						0.955660 -0.294460 -0.002659 0.956385 -0.292105 -0.001511 0.851298 -0.524681 -0.001028 0.850191 -0.526474 -0.000981 -0.703744 -0.007530 0.710414 -0.703638 -0.007637 0.710517 -0.713925 0.002957 0.700215 -0.713938 0.002970 0.700202 0.068815 0.525450 0.848037 -0.053286 0.525458 0.849149 -0.002628 0.305130 0.952307 0.017085 0.301056 0.953453 0.069138 -0.978824 0.192675 0.069125 -0.978827 0.192662 0.071565 -0.978185 0.195021 0.071570 -0.978183 0.195026 -0.999988 0.004785 0.001186 -0.999988 0.004785 0.001185 -0.999699 0.023056 0.008381 -1.000000 -0.000267 0.000031 0.540796 -0.417170 -0.730417 0.524463 -0.418694 -0.741372 0.525557 -0.416865 -0.741628 0.541249 -0.416304 -0.730575 0.321193 -0.941327 -0.103623 0.354231 -0.926683 -0.125619 0.348391 -0.928070 -0.131565 0.326432 -0.940158 -0.097696 -0.999988 0.004649 0.001701 -0.999988 0.004624 0.001692 -0.999988 0.004764 0.001143 -0.999988 0.004819 0.001156 0.413502 -0.458724 -0.786504 0.457984 -0.445742 -0.769133 0.459458 -0.443870 -0.769335 0.414137 -0.458031 -0.786574 0.497257 -0.845990 -0.192448 0.440446 -0.880555 -0.175017 0.448336 -0.878405 -0.165527 0.500156 -0.845098 -0.188821 -0.999988 0.004546 0.001835 -0.999988 0.004562 0.001841 -0.999988 0.004578 0.001860 -0.999988 0.004531 0.001841 0.424974 -0.458565 -0.780458 0.411994 -0.463022 -0.784775 0.412126 -0.462878 -0.784791 0.424552 -0.458996 -0.780434 0.478816 -0.857538 -0.188053 0.498140 -0.847030 -0.185462 0.497450 -0.847247 -0.186324 0.473047 -0.859167 -0.195085 -0.999988 0.004630 0.001516 -0.999988 0.004618 0.001512 -0.999988 0.004606 0.001765 -0.999988 0.004547 0.001743 0.592280 -0.376886 -0.712153 0.461322 -0.453058 -0.762837 0.460608 -0.453957 -0.762734 0.589018 -0.383886 -0.711119 0.213125 -0.972357 -0.095391 0.416274 -0.891755 -0.177450 0.398799 -0.895537 -0.197413 0.181424 -0.975024 -0.128113 
						-0.999988 0.004928 -0.000663 -0.999987 0.004995 -0.000656 -0.999988 0.004938 0.000701 -0.999988 0.004902 0.000696 0.734092 -0.012416 -0.678936 0.725641 -0.139571 -0.673769 0.726497 -0.158994 -0.668523 0.945969 0.148720 -0.288140 -0.651299 -0.508854 0.562919 -0.141286 -0.983189 0.115663 -0.171906 -0.981474 0.084594 -0.652469 -0.554658 0.516370 0.013808 -0.354726 0.934868 -0.061367 -0.603887 0.794704 -0.074180 -0.620101 0.781007 0.085581 -0.618485 0.781123 -0.903298 0.409676 0.127350 -0.903224 0.409824 0.127396 -0.865472 0.246083 -0.436350 -0.882784 0.260697 -0.390807 0.007635 0.000000 0.999971 0.007693 0.000000 0.999970 0.007635 0.000000 0.999971 0.007577 0.000000 0.999971 -0.998052 0.008194 0.061855 -0.999474 0.011304 -0.030391 -0.999988 0.004683 -0.001456 -0.999988 0.004711 -0.001464 -0.000663 0.000000 1.000000 -0.000663 0.000000 1.000000 -0.000663 0.000000 1.000000 -0.000663 0.000000 1.000000 -0.296852 -0.954924 -0.000079 -0.296852 -0.954924 -0.000112 0.078986 -0.254065 -0.963957 0.071718 -0.230687 -0.970381 -0.072437 0.146391 0.986571 -0.220541 0.671235 0.707676 -0.694345 0.028829 -0.719064 -0.701846 0.009215 -0.712269 0.447793 -0.873768 0.189767 0.437753 -0.876216 0.201537 -0.066772 -0.069944 0.995314 0.076245 -0.070476 0.994595 0.082582 0.084110 0.993029 -0.071250 0.077141 0.994471 0.461294 -0.433505 -0.774133 0.464773 -0.429189 -0.774456 0.442571 -0.875299 -0.194891 0.452441 -0.872788 -0.183134 -0.220655 -0.671140 0.707731 -0.072437 -0.146391 0.986571 
					</float_array>
					<technique_common>
						<accessor count="244" offset="0" source="#meshId29-bitangents-array" stride="3">
							<param name="X" type="float" />
							<param name="Y" type="float" />
							<param name="Z" type="float" />
						</accessor>
					</technique_common>
				</source>
				<source id="meshId29-tex0" name="meshId29-tex0">
					<float_array id="meshId29-tex0-array" count="488"> 
						0.493016 0.946463 0.474738 0.875826 0.480989 0.873133 0.499789 0.945786 0.735538 0.087966 0.659610 0.087702 0.660734 0.080978 0.734681 0.080929 0.487037 0.870064 0.480989 0.873133 0.478728 0.867187 0.485105 0.863846 0.801945 0.162457 0.877235 0.162451 0.876191 0.169199 0.802991 0.169205 0.885235 0.156144 0.883889 0.162864 0.877235 0.162451 0.878696 0.155802 0.506569 0.945536 0.487037 0.870064 0.493501 0.868415 0.513020 0.943845 0.527279 0.788406 0.493141 0.860267 0.487027 0.857362 0.521164 0.785501 0.501234 0.868583 0.493501 0.868415 0.492328 0.862063 0.500661 0.862007 0.800505 0.149119 0.878674 0.149112 0.878696 0.155802 0.800484 0.155811 0.883110 0.140554 0.885141 0.148661 0.878674 0.149112 0.876566 0.141644 0.519701 0.939947 0.501234 0.868583 0.508311 0.869019 0.525679 0.936133 0.538238 0.798639 0.507977 0.862312 0.500878 0.861508 0.533112 0.793625 0.524352 0.870432 0.508311 0.869019 0.507977 0.862312 0.524112 0.863731 0.804813 0.134885 0.874364 0.134879 0.876566 0.141644 0.802612 0.141650 0.875537 0.118208 0.880969 0.133500 0.874364 0.134879 0.868960 0.119655 0.539021 0.927118 0.524352 0.870432 0.531529 0.871102 0.544973 0.923052 
						0.554537 0.815460 0.531322 0.864313 0.524112 0.863731 0.549521 0.810227 0.539372 0.871820 0.531529 0.871102 0.531262 0.864356 0.538933 0.865023 0.812669 0.112857 0.866505 0.112853 0.868960 0.119655 0.810216 0.119660 0.870540 0.104130 0.873128 0.111407 0.866505 0.112853 0.863836 0.105416 0.551483 0.918620 0.539372 0.871820 0.546392 0.871837 0.557613 0.915199 0.565323 0.825702 0.546100 0.866187 0.539183 0.864951 0.560008 0.821132 0.554657 0.871095 0.546392 0.871837 0.545682 0.865098 0.553994 0.864476 0.817118 0.098605 0.862054 0.098603 0.863836 0.105416 0.815338 0.105419 0.867318 0.089394 0.868774 0.097610 0.862054 0.098603 0.860697 0.090388 0.565200 0.911838 0.554657 0.871095 0.561758 0.871560 0.571178 0.907986 0.577252 0.835613 0.561258 0.869216 0.554145 0.868479 0.572143 0.830524 0.562090 0.871190 0.561758 0.871560 0.561215 0.864475 0.561247 0.864496 0.820714 0.083615 0.858462 0.083604 0.860697 0.090388 0.818474 0.090391 0.865158 0.082078 0.865490 0.082357 0.858462 0.083604 0.858738 0.083188 0.571219 0.907998 0.562090 0.871190 0.568978 0.870975 0.577735 0.905011 0.817048 0.042024 0.851757 0.041757 0.853136 0.048790 0.815551 0.048752 
						0.821954 0.076498 0.857215 0.076444 0.858738 0.083188 0.820691 0.083578 0.335641 0.006822 0.335609 0.006794 0.335591 0.000056 0.335641 0.000000 0.815390 0.000284 0.852785 0.000000 0.851493 0.007050 0.816787 0.007313 0.813654 0.082313 0.813681 0.082286 0.820691 0.083578 0.820714 0.083615 0.481474 0.251465 0.481708 0.293282 0.474929 0.290922 0.474774 0.253873 0.557613 0.915199 0.565200 0.911838 0.567838 0.917986 0.560254 0.921437 0.810392 0.097599 0.811869 0.089361 0.818474 0.090391 0.817118 0.098605 0.496418 0.248172 0.496647 0.296471 0.489907 0.294665 0.489680 0.250049 0.544973 0.923052 0.551483 0.918620 0.554399 0.924769 0.548022 0.929081 0.806050 0.111421 0.808625 0.104137 0.815338 0.105419 0.812669 0.112857 0.510466 0.242762 0.510762 0.301727 0.504004 0.299198 0.503746 0.245352 0.525679 0.936133 0.539021 0.927118 0.542059 0.933104 0.528659 0.942162 0.798214 0.133524 0.803647 0.118210 0.810216 0.119660 0.804813 0.134885 0.532268 0.234729 0.532648 0.309539 0.525885 0.307254 0.525553 0.237072 0.513020 0.943845 0.519701 0.939947 0.522385 0.945990 0.515070 0.949973 0.794042 0.148662 0.796081 0.140554 0.802612 0.141650 0.800505 0.149119 
						0.546484 0.232471 0.546873 0.311671 0.540134 0.311705 0.539745 0.232504 0.499789 0.945786 0.506569 0.945536 0.507871 0.951931 0.501051 0.952310 0.795601 0.163159 0.793958 0.156126 0.800484 0.155811 0.801945 0.162457 0.734637 0.006988 0.660691 0.007037 0.659834 0.000000 0.735762 0.000264 0.481671 0.853068 0.514676 0.784487 0.561281 0.869252 0.577735 0.835496 0.851493 0.007050 0.851757 0.041757 0.817048 0.042024 0.816787 0.007313 0.474921 0.290997 0.474738 0.253851 0.553131 0.309780 0.553142 0.234012 0.660734 0.080978 0.660691 0.007037 0.734637 0.006988 0.734681 0.080929 0.877235 0.162451 0.801945 0.162457 0.499789 0.945786 0.480989 0.873133 0.654836 0.083242 0.740560 0.083286 0.561758 0.871560 0.561215 0.864475 0.858462 0.083604 0.865490 0.082357 0.857912 0.044077 0.810914 0.044369 0.857919 0.004807 0.810329 0.005168 0.571178 0.907986 0.574254 0.914484 0.820714 0.083615 0.813654 0.082313 0.654811 0.004681 0.740536 0.004724 
					</float_array>
					<technique_common>
						<accessor count="244" offset="0" source="#meshId29-tex0-array" stride="2">
							<param name="S" type="float" />
							<param name="T" type="float" />
						</accessor>
					</technique_common>
				</source>
				<vertices id="meshId29-vertices">
					<input semantic="POSITION" source="#meshId29-positions" />
				</vertices>
				<polylist count="204" material="defaultMaterial">
					<input offset="0" semantic="VERTEX" source="#meshId29-vertices" />
					<input offset="0" semantic="NORMAL" source="#meshId29-normals" />
					<input offset="0" semantic="TANGENT" source="#meshId29-tangents" />
					<input offset="0" semantic="BINORMAL" source="#meshId29-bitangents" />
					<input offset="0" semantic="TEXCOORD" source="#meshId29-tex0" set="0" />
					<vcount>
						3 3 3 3 3 3 3 3 3 3 3 3 3 3 3 3 3 3 3 3 3 3 3 3 3 3 3 3 3 3 3 3 3 3 3 3 3 3 3 3 3 3 3 3 3 3 3 3 3 3 3 3 3 3 3 3 3 3 3 3 3 3 3 3 
						3 3 3 3 3 3 3 3 3 3 3 3 3 3 3 3 3 3 3 3 3 3 3 3 3 3 3 3 3 3 3 3 3 3 3 3 3 3 3 3 3 3 3 3 3 3 3 3 3 3 3 3 3 3 3 3 3 3 3 3 3 3 3 3 
						3 3 3 3 3 3 3 3 3 3 3 3 3 3 3 3 3 3 3 3 3 3 3 3 3 3 3 3 3 3 3 3 3 3 3 3 3 3 3 3 3 3 3 3 3 3 3 3 3 3 3 3 3 3 3 3 3 3 3 3 3 3 3 3 
						3 3 3 3 3 3 3 3 3 3 3 3 
					</vcount>
					<p>
						0 1 2 2 3 0 4 5 6 6 7 4 8 9 10 10 11 8 12 13 14 14 15 12 16 17 18 18 19 16 20 21 22 22 23 20 24 25 26 26 27 24 28 29 30 30 31 28 32 33 34 34 35 32 36 37 38 38 39 36 40 41 42 42 43 40 44 45 46 46 47 44 48 49 50 50 51 48 52 53 54 54 55 52 56 57 58 58 59 56 60 61 62 62 63 60 64 65 66 66 67 64 68 69 70 70 71 68 72 73 74 74 75 72 76 77 78 78 79 76 80 81 82 82 83 80 84 85 86 86 87 84 88 89 90 90 91 88 92 93 94 94 95 92 96 97 98 98 99 96 100 101 102 102 103 100 104 105 106 106 107 104 108 109 110 110 111 108 112 113 114 114 115 112 116 117 118 118 119 116 120 121 122 122 123 120 124 125 126 126 127 124 
						128 129 130 130 131 128 132 133 134 134 135 132 136 137 138 138 139 136 140 141 142 142 143 140 144 145 146 146 147 144 148 149 150 150 151 148 152 153 154 154 155 152 156 157 158 158 159 156 160 161 162 162 163 160 164 165 166 166 167 164 168 169 170 170 171 168 172 173 174 174 175 172 176 177 178 178 179 176 180 181 182 182 183 180 184 185 186 186 187 184 188 189 190 190 191 188 192 193 194 194 195 192 196 197 198 198 199 196 200 201 202 202 203 200 204 205 206 206 207 204 26 208 209 209 27 26 46 25 24 24 47 46 66 45 44 44 67 66 86 65 64 64 87 86 106 85 84 84 107 106 210 105 104 104 211 210 212 213 214 214 215 212 146 216 217 217 147 146 158 145 144 144 159 158 170 157 156 156 171 170 182 169 168 168 183 182 194 181 180 180 195 194 
						218 193 192 192 219 218 220 221 222 222 223 220 34 224 225 225 35 34 54 33 32 32 55 54 74 53 52 52 75 74 94 73 72 72 95 94 114 93 92 92 115 114 130 113 112 112 131 130 20 226 227 227 21 20 40 23 22 22 41 40 60 43 42 42 61 60 80 63 62 62 81 80 100 83 82 82 101 100 120 103 102 102 121 120 6 5 228 229 4 7 29 8 11 11 30 29 19 38 37 37 16 19 49 28 31 31 50 49 39 58 57 57 36 39 69 48 51 51 70 69 59 78 77 77 56 59 89 68 71 71 90 89 79 98 97 97 76 79 230 88 91 91 231 230 99 232 233 233 96 99 234 126 125 124 127 235 236 138 137 136 139 237 149 238 239 239 150 149 240 154 153 153 241 240 161 148 151 151 162 161 155 166 165 165 152 155 173 160 163 163 174 173 
						167 178 177 177 164 167 185 172 175 175 186 185 179 190 189 189 176 179 197 184 187 187 198 197 191 202 201 201 188 191 242 206 205 204 207 243 
					</p>
				</polylist>
			</mesh>
		</geometry>
		<geometry id="meshId30" name="meshId30_name" >
			<mesh>
				<source id="meshId30-positions" name="meshId30-positions">
					<float_array id="meshId30-positions-array" count="72"> 
						-18.126244 1.768103 32.024910 -18.126244 1.716117 32.024910 -17.565132 1.716117 32.024910 -17.565132 1.768103 32.024910 -18.126244 1.768103 31.463802 -18.126244 1.768103 32.024910 -17.565132 1.768103 32.024910 -17.565132 1.768103 31.463802 -18.126244 1.716117 31.463802 -18.126244 1.768103 31.463802 -17.565132 1.768103 31.463802 -17.565132 1.716117 31.463802 -18.126244 1.716117 32.024910 -18.126244 1.716117 31.463802 -17.565132 1.716117 31.463802 -17.565132 1.716117 32.024910 -17.565132 1.768103 32.024910 -17.565132 1.716117 32.024910 -17.565132 1.716117 31.463802 -17.565132 1.768103 31.463802 -18.126244 1.768103 31.463802 -18.126244 1.716117 31.463802 -18.126244 1.716117 32.024910 -18.126244 1.768103 32.024910 
					</float_array>
					<technique_common>
						<accessor count="24" offset="0" source="#meshId30-positions-array" stride="3">
							<param name="X" type="float" />
							<param name="Y" type="float" />
							<param name="Z" type="float" />
						</accessor>
					</technique_common>
				</source>
				<source id="meshId30-normals" name="meshId30-normals">
					<float_array id="meshId30-normals-array" count="72"> 
						0.000000 0.000000 1.000000 0.000000 0.000000 1.000000 0.000000 0.000000 1.000000 0.000000 0.000000 1.000000 0.000000 1.000000 0.000000 0.000000 1.000000 0.000000 0.000000 1.000000 0.000000 0.000000 1.000000 0.000000 0.000000 0.000000 -1.000000 0.000000 0.000000 -1.000000 0.000000 0.000000 -1.000000 0.000000 0.000000 -1.000000 0.000000 -1.000000 0.000000 0.000000 -1.000000 0.000000 0.000000 -1.000000 0.000000 0.000000 -1.000000 0.000000 1.000000 0.000000 0.000000 1.000000 0.000000 0.000000 1.000000 0.000000 0.000000 1.000000 0.000000 0.000000 -1.000000 0.000000 0.000000 -1.000000 0.000000 0.000000 -1.000000 0.000000 0.000000 -1.000000 0.000000 0.000000 
					</float_array>
					<technique_common>
						<accessor count="24" offset="0" source="#meshId30-normals-array" stride="3">
							<param name="X" type="float" />
							<param name="Y" type="float" />
							<param name="Z" type="float" />
						</accessor>
					</technique_common>
				</source>
				<source id="meshId30-tangents" name="meshId30-tangents">
					<float_array id="meshId30-tangents-array" count="72"> 
						0.000000 -1.000000 0.000000 0.000000 -1.000000 0.000000 0.000000 -1.000000 0.000000 0.000000 -1.000000 0.000000 1.000000 0.000000 0.000000 1.000000 0.000000 0.000000 1.000000 0.000000 0.000000 1.000000 0.000000 0.000000 0.000000 1.000000 0.000000 0.000000 1.000000 0.000000 0.000000 1.000000 0.000000 0.000000 1.000000 0.000000 1.000000 0.000000 0.000000 1.000000 0.000000 0.000000 1.000000 0.000000 0.000000 1.000000 0.000000 0.000000 0.000000 1.000000 0.000000 0.000000 1.000000 0.000000 0.000000 1.000000 0.000000 0.000000 1.000000 0.000000 0.000000 1.000000 0.000000 0.000000 1.000000 0.000000 0.000000 1.000000 0.000000 0.000000 1.000000 0.000000 
					</float_array>
					<technique_common>
						<accessor count="24" offset="0" source="#meshId30-tangents-array" stride="3">
							<param name="X" type="float" />
							<param name="Y" type="float" />
							<param name="Z" type="float" />
						</accessor>
					</technique_common>
				</source>
				<source id="meshId30-bitangents" name="meshId30-bitangents">
					<float_array id="meshId30-bitangents-array" count="72"> 
						1.000000 0.000000 0.000000 1.000000 0.000000 0.000000 1.000000 0.000000 0.000000 1.000000 0.000000 0.000000 0.000000 0.000000 -1.000000 0.000000 0.000000 -1.000000 0.000000 0.000000 -1.000000 0.000000 0.000000 -1.000000 1.000000 0.000000 0.000000 1.000000 0.000000 0.000000 1.000000 0.000000 0.000000 1.000000 0.000000 0.000000 0.000000 0.000000 1.000000 0.000000 0.000000 1.000000 0.000000 0.000000 1.000000 0.000000 0.000000 1.000000 0.000000 0.000000 1.000000 0.000000 0.000000 1.000000 0.000000 0.000000 1.000000 0.000000 0.000000 1.000000 0.000000 0.000000 -1.000000 0.000000 0.000000 -1.000000 0.000000 0.000000 -1.000000 0.000000 0.000000 -1.000000 
					</float_array>
					<technique_common>
						<accessor count="24" offset="0" source="#meshId30-bitangents-array" stride="3">
							<param name="X" type="float" />
							<param name="Y" type="float" />
							<param name="Z" type="float" />
						</accessor>
					</technique_common>
				</source>
				<source id="meshId30-tex0" name="meshId30-tex0">
					<float_array id="meshId30-tex0-array" count="48"> 
						0.458368 0.646851 0.462646 0.646851 0.462646 0.693030 0.458368 0.693030 0.000000 0.149059 0.000000 0.102880 0.046180 0.102880 0.046180 0.149059 0.000000 0.600365 0.004278 0.600365 0.004279 0.646545 0.000000 0.646545 0.266017 0.263097 0.266017 0.216918 0.312196 0.216918 0.312196 0.263097 0.884181 0.816380 0.879902 0.816380 0.879902 0.770201 0.884181 0.770201 0.470831 0.693030 0.466553 0.693030 0.466553 0.646851 0.470831 0.646851 
					</float_array>
					<technique_common>
						<accessor count="24" offset="0" source="#meshId30-tex0-array" stride="2">
							<param name="S" type="float" />
							<param name="T" type="float" />
						</accessor>
					</technique_common>
				</source>
				<vertices id="meshId30-vertices">
					<input semantic="POSITION" source="#meshId30-positions" />
				</vertices>
				<polylist count="12" material="defaultMaterial">
					<input offset="0" semantic="VERTEX" source="#meshId30-vertices" />
					<input offset="0" semantic="NORMAL" source="#meshId30-normals" />
					<input offset="0" semantic="TANGENT" source="#meshId30-tangents" />
					<input offset="0" semantic="BINORMAL" source="#meshId30-bitangents" />
					<input offset="0" semantic="TEXCOORD" source="#meshId30-tex0" set="0" />
					<vcount>
						3 3 3 3 3 3 3 3 3 3 3 3 
					</vcount>
					<p>
						0 1 2 2 3 0 4 5 6 6 7 4 8 9 10 10 11 8 12 13 14 14 15 12 16 17 18 18 19 16 20 21 22 22 23 20 
					</p>
				</polylist>
			</mesh>
		</geometry>
		<geometry id="meshId31" name="meshId31_name" >
			<mesh>
				<source id="meshId31-positions" name="meshId31-positions">
					<float_array id="meshId31-positions-array" count="72"> 
						-18.126244 1.853051 32.024910 -18.126244 1.801064 32.024910 -17.565132 1.801064 32.024910 -17.565132 1.853051 32.024910 -18.126244 1.853051 31.463802 -18.126244 1.853051 32.024910 -17.565132 1.853051 32.024910 -17.565132 1.853051 31.463802 -18.126244 1.801064 31.463802 -18.126244 1.853051 31.463802 -17.565132 1.853051 31.463802 -17.565132 1.801064 31.463802 -18.126244 1.801064 32.024910 -18.126244 1.801064 31.463802 -17.565132 1.801064 31.463802 -17.565132 1.801064 32.024910 -17.565132 1.853051 32.024910 -17.565132 1.801064 32.024910 -17.565132 1.801064 31.463802 -17.565132 1.853051 31.463802 -18.126244 1.853051 31.463802 -18.126244 1.801064 31.463802 -18.126244 1.801064 32.024910 -18.126244 1.853051 32.024910 
					</float_array>
					<technique_common>
						<accessor count="24" offset="0" source="#meshId31-positions-array" stride="3">
							<param name="X" type="float" />
							<param name="Y" type="float" />
							<param name="Z" type="float" />
						</accessor>
					</technique_common>
				</source>
				<source id="meshId31-normals" name="meshId31-normals">
					<float_array id="meshId31-normals-array" count="72"> 
						0.000000 0.000000 1.000000 0.000000 0.000000 1.000000 0.000000 0.000000 1.000000 0.000000 0.000000 1.000000 0.000000 1.000000 0.000000 0.000000 1.000000 0.000000 0.000000 1.000000 0.000000 0.000000 1.000000 0.000000 0.000000 0.000000 -1.000000 0.000000 0.000000 -1.000000 0.000000 0.000000 -1.000000 0.000000 0.000000 -1.000000 0.000000 -1.000000 0.000000 0.000000 -1.000000 0.000000 0.000000 -1.000000 0.000000 0.000000 -1.000000 0.000000 1.000000 0.000000 0.000000 1.000000 0.000000 0.000000 1.000000 0.000000 0.000000 1.000000 0.000000 0.000000 -1.000000 0.000000 0.000000 -1.000000 0.000000 0.000000 -1.000000 0.000000 0.000000 -1.000000 0.000000 0.000000 
					</float_array>
					<technique_common>
						<accessor count="24" offset="0" source="#meshId31-normals-array" stride="3">
							<param name="X" type="float" />
							<param name="Y" type="float" />
							<param name="Z" type="float" />
						</accessor>
					</technique_common>
				</source>
				<source id="meshId31-tangents" name="meshId31-tangents">
					<float_array id="meshId31-tangents-array" count="72"> 
						0.000000 -1.000000 0.000000 0.000000 -1.000000 0.000000 0.000000 -1.000000 0.000000 0.000000 -1.000000 0.000000 1.000000 0.000000 0.000000 1.000000 0.000000 0.000000 1.000000 0.000000 0.000000 1.000000 0.000000 0.000000 0.000000 1.000000 0.000000 0.000000 1.000000 0.000000 0.000000 1.000000 0.000000 0.000000 1.000000 0.000000 1.000000 0.000000 0.000000 1.000000 0.000000 0.000000 1.000000 0.000000 0.000000 1.000000 0.000000 0.000000 0.000000 1.000000 0.000000 0.000000 1.000000 0.000000 0.000000 1.000000 0.000000 0.000000 1.000000 0.000000 0.000000 1.000000 0.000000 0.000000 1.000000 0.000000 0.000000 1.000000 0.000000 0.000000 1.000000 0.000000 
					</float_array>
					<technique_common>
						<accessor count="24" offset="0" source="#meshId31-tangents-array" stride="3">
							<param name="X" type="float" />
							<param name="Y" type="float" />
							<param name="Z" type="float" />
						</accessor>
					</technique_common>
				</source>
				<source id="meshId31-bitangents" name="meshId31-bitangents">
					<float_array id="meshId31-bitangents-array" count="72"> 
						1.000000 0.000000 0.000000 1.000000 0.000000 0.000000 1.000000 0.000000 0.000000 1.000000 0.000000 0.000000 0.000000 0.000000 -1.000000 0.000000 0.000000 -1.000000 0.000000 0.000000 -1.000000 0.000000 0.000000 -1.000000 1.000000 0.000000 0.000000 1.000000 0.000000 0.000000 1.000000 0.000000 0.000000 1.000000 0.000000 0.000000 0.000000 0.000000 1.000000 0.000000 0.000000 1.000000 0.000000 0.000000 1.000000 0.000000 0.000000 1.000000 0.000000 0.000000 1.000000 0.000000 0.000000 1.000000 0.000000 0.000000 1.000000 0.000000 0.000000 1.000000 0.000000 0.000000 -1.000000 0.000000 0.000000 -1.000000 0.000000 0.000000 -1.000000 0.000000 0.000000 -1.000000 
					</float_array>
					<technique_common>
						<accessor count="24" offset="0" source="#meshId31-bitangents-array" stride="3">
							<param name="X" type="float" />
							<param name="Y" type="float" />
							<param name="Z" type="float" />
						</accessor>
					</technique_common>
				</source>
				<source id="meshId31-tex0" name="meshId31-tex0">
					<float_array id="meshId31-tex0-array" count="48"> 
						0.462460 0.228485 0.466739 0.228485 0.466739 0.274665 0.462460 0.274665 0.000000 0.308143 0.000000 0.261964 0.046180 0.261964 0.046180 0.308143 0.441997 0.672077 0.446276 0.672077 0.446276 0.718256 0.441997 0.718256 0.793958 0.275569 0.793958 0.229390 0.840138 0.229390 0.840138 0.275569 0.454461 0.716956 0.450183 0.716956 0.450183 0.670777 0.454461 0.670777 0.773681 0.842923 0.769403 0.842923 0.769403 0.796744 0.773681 0.796744 
					</float_array>
					<technique_common>
						<accessor count="24" offset="0" source="#meshId31-tex0-array" stride="2">
							<param name="S" type="float" />
							<param name="T" type="float" />
						</accessor>
					</technique_common>
				</source>
				<vertices id="meshId31-vertices">
					<input semantic="POSITION" source="#meshId31-positions" />
				</vertices>
				<polylist count="12" material="defaultMaterial">
					<input offset="0" semantic="VERTEX" source="#meshId31-vertices" />
					<input offset="0" semantic="NORMAL" source="#meshId31-normals" />
					<input offset="0" semantic="TANGENT" source="#meshId31-tangents" />
					<input offset="0" semantic="BINORMAL" source="#meshId31-bitangents" />
					<input offset="0" semantic="TEXCOORD" source="#meshId31-tex0" set="0" />
					<vcount>
						3 3 3 3 3 3 3 3 3 3 3 3 
					</vcount>
					<p>
						0 1 2 2 3 0 4 5 6 6 7 4 8 9 10 10 11 8 12 13 14 14 15 12 16 17 18 18 19 16 20 21 22 22 23 20 
					</p>
				</polylist>
			</mesh>
		</geometry>
		<geometry id="meshId32" name="meshId32_name" >
			<mesh>
				<source id="meshId32-positions" name="meshId32-positions">
					<float_array id="meshId32-positions-array" count="624"> 
						-15.953725 12.048442 31.167797 -16.210495 12.025282 31.251228 -16.454710 12.025282 30.771931 -16.236288 12.048442 30.613237 -16.835083 12.025282 30.391556 -16.676390 12.048442 30.173134 -17.314381 12.025282 30.147343 -17.230951 12.048442 29.890572 -17.845688 12.025282 30.063192 -17.845688 12.048442 29.793207 -18.376993 12.025282 30.147343 -18.460424 12.048442 29.890572 -18.856293 12.025282 30.391556 -19.014984 12.048442 30.173134 -19.236666 12.025282 30.771931 -19.455088 12.048442 30.613237 -19.480879 12.025282 31.251228 -19.737650 12.048442 31.167797 -19.565031 12.025282 31.782536 -19.835014 12.048442 31.782536 -19.480879 12.025282 32.313843 -19.737650 12.048442 32.397270 -19.236666 12.025282 32.793137 -19.455088 12.048442 32.951832 -18.856293 12.025282 33.173512 -19.014984 12.048442 33.391933 -18.376993 12.025282 33.417725 -18.460424 12.048442 33.674496 -17.845688 12.025282 33.501877 -17.845688 12.048442 33.771862 -17.314383 12.025282 33.417725 -17.230953 12.048442 33.674496 -16.835083 12.025282 33.173512 -16.676392 12.048442 33.391933 -16.454710 12.025282 32.793137 -16.236288 12.048442 32.951832 -16.210497 12.025282 32.313843 -15.953726 12.048442 32.397270 -16.126347 12.025282 31.782536 -15.856361 12.048442 31.782536 -15.953725 12.204700 31.167797 -15.953725 12.048442 31.167797 -16.236288 12.048442 30.613237 -16.236288 12.204700 30.613237 -16.676390 12.048442 30.173134 -16.676390 12.204700 30.173134 -16.676390 12.204700 30.173134 -16.676390 12.048442 30.173134 -17.230951 12.048442 29.890572 -17.230951 12.204700 29.890572 -17.845688 12.048442 29.793207 -17.845688 12.204700 29.793207 -18.460424 12.048442 29.890572 -18.460424 12.204700 29.890572 -19.014984 12.048442 30.173134 -19.014984 12.204700 30.173134 -19.014984 12.204700 30.173134 -19.014984 12.048442 30.173134 -19.455088 12.048442 30.613237 -19.455088 12.204700 30.613237 -19.737650 12.048442 31.167797 -19.737650 12.204700 31.167797 -19.835014 12.048442 31.782536 -19.835014 12.204700 31.782536 
						-19.737650 12.048442 32.397270 -19.737650 12.204700 32.397270 -19.455088 12.048442 32.951832 -19.455088 12.204700 32.951832 -19.014984 12.048442 33.391933 -19.014984 12.204700 33.391933 -19.014984 12.204700 33.391933 -19.014984 12.048442 33.391933 -18.460424 12.048442 33.674496 -18.460424 12.204700 33.674496 -17.845688 12.048442 33.771862 -17.845688 12.204700 33.771862 -17.230953 12.048442 33.674496 -17.230953 12.204700 33.674496 -16.676392 12.048442 33.391933 -16.676392 12.204700 33.391933 -16.676392 12.204700 33.391933 -16.676392 12.048442 33.391933 -16.236288 12.048442 32.951832 -16.236288 12.204700 32.951832 -15.953726 12.048442 32.397270 -15.953726 12.204700 32.397270 -15.856361 12.048442 31.782536 -15.856361 12.204700 31.782536 -16.210495 12.227859 31.251228 -15.953725 12.204700 31.167797 -16.236288 12.204700 30.613237 -16.454710 12.227859 30.771931 -16.676390 12.204700 30.173134 -16.835083 12.227859 30.391556 -17.230951 12.204700 29.890572 -17.314381 12.227859 30.147343 -17.845688 12.204700 29.793207 -17.845688 12.227859 30.063192 -18.460424 12.204700 29.890572 -18.376993 12.227859 30.147343 -19.014984 12.204700 30.173134 -18.856293 12.227859 30.391556 -19.455088 12.204700 30.613237 -19.236666 12.227859 30.771931 -19.737650 12.204700 31.167797 -19.480879 12.227859 31.251228 -19.835014 12.204700 31.782536 -19.565031 12.227859 31.782536 -19.737650 12.204700 32.397270 -19.480879 12.227859 32.313843 -19.455088 12.204700 32.951832 -19.236666 12.227859 32.793137 -19.014984 12.204700 33.391933 -18.856293 12.227859 33.173512 -18.460424 12.204700 33.674496 -18.376993 12.227859 33.417725 -17.845688 12.204700 33.771862 -17.845688 12.227859 33.501877 -17.230953 12.204700 33.674496 -17.314383 12.227859 33.417725 -16.676392 12.204700 33.391933 -16.835083 12.227859 33.173512 -16.236288 12.204700 32.951832 -16.454710 12.227859 32.793137 -15.953726 12.204700 32.397270 -16.210497 12.227859 32.313843 -15.856361 12.204700 31.782536 -16.126347 12.227859 31.782536 
						-16.454710 12.227859 30.771931 -16.454710 12.025282 30.771931 -16.210495 12.025282 31.251228 -16.210495 12.227859 31.251228 -16.210495 12.227859 31.251228 -16.210495 12.025282 31.251228 -16.126347 12.025282 31.782536 -16.126347 12.227859 31.782536 -16.126347 12.227859 31.782536 -16.126347 12.025282 31.782536 -16.210497 12.025282 32.313843 -16.210497 12.227859 32.313843 -16.210497 12.227859 32.313843 -16.210497 12.025282 32.313843 -16.454710 12.025282 32.793137 -16.454710 12.227859 32.793137 -16.454710 12.227859 32.793137 -16.454710 12.025282 32.793137 -16.835083 12.025282 33.173512 -16.835083 12.227859 33.173512 -16.835083 12.227859 33.173512 -16.835083 12.025282 33.173512 -17.314383 12.025282 33.417725 -17.314383 12.227859 33.417725 -17.314383 12.227859 33.417725 -17.314383 12.025282 33.417725 -17.845688 12.025282 33.501877 -17.845688 12.227859 33.501877 -17.845688 12.227859 33.501877 -17.845688 12.025282 33.501877 -18.376993 12.025282 33.417725 -18.376993 12.227859 33.417725 -18.376993 12.227859 33.417725 -18.376993 12.025282 33.417725 -18.856293 12.025282 33.173512 -18.856293 12.227859 33.173512 -18.856293 12.227859 33.173512 -18.856293 12.025282 33.173512 -19.236666 12.025282 32.793137 -19.236666 12.227859 32.793137 -19.236666 12.227859 32.793137 -19.236666 12.025282 32.793137 -19.480879 12.025282 32.313843 -19.480879 12.227859 32.313843 -19.480879 12.227859 32.313843 -19.480879 12.025282 32.313843 -19.565031 12.025282 31.782536 -19.565031 12.227859 31.782536 -19.565031 12.227859 31.782536 -19.565031 12.025282 31.782536 -19.480879 12.025282 31.251228 -19.480879 12.227859 31.251228 -19.480879 12.227859 31.251228 -19.480879 12.025282 31.251228 -19.236666 12.025282 30.771931 -19.236666 12.227859 30.771931 -19.236666 12.227859 30.771931 -19.236666 12.025282 30.771931 -18.856293 12.025282 30.391556 -18.856293 12.227859 30.391556 -18.856293 12.227859 30.391556 -18.856293 12.025282 30.391556 -18.376993 12.025282 30.147343 -18.376993 12.227859 30.147343 
						-18.376993 12.227859 30.147343 -18.376993 12.025282 30.147343 -17.845688 12.025282 30.063192 -17.845688 12.227859 30.063192 -17.845688 12.227859 30.063192 -17.845688 12.025282 30.063192 -17.314381 12.025282 30.147343 -17.314381 12.227859 30.147343 -17.314381 12.227859 30.147343 -17.314381 12.025282 30.147343 -16.835083 12.025282 30.391556 -16.835083 12.227859 30.391556 -16.835083 12.227859 30.391556 -16.835083 12.025282 30.391556 -16.454710 12.025282 30.771931 -16.454710 12.227859 30.771931 
					</float_array>
					<technique_common>
						<accessor count="208" offset="0" source="#meshId32-positions-array" stride="3">
							<param name="X" type="float" />
							<param name="Y" type="float" />
							<param name="Z" type="float" />
						</accessor>
					</technique_common>
				</source>
				<source id="meshId32-normals" name="meshId32-normals">
					<float_array id="meshId32-normals-array" count="624"> 
						0.081286 -0.996341 -0.026411 0.081286 -0.996341 -0.026411 0.069146 -0.996341 -0.050238 0.069146 -0.996341 -0.050238 0.050237 -0.996341 -0.069148 0.050237 -0.996341 -0.069148 0.026411 -0.996341 -0.081287 0.026411 -0.996341 -0.081287 0.000000 -0.996341 -0.085467 0.000000 -0.996341 -0.085467 -0.026411 -0.996341 -0.081285 -0.026411 -0.996341 -0.081285 -0.050237 -0.996341 -0.069146 -0.050237 -0.996341 -0.069146 -0.069146 -0.996341 -0.050237 -0.069146 -0.996341 -0.050237 -0.081286 -0.996341 -0.026410 -0.081286 -0.996341 -0.026410 -0.085469 -0.996341 0.000001 -0.085469 -0.996341 0.000001 -0.081286 -0.996341 0.026412 -0.081286 -0.996341 0.026412 -0.069146 -0.996341 0.050238 -0.069145 -0.996341 0.050238 -0.050237 -0.996341 0.069148 -0.050237 -0.996341 0.069148 -0.026411 -0.996341 0.081287 -0.026411 -0.996341 0.081287 0.000000 -0.996341 0.085467 0.000000 -0.996341 0.085467 0.026411 -0.996341 0.081285 0.026411 -0.996341 0.081285 0.050237 -0.996341 0.069146 0.050237 -0.996341 0.069146 0.069146 -0.996341 0.050237 0.069146 -0.996341 0.050237 0.081285 -0.996341 0.026410 0.081285 -0.996341 0.026410 0.085468 -0.996341 -0.000001 0.085468 -0.996341 -0.000001 0.951057 0.000000 -0.309016 0.951057 0.000000 -0.309016 0.809018 0.000000 -0.587784 0.809018 0.000000 -0.587784 0.587786 0.000000 -0.809017 0.587786 0.000000 -0.809017 0.587786 0.000000 -0.809017 0.587786 0.000000 -0.809017 0.309016 0.000000 -0.951057 0.309016 0.000000 -0.951057 0.000000 0.000000 -1.000000 0.000000 0.000000 -1.000000 -0.309017 0.000000 -0.951057 -0.309017 0.000000 -0.951057 -0.587786 0.000000 -0.809017 -0.587786 0.000000 -0.809017 -0.587786 0.000000 -0.809017 -0.587786 0.000000 -0.809017 -0.809017 0.000000 -0.587785 -0.809017 0.000000 -0.587785 -0.951057 0.000000 -0.309016 -0.951057 0.000000 -0.309016 -1.000000 0.000000 0.000000 -1.000000 0.000000 0.000000 
						-0.951057 0.000000 0.309017 -0.951057 0.000000 0.309017 -0.809017 0.000000 0.587786 -0.809017 0.000000 0.587786 -0.587785 0.000000 0.809017 -0.587785 0.000000 0.809017 -0.587785 0.000000 0.809017 -0.587785 0.000000 0.809017 -0.309018 0.000000 0.951056 -0.309018 0.000000 0.951056 0.000000 0.000000 1.000000 0.000000 0.000000 1.000000 0.309018 0.000000 0.951056 0.309018 0.000000 0.951056 0.587784 0.000000 0.809018 0.587784 0.000000 0.809018 0.587784 0.000000 0.809018 0.587784 0.000000 0.809018 0.809017 0.000000 0.587786 0.809017 0.000000 0.587786 0.951057 0.000000 0.309017 0.951057 0.000000 0.309017 1.000000 0.000000 0.000001 1.000000 0.000000 0.000001 0.081282 0.996341 -0.026411 0.081282 0.996341 -0.026411 0.069143 0.996341 -0.050236 0.069143 0.996341 -0.050236 0.050235 0.996341 -0.069143 0.050235 0.996341 -0.069143 0.026410 0.996341 -0.081281 0.026410 0.996341 -0.081281 0.000000 0.996341 -0.085464 0.000000 0.996341 -0.085464 -0.026410 0.996341 -0.081281 -0.026410 0.996341 -0.081281 -0.050235 0.996341 -0.069143 -0.050235 0.996341 -0.069143 -0.069143 0.996341 -0.050236 -0.069143 0.996341 -0.050236 -0.081283 0.996341 -0.026410 -0.081283 0.996341 -0.026410 -0.085466 0.996341 0.000000 -0.085466 0.996341 0.000000 -0.081282 0.996341 0.026411 -0.081282 0.996341 0.026411 -0.069143 0.996341 0.050236 -0.069143 0.996341 0.050236 -0.050235 0.996341 0.069143 -0.050235 0.996341 0.069143 -0.026410 0.996341 0.081281 -0.026410 0.996341 0.081281 0.000000 0.996341 0.085463 0.000000 0.996341 0.085463 0.026410 0.996341 0.081281 0.026410 0.996341 0.081281 0.050235 0.996341 0.069143 0.050235 0.996341 0.069143 0.069143 0.996341 0.050236 0.069143 0.996341 0.050236 0.081282 0.996341 0.026410 0.081282 0.996341 0.026410 0.085465 0.996341 -0.000001 0.085465 0.996341 -0.000001 
						-0.891007 0.000000 0.453990 -0.891007 0.000000 0.453990 -0.891007 0.000000 0.453990 -0.891007 0.000000 0.453990 -0.987689 0.000000 0.156430 -0.987689 0.000000 0.156430 -0.987689 0.000000 0.156430 -0.987689 0.000000 0.156430 -0.987689 0.000000 -0.156433 -0.987689 0.000000 -0.156433 -0.987689 0.000000 -0.156433 -0.987689 0.000000 -0.156433 -0.891006 0.000000 -0.453991 -0.891006 0.000000 -0.453991 -0.891006 0.000000 -0.453991 -0.891006 0.000000 -0.453991 -0.707107 0.000000 -0.707107 -0.707107 0.000000 -0.707107 -0.707107 0.000000 -0.707107 -0.707107 0.000000 -0.707107 -0.453987 0.000000 -0.891008 -0.453987 0.000000 -0.891008 -0.453987 0.000000 -0.891008 -0.453987 0.000000 -0.891008 -0.156438 0.000000 -0.987688 -0.156438 0.000000 -0.987688 -0.156438 0.000000 -0.987688 -0.156438 0.000000 -0.987688 0.156438 0.000000 -0.987688 0.156438 0.000000 -0.987688 0.156438 0.000000 -0.987688 0.156438 0.000000 -0.987688 0.453987 0.000000 -0.891008 0.453987 0.000000 -0.891008 0.453987 0.000000 -0.891008 0.453987 0.000000 -0.891008 0.707107 0.000000 -0.707107 0.707107 0.000000 -0.707107 0.707107 0.000000 -0.707107 0.707107 0.000000 -0.707107 0.891006 0.000000 -0.453991 0.891006 0.000000 -0.453991 0.891006 0.000000 -0.453991 0.891006 0.000000 -0.453991 0.987688 0.000000 -0.156437 0.987688 0.000000 -0.156437 0.987688 0.000000 -0.156437 0.987688 0.000000 -0.156437 0.987688 0.000000 0.156438 0.987688 0.000000 0.156438 0.987688 0.000000 0.156438 0.987688 0.000000 0.156438 0.891008 0.000000 0.453988 0.891008 0.000000 0.453988 0.891008 0.000000 0.453988 0.891008 0.000000 0.453988 0.707107 0.000000 0.707107 0.707107 0.000000 0.707107 0.707107 0.000000 0.707107 0.707107 0.000000 0.707107 0.453987 0.000000 0.891008 0.453987 0.000000 0.891008 0.453987 0.000000 0.891008 0.453987 0.000000 0.891008 
						0.156434 0.000000 0.987688 0.156434 0.000000 0.987688 0.156434 0.000000 0.987688 0.156434 0.000000 0.987688 -0.156434 0.000000 0.987688 -0.156434 0.000000 0.987688 -0.156434 0.000000 0.987688 -0.156434 0.000000 0.987688 -0.453988 0.000000 0.891008 -0.453988 0.000000 0.891008 -0.453988 0.000000 0.891008 -0.453988 0.000000 0.891008 -0.707107 0.000000 0.707107 -0.707107 0.000000 0.707107 -0.707107 0.000000 0.707107 -0.707107 0.000000 0.707107 
					</float_array>
					<technique_common>
						<accessor count="208" offset="0" source="#meshId32-normals-array" stride="3">
							<param name="X" type="float" />
							<param name="Y" type="float" />
							<param name="Z" type="float" />
						</accessor>
					</technique_common>
				</source>
				<source id="meshId32-tangents" name="meshId32-tangents">
					<float_array id="meshId32-tangents-array" count="624"> 
						0.451763 0.060451 -0.890088 0.451560 0.060438 -0.890191 0.451385 0.076155 -0.889074 0.451644 0.076167 -0.888941 0.451805 0.084417 -0.888114 0.452070 0.084421 -0.887978 0.452733 0.084420 -0.887641 0.452968 0.084416 -0.887521 0.453825 0.076159 -0.887830 0.453984 0.076152 -0.887749 0.454638 0.060445 -0.888623 0.454709 0.060441 -0.888587 0.454858 0.038812 -0.889718 0.454866 0.038811 -0.889714 0.454420 0.013373 -0.890687 0.454415 0.013374 -0.890690 0.453473 -0.013374 -0.891169 0.453509 -0.013378 -0.891151 0.452403 -0.038809 -0.890969 0.452515 -0.038819 -0.890911 0.451602 -0.060441 -0.890170 0.451798 -0.060455 -0.890070 0.451383 -0.076155 -0.889075 0.451635 -0.076166 -0.888946 0.451801 -0.084417 -0.888116 0.452069 -0.084421 -0.887979 0.452739 -0.084420 -0.887638 0.452974 -0.084416 -0.887518 0.453826 -0.076159 -0.887830 0.453985 -0.076152 -0.887749 0.454642 -0.060445 -0.888621 0.454712 -0.060440 -0.888585 0.454860 -0.038812 -0.889717 0.454868 -0.038811 -0.889713 0.454422 -0.013373 -0.890686 0.454416 -0.013373 -0.890689 0.453481 0.013374 -0.891166 0.453513 0.013377 -0.891149 0.452386 0.038807 -0.890977 0.452494 0.038817 -0.890922 0.000002 1.000000 0.000006 0.000002 1.000000 0.000006 0.000042 1.000000 0.000058 0.000046 1.000000 0.000063 0.000061 1.000000 0.000045 0.000061 1.000000 0.000044 0.247097 0.952215 0.179527 0.247097 0.952215 0.179526 0.290481 0.952215 0.094383 0.290481 0.952215 0.094383 0.305430 0.952215 0.000000 0.305430 0.952215 0.000000 0.290483 0.952214 -0.094384 0.290483 0.952214 -0.094384 0.247098 0.952215 -0.179527 0.247098 0.952215 -0.179527 0.000060 1.000000 -0.000043 0.000059 1.000000 -0.000043 0.000046 1.000000 -0.000063 0.000046 1.000000 -0.000063 0.000024 1.000000 -0.000074 0.000024 1.000000 -0.000074 0.000000 1.000000 -0.000078 0.000000 1.000000 -0.000072 
						-0.000002 1.000000 -0.000006 -0.000002 1.000000 -0.000006 -0.000042 1.000000 -0.000058 -0.000046 1.000000 -0.000063 -0.000063 1.000000 -0.000046 -0.000063 1.000000 -0.000046 -0.000122 -1.000000 -0.000089 -0.000122 -1.000000 -0.000089 -0.000144 -1.000000 -0.000047 -0.000144 -1.000000 -0.000047 -0.000155 -1.000000 0.000000 -0.000155 -1.000000 0.000000 -0.000144 -1.000000 0.000047 -0.000144 -1.000000 0.000047 -0.000122 -1.000000 0.000089 -0.000122 -1.000000 0.000089 -0.000063 1.000000 0.000046 -0.000063 1.000000 0.000046 -0.000046 1.000000 0.000063 -0.000046 1.000000 0.000063 -0.000023 1.000000 0.000072 -0.000023 1.000000 0.000072 -0.000000 1.000000 0.000078 -0.000000 1.000000 0.000072 0.705453 -0.038792 0.707694 0.705539 -0.038801 0.707608 0.706557 -0.013359 0.707530 0.706526 -0.013355 0.707561 0.707279 0.013390 0.706807 0.707283 0.013389 0.706804 0.707419 0.038821 0.705728 0.707411 0.038822 0.705735 0.706919 0.060448 0.704707 0.706861 0.060453 0.704765 0.705963 0.076157 0.704142 0.705837 0.076163 0.704268 0.704930 0.084414 0.704236 0.704744 0.084418 0.704421 0.704214 0.084414 0.704951 0.704000 0.084410 0.705166 0.704088 0.076155 0.706017 0.703885 0.076144 0.706221 0.704590 0.060440 0.707036 0.704431 0.060426 0.707195 0.705519 0.038799 0.707628 0.705427 0.038789 0.707720 0.706555 0.013359 0.707532 0.706530 0.013356 0.707557 0.707281 -0.013389 0.706806 0.707286 -0.013389 0.706801 0.707411 -0.038822 0.705735 0.707402 -0.038823 0.705744 0.706903 -0.060449 0.704723 0.706846 -0.060454 0.704780 0.705955 -0.076157 0.704150 0.705831 -0.076164 0.704274 0.704928 -0.084414 0.704237 0.704743 -0.084418 0.704423 0.704211 -0.084414 0.704955 0.703993 -0.084410 0.705173 0.704067 -0.076153 0.706038 0.703860 -0.076142 0.706246 0.704566 -0.060436 0.707061 0.704414 -0.060423 0.707213 
						-0.000048 1.000000 -0.000094 -0.000054 1.000000 -0.000107 -0.000033 1.000000 -0.000066 -0.000027 1.000000 -0.000053 -0.000012 1.000000 -0.000073 -0.000009 1.000000 -0.000059 -0.000017 1.000000 -0.000105 -0.000019 1.000000 -0.000118 0.000017 1.000000 -0.000105 0.000019 1.000000 -0.000118 0.000012 1.000000 -0.000073 0.000009 1.000000 -0.000060 0.000027 1.000000 -0.000054 0.000027 1.000000 -0.000054 0.000027 1.000000 -0.000053 0.000027 1.000000 -0.000053 0.000052 1.000000 -0.000052 0.000042 1.000000 -0.000042 0.000075 1.000000 -0.000075 0.000085 1.000000 -0.000085 0.000161 -1.000000 -0.000082 0.000161 -1.000000 -0.000082 0.000161 -1.000000 -0.000082 0.000161 -1.000000 -0.000082 0.000178 -1.000000 -0.000028 0.000178 -1.000000 -0.000028 0.000177 -1.000000 -0.000028 0.000177 -1.000000 -0.000028 0.000177 -1.000000 0.000028 0.000177 -1.000000 0.000028 0.000177 -1.000000 0.000028 0.000177 -1.000000 0.000028 0.000159 -1.000000 0.000081 0.000159 -1.000000 0.000081 0.000159 -1.000000 0.000081 0.000159 -1.000000 0.000081 0.000086 1.000000 0.000086 0.000086 1.000000 0.000086 0.000086 1.000000 0.000086 0.000086 1.000000 0.000086 0.000055 1.000000 0.000108 0.000055 1.000000 0.000108 0.000055 1.000000 0.000107 0.000054 1.000000 0.000107 0.000019 1.000000 0.000118 0.000019 1.000000 0.000118 0.000019 1.000000 0.000118 0.000019 1.000000 0.000118 -0.000019 1.000000 0.000118 -0.000019 1.000000 0.000118 -0.000019 1.000000 0.000118 -0.000019 1.000000 0.000118 -0.000054 1.000000 0.000107 -0.000054 1.000000 0.000107 -0.000054 1.000000 0.000107 -0.000054 1.000000 0.000107 -0.000085 1.000000 0.000085 -0.000085 1.000000 0.000085 -0.000085 1.000000 0.000085 -0.000085 1.000000 0.000085 -0.000159 -1.000000 0.000081 -0.000159 -1.000000 0.000081 -0.000159 -1.000000 0.000081 -0.000159 -1.000000 0.000081 
						-0.000164 -1.000000 0.000026 -0.000177 -1.000000 0.000028 -0.000133 -1.000000 0.000021 -0.000120 -1.000000 0.000019 -0.000133 -1.000000 -0.000021 -0.000120 -1.000000 -0.000019 -0.000164 -1.000000 -0.000026 -0.000177 -1.000000 -0.000028 -0.000147 -1.000000 -0.000075 -0.000159 -1.000000 -0.000081 -0.000118 -1.000000 -0.000060 -0.000105 -1.000000 -0.000054 -0.000085 1.000000 -0.000085 -0.000085 1.000000 -0.000085 -0.000085 1.000000 -0.000085 -0.000085 1.000000 -0.000085 
					</float_array>
					<technique_common>
						<accessor count="208" offset="0" source="#meshId32-tangents-array" stride="3">
							<param name="X" type="float" />
							<param name="Y" type="float" />
							<param name="Z" type="float" />
						</accessor>
					</technique_common>
				</source>
				<source id="meshId32-bitangents" name="meshId32-bitangents">
					<float_array id="meshId32-bitangents-array" count="624"> 
						0.888427 0.060420 0.455024 0.888530 0.060434 0.454821 0.889646 0.038799 0.454999 0.889515 0.038777 0.455258 0.890701 0.013375 0.454392 0.890567 0.013350 0.454657 0.891255 -0.013358 0.453306 0.891136 -0.013380 0.453540 0.891091 -0.038787 0.452165 0.891010 -0.038801 0.452323 0.890285 -0.060425 0.451378 0.890248 -0.060429 0.451449 0.889146 -0.076148 0.451244 0.889142 -0.076149 0.451252 0.888100 -0.084416 0.451833 0.888103 -0.084416 0.451827 0.887555 -0.084416 0.452901 0.887537 -0.084415 0.452937 0.887709 -0.076150 0.454065 0.887651 -0.076145 0.454177 0.888509 -0.060431 0.454863 0.888409 -0.060417 0.455059 0.889647 -0.038799 0.454997 0.889519 -0.038777 0.455249 0.890703 -0.013375 0.454389 0.890567 -0.013350 0.454655 0.891252 0.013358 0.453312 0.891132 0.013381 0.453546 0.891090 0.038787 0.452166 0.891009 0.038801 0.452324 0.890283 0.060425 0.451382 0.890247 0.060430 0.451452 0.889145 0.076148 0.451245 0.889141 0.076149 0.451254 0.888099 0.084416 0.451834 0.888102 0.084416 0.451828 0.887552 0.084415 0.452908 0.887535 0.084414 0.452941 0.887717 0.076150 0.454048 0.887662 0.076145 0.454156 0.309016 -0.000006 0.951057 0.309016 -0.000006 0.951057 0.587784 -0.000072 0.809018 0.587784 -0.000078 0.809018 0.809017 -0.000076 0.587786 0.809017 -0.000076 0.587786 0.770358 -0.305429 0.559698 0.770358 -0.305428 0.559698 0.905610 -0.305429 0.294250 0.905610 -0.305430 0.294250 0.952215 -0.305430 0.000000 0.952215 -0.305430 0.000000 0.905609 -0.305432 -0.294250 0.905609 -0.305432 -0.294250 0.770357 -0.305430 -0.559698 0.770357 -0.305430 -0.559698 0.809017 -0.000074 -0.587786 0.809017 -0.000073 -0.587786 0.587785 -0.000077 -0.809017 0.587785 -0.000078 -0.809017 0.309016 -0.000078 -0.951057 0.309016 -0.000078 -0.951057 -0.000000 -0.000078 -1.000000 -0.000000 -0.000072 -1.000000 
						-0.309017 -0.000006 -0.951057 -0.309017 -0.000006 -0.951057 -0.587786 -0.000072 -0.809017 -0.587786 -0.000078 -0.809017 -0.809017 -0.000078 -0.587785 -0.809017 -0.000078 -0.587785 0.809017 -0.000151 0.587785 0.809017 -0.000151 0.587785 0.951056 -0.000151 0.309018 0.951056 -0.000151 0.309018 1.000000 -0.000155 0.000000 1.000000 -0.000155 0.000000 0.951056 -0.000151 -0.309018 0.951056 -0.000151 -0.309018 0.809018 -0.000151 -0.587784 0.809018 -0.000151 -0.587784 -0.809018 -0.000078 0.587784 -0.809018 -0.000078 0.587784 -0.587786 -0.000078 0.809017 -0.587786 -0.000078 0.809017 -0.309017 -0.000076 0.951057 -0.309017 -0.000076 0.951057 -0.000001 -0.000078 1.000000 -0.000001 -0.000072 1.000000 0.704080 -0.076155 -0.706025 0.703995 -0.076150 -0.706111 0.704270 -0.084415 -0.704895 0.704301 -0.084416 -0.704864 0.705147 -0.084410 -0.704019 0.705143 -0.084410 -0.704023 0.706301 -0.076138 -0.703805 0.706309 -0.076138 -0.703798 0.707295 -0.060416 -0.704332 0.707353 -0.060411 -0.704275 0.707756 -0.038785 -0.705392 0.707882 -0.038771 -0.705266 0.707496 -0.013364 -0.706591 0.707681 -0.013342 -0.706406 0.706613 0.013366 -0.707474 0.706826 0.013391 -0.707261 0.705445 0.038792 -0.707702 0.705648 0.038814 -0.707498 0.704449 0.060428 -0.707178 0.704608 0.060441 -0.707018 0.704015 0.076151 -0.706091 0.704106 0.076156 -0.705999 0.704272 0.084415 -0.704894 0.704297 0.084416 -0.704869 0.705146 0.084410 -0.704020 0.705141 0.084410 -0.704025 0.706309 0.076138 -0.703797 0.706318 0.076137 -0.703789 0.707311 0.060414 -0.704316 0.707368 0.060409 -0.704260 0.707764 0.038784 -0.705383 0.707888 0.038771 -0.705260 0.707497 0.013363 -0.706590 0.707682 0.013341 -0.706405 0.706616 -0.013366 -0.707471 0.706833 -0.013392 -0.707254 0.705466 -0.038794 -0.707681 0.705673 -0.038816 -0.707474 0.704473 -0.060430 -0.707153 0.704625 -0.060443 -0.707001 
						-0.453990 -0.000106 -0.891007 -0.453990 -0.000120 -0.891007 -0.453990 -0.000074 -0.891007 -0.453990 -0.000060 -0.891007 -0.156430 -0.000074 -0.987689 -0.156430 -0.000060 -0.987689 -0.156430 -0.000106 -0.987689 -0.156430 -0.000120 -0.987689 0.156433 -0.000106 -0.987689 0.156433 -0.000120 -0.987689 0.156433 -0.000074 -0.987689 0.156433 -0.000060 -0.987689 0.453991 -0.000060 -0.891006 0.453991 -0.000060 -0.891006 0.453991 -0.000060 -0.891006 0.453991 -0.000060 -0.891006 0.707107 -0.000074 -0.707107 0.707107 -0.000060 -0.707107 0.707107 -0.000106 -0.707107 0.707107 -0.000120 -0.707107 -0.891008 -0.000181 0.453987 -0.891008 -0.000181 0.453987 -0.891008 -0.000181 0.453987 -0.891008 -0.000181 0.453987 -0.987688 -0.000180 0.156438 -0.987688 -0.000181 0.156438 -0.987688 -0.000179 0.156438 -0.987688 -0.000179 0.156438 -0.987688 -0.000179 -0.156438 -0.987688 -0.000179 -0.156438 -0.987688 -0.000179 -0.156438 -0.987688 -0.000179 -0.156438 -0.891008 -0.000179 -0.453987 -0.891008 -0.000179 -0.453987 -0.891008 -0.000179 -0.453987 -0.891008 -0.000179 -0.453987 0.707107 -0.000122 0.707107 0.707107 -0.000122 0.707107 0.707107 -0.000122 0.707107 0.707107 -0.000122 0.707107 0.453991 -0.000121 0.891006 0.453991 -0.000122 0.891006 0.453991 -0.000120 0.891006 0.453991 -0.000120 0.891006 0.156437 -0.000120 0.987688 0.156437 -0.000120 0.987688 0.156437 -0.000120 0.987688 0.156437 -0.000120 0.987688 -0.156438 -0.000120 0.987688 -0.156438 -0.000120 0.987688 -0.156438 -0.000120 0.987688 -0.156438 -0.000120 0.987688 -0.453988 -0.000120 0.891008 -0.453988 -0.000120 0.891008 -0.453988 -0.000120 0.891008 -0.453988 -0.000120 0.891008 -0.707107 -0.000120 0.707107 -0.707107 -0.000120 0.707107 -0.707107 -0.000120 0.707107 -0.707107 -0.000120 0.707107 0.891008 -0.000179 -0.453987 0.891008 -0.000179 -0.453987 0.891008 -0.000179 -0.453987 0.891008 -0.000179 -0.453987 
						0.987688 -0.000166 -0.156434 0.987688 -0.000179 -0.156434 0.987688 -0.000135 -0.156434 0.987688 -0.000122 -0.156434 0.987688 -0.000135 0.156434 0.987688 -0.000122 0.156434 0.987688 -0.000166 0.156434 0.987688 -0.000179 0.156434 0.891008 -0.000165 0.453988 0.891008 -0.000179 0.453988 0.891008 -0.000132 0.453988 0.891008 -0.000118 0.453988 -0.707107 -0.000120 -0.707107 -0.707107 -0.000120 -0.707107 -0.707107 -0.000120 -0.707107 -0.707107 -0.000120 -0.707107 
					</float_array>
					<technique_common>
						<accessor count="208" offset="0" source="#meshId32-bitangents-array" stride="3">
							<param name="X" type="float" />
							<param name="Y" type="float" />
							<param name="Z" type="float" />
						</accessor>
					</technique_common>
				</source>
				<source id="meshId32-tex0" name="meshId32-tex0">
					<float_array id="meshId32-tex0-array" count="416"> 
						0.891496 0.903520 0.875726 0.887751 0.901747 0.851935 0.921617 0.862058 0.915426 0.809830 0.937452 0.813318 0.915424 0.765560 0.937451 0.762071 0.901743 0.723457 0.921613 0.713332 0.875720 0.687642 0.891489 0.671872 0.839904 0.661621 0.850028 0.641751 0.797800 0.647942 0.801287 0.625916 0.753529 0.647944 0.750040 0.625918 0.711426 0.661625 0.701301 0.641756 0.675611 0.687648 0.659841 0.671880 0.649591 0.723464 0.629720 0.713341 0.635912 0.765569 0.613885 0.762081 0.635913 0.809839 0.613887 0.813328 0.649595 0.851942 0.629725 0.862067 0.675618 0.887757 0.659849 0.903527 0.711434 0.913778 0.701310 0.933648 0.753538 0.927457 0.750050 0.949483 0.797808 0.927455 0.801298 0.949481 0.839912 0.913773 0.850037 0.933643 0.999176 0.368075 0.986316 0.368075 0.986312 0.316852 0.999172 0.316851 0.986309 0.265629 0.999169 0.265628 0.673068 0.660071 0.660831 0.664045 0.645002 0.615304 0.657239 0.611330 0.629173 0.566562 0.641410 0.562588 0.613344 0.517821 0.625581 0.513847 0.597515 0.469080 0.609752 0.465106 0.986911 0.885088 0.974051 0.885089 0.974048 0.833866 0.986908 0.833865 0.974044 0.782642 0.986905 0.782641 0.974041 0.731419 0.986901 0.731418 
						0.974038 0.680195 0.986898 0.680195 0.974035 0.628972 0.986895 0.628971 0.974031 0.577749 0.986891 0.577748 0.920858 0.503512 0.933719 0.503514 0.933711 0.554737 0.920851 0.554735 0.933703 0.605960 0.920843 0.605958 0.933696 0.657183 0.920836 0.657181 0.933688 0.708407 0.920828 0.708405 0.999189 0.572968 0.986329 0.572969 0.986325 0.521745 0.999186 0.521744 0.986322 0.470522 0.999182 0.470521 0.986319 0.419299 0.999179 0.419298 0.835754 0.565593 0.845876 0.585464 0.797134 0.601293 0.793649 0.579266 0.745887 0.601285 0.749379 0.579259 0.697151 0.585441 0.707278 0.565572 0.655696 0.555312 0.671467 0.539545 0.625581 0.513847 0.645452 0.503726 0.609752 0.465106 0.631779 0.461621 0.609760 0.413859 0.631786 0.417351 0.625604 0.365123 0.645473 0.375250 0.655733 0.323668 0.671500 0.339439 0.697198 0.293552 0.707319 0.313424 0.745939 0.277724 0.749424 0.299751 0.797186 0.277732 0.793694 0.299757 0.845922 0.293576 0.835795 0.313445 0.887377 0.323705 0.871606 0.339471 0.917492 0.365170 0.897621 0.375291 0.933321 0.413911 0.911294 0.417396 0.933313 0.465158 0.911287 0.461666 0.917469 0.513894 0.897601 0.503766 0.887340 0.555349 0.871574 0.539577 
						0.986635 0.221357 0.969963 0.221359 0.969958 0.177087 0.986630 0.177086 0.986630 0.177086 0.969958 0.177087 0.969953 0.132816 0.986625 0.132814 0.986625 0.132814 0.969953 0.132816 0.969948 0.088544 0.986620 0.088543 0.986620 0.088543 0.969948 0.088544 0.969944 0.044273 0.986616 0.044272 0.986616 0.044272 0.969944 0.044273 0.969939 0.000002 0.986611 0.000000 0.176009 0.417204 0.192682 0.417207 0.192674 0.461479 0.176002 0.461476 0.176002 0.461476 0.192674 0.461479 0.192667 0.505750 0.175995 0.505747 0.175995 0.505747 0.192667 0.505750 0.192660 0.550022 0.175988 0.550019 0.175988 0.550019 0.192660 0.550022 0.192653 0.594293 0.175980 0.594290 0.982548 0.577747 0.965876 0.577749 0.965871 0.533478 0.982543 0.533476 0.982543 0.533476 0.965871 0.533478 0.965866 0.489207 0.982538 0.489205 0.982538 0.489205 0.965866 0.489207 0.965861 0.444935 0.982533 0.444933 0.982533 0.444933 0.965861 0.444935 0.965856 0.400664 0.982528 0.400662 0.982528 0.400662 0.965856 0.400664 0.965851 0.356392 0.982523 0.356390 0.982523 0.356390 0.965851 0.356392 0.965846 0.312121 0.982518 0.312119 0.065510 0.737550 0.082182 0.737553 0.082175 0.781825 0.065503 0.781822 
						0.065503 0.781822 0.082175 0.781825 0.082168 0.826096 0.065496 0.826094 0.065496 0.826094 0.082168 0.826096 0.082160 0.870368 0.065488 0.870365 0.065488 0.870365 0.082160 0.870368 0.082153 0.914639 0.065481 0.914637 0.986639 0.265628 0.969967 0.265630 0.969963 0.221359 0.986635 0.221357 
					</float_array>
					<technique_common>
						<accessor count="208" offset="0" source="#meshId32-tex0-array" stride="2">
							<param name="S" type="float" />
							<param name="T" type="float" />
						</accessor>
					</technique_common>
				</source>
				<vertices id="meshId32-vertices">
					<input semantic="POSITION" source="#meshId32-positions" />
				</vertices>
				<polylist count="160" material="defaultMaterial">
					<input offset="0" semantic="VERTEX" source="#meshId32-vertices" />
					<input offset="0" semantic="NORMAL" source="#meshId32-normals" />
					<input offset="0" semantic="TANGENT" source="#meshId32-tangents" />
					<input offset="0" semantic="BINORMAL" source="#meshId32-bitangents" />
					<input offset="0" semantic="TEXCOORD" source="#meshId32-tex0" set="0" />
					<vcount>
						3 3 3 3 3 3 3 3 3 3 3 3 3 3 3 3 3 3 3 3 3 3 3 3 3 3 3 3 3 3 3 3 3 3 3 3 3 3 3 3 3 3 3 3 3 3 3 3 3 3 3 3 3 3 3 3 3 3 3 3 3 3 3 3 
						3 3 3 3 3 3 3 3 3 3 3 3 3 3 3 3 3 3 3 3 3 3 3 3 3 3 3 3 3 3 3 3 3 3 3 3 3 3 3 3 3 3 3 3 3 3 3 3 3 3 3 3 3 3 3 3 3 3 3 3 3 3 3 3 
						3 3 3 3 3 3 3 3 3 3 3 3 3 3 3 3 3 3 3 3 3 3 3 3 3 3 3 3 3 3 3 3 
					</vcount>
					<p>
						0 1 2 2 3 0 3 2 4 4 5 3 5 4 6 6 7 5 7 6 8 8 9 7 9 8 10 10 11 9 11 10 12 12 13 11 13 12 14 14 15 13 15 14 16 16 17 15 17 16 18 18 19 17 19 18 20 20 21 19 21 20 22 22 23 21 23 22 24 24 25 23 25 24 26 26 27 25 27 26 28 28 29 27 29 28 30 30 31 29 31 30 32 32 33 31 33 32 34 34 35 33 35 34 36 36 37 35 37 36 38 38 39 37 39 38 1 1 0 39 40 41 42 42 43 40 43 42 44 44 45 43 46 47 48 48 49 46 49 48 50 50 51 49 51 50 52 52 53 51 53 52 54 54 55 53 56 57 58 58 59 56 59 58 60 60 61 59 61 60 62 62 63 61 63 62 64 64 65 63 65 64 66 66 67 65 67 66 68 68 69 67 
						70 71 72 72 73 70 73 72 74 74 75 73 75 74 76 76 77 75 77 76 78 78 79 77 80 81 82 82 83 80 83 82 84 84 85 83 85 84 86 86 87 85 87 86 41 41 40 87 88 89 90 90 91 88 91 90 92 92 93 91 93 92 94 94 95 93 95 94 96 96 97 95 97 96 98 98 99 97 99 98 100 100 101 99 101 100 102 102 103 101 103 102 104 104 105 103 105 104 106 106 107 105 107 106 108 108 109 107 109 108 110 110 111 109 111 110 112 112 113 111 113 112 114 114 115 113 115 114 116 116 117 115 117 116 118 118 119 117 119 118 120 120 121 119 121 120 122 122 123 121 123 122 124 124 125 123 125 124 126 126 127 125 127 126 89 89 88 127 128 129 130 130 131 128 132 133 134 134 135 132 136 137 138 138 139 136 140 141 142 142 143 140 
						144 145 146 146 147 144 148 149 150 150 151 148 152 153 154 154 155 152 156 157 158 158 159 156 160 161 162 162 163 160 164 165 166 166 167 164 168 169 170 170 171 168 172 173 174 174 175 172 176 177 178 178 179 176 180 181 182 182 183 180 184 185 186 186 187 184 188 189 190 190 191 188 192 193 194 194 195 192 196 197 198 198 199 196 200 201 202 202 203 200 204 205 206 206 207 204 
					</p>
				</polylist>
			</mesh>
		</geometry>
		<geometry id="meshId33" name="meshId33_name" >
			<mesh>
				<source id="meshId33-positions" name="meshId33-positions">
					<float_array id="meshId33-positions-array" count="72"> 
						-18.156662 1.816866 32.055328 -18.156662 1.759243 32.055328 -17.534714 1.759243 32.055328 -17.534714 1.816866 32.055328 -18.156662 1.816866 31.433384 -18.156662 1.816866 32.055328 -17.534714 1.816866 32.055328 -17.534714 1.816866 31.433384 -18.156662 1.759243 31.433384 -18.156662 1.816866 31.433384 -17.534714 1.816866 31.433384 -17.534714 1.759243 31.433384 -18.156662 1.759243 32.055328 -18.156662 1.759243 31.433384 -17.534714 1.759243 31.433384 -17.534714 1.759243 32.055328 -17.534714 1.816866 32.055328 -17.534714 1.759243 32.055328 -17.534714 1.759243 31.433384 -17.534714 1.816866 31.433384 -18.156662 1.816866 31.433384 -18.156662 1.759243 31.433384 -18.156662 1.759243 32.055328 -18.156662 1.816866 32.055328 
					</float_array>
					<technique_common>
						<accessor count="24" offset="0" source="#meshId33-positions-array" stride="3">
							<param name="X" type="float" />
							<param name="Y" type="float" />
							<param name="Z" type="float" />
						</accessor>
					</technique_common>
				</source>
				<source id="meshId33-normals" name="meshId33-normals">
					<float_array id="meshId33-normals-array" count="72"> 
						0.000000 0.000000 1.000000 0.000000 0.000000 1.000000 0.000000 0.000000 1.000000 0.000000 0.000000 1.000000 0.000000 1.000000 0.000000 0.000000 1.000000 0.000000 0.000000 1.000000 0.000000 0.000000 1.000000 0.000000 0.000000 0.000000 -1.000000 0.000000 0.000000 -1.000000 0.000000 0.000000 -1.000000 0.000000 0.000000 -1.000000 0.000000 -1.000000 0.000000 0.000000 -1.000000 0.000000 0.000000 -1.000000 0.000000 0.000000 -1.000000 0.000000 1.000000 0.000000 0.000000 1.000000 0.000000 0.000000 1.000000 0.000000 0.000000 1.000000 0.000000 0.000000 -1.000000 0.000000 0.000000 -1.000000 0.000000 0.000000 -1.000000 0.000000 0.000000 -1.000000 0.000000 0.000000 
					</float_array>
					<technique_common>
						<accessor count="24" offset="0" source="#meshId33-normals-array" stride="3">
							<param name="X" type="float" />
							<param name="Y" type="float" />
							<param name="Z" type="float" />
						</accessor>
					</technique_common>
				</source>
				<source id="meshId33-tangents" name="meshId33-tangents">
					<float_array id="meshId33-tangents-array" count="72"> 
						0.000000 -1.000000 0.000000 0.000000 -1.000000 0.000000 0.000000 -1.000000 0.000000 0.000000 -1.000000 0.000000 1.000000 0.000000 0.000000 1.000000 0.000000 0.000000 1.000000 0.000000 0.000000 1.000000 0.000000 0.000000 0.000000 1.000000 0.000000 0.000000 1.000000 0.000000 0.000000 1.000000 0.000000 0.000000 1.000000 0.000000 1.000000 0.000000 0.000000 1.000000 0.000000 0.000000 1.000000 0.000000 0.000000 1.000000 0.000000 0.000000 0.000000 1.000000 0.000000 0.000000 1.000000 0.000000 0.000000 1.000000 0.000000 0.000000 1.000000 0.000000 0.000000 1.000000 0.000000 0.000000 1.000000 0.000000 0.000000 1.000000 0.000000 0.000000 1.000000 0.000000 
					</float_array>
					<technique_common>
						<accessor count="24" offset="0" source="#meshId33-tangents-array" stride="3">
							<param name="X" type="float" />
							<param name="Y" type="float" />
							<param name="Z" type="float" />
						</accessor>
					</technique_common>
				</source>
				<source id="meshId33-bitangents" name="meshId33-bitangents">
					<float_array id="meshId33-bitangents-array" count="72"> 
						1.000000 0.000000 0.000000 1.000000 0.000000 0.000000 1.000000 0.000000 0.000000 1.000000 0.000000 0.000000 0.000000 0.000000 -1.000000 0.000000 0.000000 -1.000000 0.000000 0.000000 -1.000000 0.000000 0.000000 -1.000000 1.000000 0.000000 0.000000 1.000000 0.000000 0.000000 1.000000 0.000000 0.000000 1.000000 0.000000 0.000000 0.000000 0.000000 1.000000 0.000000 0.000000 1.000000 0.000000 0.000000 1.000000 0.000000 0.000000 1.000000 0.000000 0.000000 1.000000 0.000000 0.000000 1.000000 0.000000 0.000000 1.000000 0.000000 0.000000 1.000000 0.000000 0.000000 -1.000000 0.000000 0.000000 -1.000000 0.000000 0.000000 -1.000000 0.000000 0.000000 -1.000000 
					</float_array>
					<technique_common>
						<accessor count="24" offset="0" source="#meshId33-bitangents-array" stride="3">
							<param name="X" type="float" />
							<param name="Y" type="float" />
							<param name="Z" type="float" />
						</accessor>
					</technique_common>
				</source>
				<source id="meshId33-tex0" name="meshId33-tex0">
					<float_array id="meshId33-tex0-array" count="48"> 
						0.577052 0.491315 0.581795 0.491315 0.581795 0.542501 0.577052 0.542501 0.106407 0.051186 0.106407 0.000000 0.157593 0.000000 0.157593 0.051186 0.585237 0.483130 0.589980 0.483130 0.589980 0.534316 0.585237 0.534316 0.757125 0.051186 0.757125 0.000000 0.808312 0.000000 0.808312 0.051186 0.753682 0.447976 0.748940 0.447976 0.748940 0.396790 0.753682 0.396790 0.553147 0.781890 0.548404 0.781890 0.548404 0.730704 0.553147 0.730704 
					</float_array>
					<technique_common>
						<accessor count="24" offset="0" source="#meshId33-tex0-array" stride="2">
							<param name="S" type="float" />
							<param name="T" type="float" />
						</accessor>
					</technique_common>
				</source>
				<vertices id="meshId33-vertices">
					<input semantic="POSITION" source="#meshId33-positions" />
				</vertices>
				<polylist count="12" material="defaultMaterial">
					<input offset="0" semantic="VERTEX" source="#meshId33-vertices" />
					<input offset="0" semantic="NORMAL" source="#meshId33-normals" />
					<input offset="0" semantic="TANGENT" source="#meshId33-tangents" />
					<input offset="0" semantic="BINORMAL" source="#meshId33-bitangents" />
					<input offset="0" semantic="TEXCOORD" source="#meshId33-tex0" set="0" />
					<vcount>
						3 3 3 3 3 3 3 3 3 3 3 3 
					</vcount>
					<p>
						0 1 2 2 3 0 4 5 6 6 7 4 8 9 10 10 11 8 12 13 14 14 15 12 16 17 18 18 19 16 20 21 22 22 23 20 
					</p>
				</polylist>
			</mesh>
		</geometry>
		<geometry id="meshId34" name="meshId34_name" >
			<mesh>
				<source id="meshId34-positions" name="meshId34-positions">
					<float_array id="meshId34-positions-array" count="234"> 
						-16.921808 0.674082 31.361675 -16.921808 0.557864 31.361675 -17.138580 0.557864 31.037251 -17.138580 0.674082 31.037251 -17.463003 0.557864 30.820477 -17.463003 0.674082 30.820477 -17.463003 0.674082 30.820477 -17.463003 0.557864 30.820477 -17.845688 0.557864 30.744356 -17.845688 0.674082 30.744356 -18.228371 0.557864 30.820477 -18.228371 0.674082 30.820477 -18.228371 0.674082 30.820477 -18.228371 0.557864 30.820477 -18.552794 0.557864 31.037251 -18.552794 0.674082 31.037251 -18.769567 0.557864 31.361673 -18.769567 0.674082 31.361673 -18.845688 0.557864 31.744356 -18.845688 0.674082 31.744356 -18.769567 0.557864 32.127041 -18.769567 0.674082 32.127041 -18.552795 0.557864 32.451462 -18.552795 0.674082 32.451462 -18.228371 0.557864 32.668236 -18.228371 0.557864 32.668236 -18.228371 0.674082 32.668236 -18.552795 0.674082 32.451462 -18.228371 0.674082 32.668236 -18.228371 0.557864 32.668236 -17.845688 0.557864 32.744358 -17.845688 0.674082 32.744358 -17.463005 0.557864 32.668236 -17.463005 0.674082 32.668236 -17.463005 0.674082 32.668236 -17.463005 0.557864 32.668236 -17.138580 0.557864 32.451462 -17.138580 0.557864 32.451462 -17.138580 0.674082 32.451462 -17.463005 0.674082 32.668236 -16.921808 0.557864 32.127041 -16.921808 0.674082 32.127041 -16.845688 0.557864 31.744356 -16.845688 0.674082 31.744356 -17.138580 0.557864 31.037251 -16.921808 0.557864 31.361675 -17.845688 0.557864 31.744356 -17.463003 0.557864 30.820477 -17.845688 0.557864 30.744356 -18.228371 0.557864 30.820477 -18.552794 0.557864 31.037251 -18.769567 0.557864 31.361673 -18.845688 0.557864 31.744356 -18.769567 0.557864 32.127041 -18.552795 0.557864 32.451462 -18.228371 0.557864 32.668236 -17.845688 0.557864 32.744358 -17.463005 0.557864 32.668236 -17.138580 0.557864 32.451462 -16.921808 0.557864 32.127041 -16.845688 0.557864 31.744356 -16.921808 0.674082 31.361675 -17.138580 0.674082 31.037251 -17.845688 0.674082 31.744356 
						-17.463003 0.674082 30.820477 -17.845688 0.674082 30.744356 -18.228371 0.674082 30.820477 -18.552794 0.674082 31.037251 -18.769567 0.674082 31.361673 -18.845688 0.674082 31.744356 -18.769567 0.674082 32.127041 -18.552795 0.674082 32.451462 -18.228371 0.674082 32.668236 -17.845688 0.674082 32.744358 -17.463005 0.674082 32.668236 -17.138580 0.674082 32.451462 -16.921808 0.674082 32.127041 -16.845688 0.674082 31.744356 
					</float_array>
					<technique_common>
						<accessor count="78" offset="0" source="#meshId34-positions-array" stride="3">
							<param name="X" type="float" />
							<param name="Y" type="float" />
							<param name="Z" type="float" />
						</accessor>
					</technique_common>
				</source>
				<source id="meshId34-normals" name="meshId34-normals">
					<float_array id="meshId34-normals-array" count="234"> 
						0.923880 0.000000 -0.382682 0.923880 0.000000 -0.382682 0.707109 0.000000 -0.707105 0.707109 0.000000 -0.707105 0.382682 0.000000 -0.923880 0.382682 0.000000 -0.923880 0.382682 0.000000 -0.923880 0.382682 0.000000 -0.923880 0.000000 0.000000 -1.000000 0.000000 0.000000 -1.000000 -0.382683 0.000000 -0.923880 -0.382683 0.000000 -0.923880 -0.382683 0.000000 -0.923880 -0.382683 0.000000 -0.923880 -0.707106 0.000000 -0.707107 -0.707106 0.000000 -0.707107 -0.923879 0.000000 -0.382684 -0.923879 0.000000 -0.382684 -1.000000 0.000000 0.000000 -1.000000 0.000000 0.000000 -0.923879 0.000000 0.382684 -0.923879 0.000000 0.382684 -0.707106 0.000000 0.707108 -0.707106 0.000000 0.707108 -0.382686 0.000000 0.923878 -0.382686 0.000000 0.923878 -0.382686 0.000000 0.923878 -0.707106 0.000000 0.707108 -0.382686 0.000000 0.923878 -0.382686 0.000000 0.923878 0.000000 0.000000 1.000000 0.000000 0.000000 1.000000 0.382686 0.000000 0.923878 0.382686 0.000000 0.923878 0.382686 0.000000 0.923878 0.382686 0.000000 0.923878 0.707106 0.000000 0.707108 0.707106 0.000000 0.707108 0.707106 0.000000 0.707108 0.382686 0.000000 0.923878 0.923879 0.000000 0.382684 0.923879 0.000000 0.382684 1.000000 0.000000 0.000000 1.000000 0.000000 0.000000 0.000000 -1.000000 0.000000 0.000000 -1.000000 0.000000 0.000000 -1.000000 0.000000 0.000000 -1.000000 0.000000 0.000000 -1.000000 0.000000 0.000000 -1.000000 0.000000 0.000000 -1.000000 0.000000 0.000000 -1.000000 0.000000 0.000000 -1.000000 0.000000 0.000000 -1.000000 0.000000 0.000000 -1.000000 0.000000 0.000000 -1.000000 0.000000 0.000000 -1.000000 0.000000 0.000000 -1.000000 0.000000 0.000000 -1.000000 0.000000 0.000000 -1.000000 0.000000 0.000000 -1.000000 0.000000 0.000000 1.000000 0.000000 0.000000 1.000000 0.000000 0.000000 1.000000 0.000000 
						0.000000 1.000000 0.000000 0.000000 1.000000 0.000000 0.000000 1.000000 0.000000 0.000000 1.000000 0.000000 0.000000 1.000000 0.000000 0.000000 1.000000 0.000000 0.000000 1.000000 0.000000 0.000000 1.000000 0.000000 0.000000 1.000000 0.000000 0.000000 1.000000 0.000000 0.000000 1.000000 0.000000 0.000000 1.000000 0.000000 0.000000 1.000000 0.000000 0.000000 1.000000 0.000000 
					</float_array>
					<technique_common>
						<accessor count="78" offset="0" source="#meshId34-normals-array" stride="3">
							<param name="X" type="float" />
							<param name="Y" type="float" />
							<param name="Z" type="float" />
						</accessor>
					</technique_common>
				</source>
				<source id="meshId34-tangents" name="meshId34-tangents">
					<float_array id="meshId34-tangents-array" count="234"> 
						0.000040 -1.000000 0.000095 0.000040 -1.000000 0.000096 0.000070 -1.000000 0.000070 0.000076 -1.000000 0.000076 0.000168 -1.000000 0.000070 0.000186 -1.000000 0.000077 0.000000 -1.000000 0.000000 0.000000 -1.000000 0.000000 0.000000 -1.000000 0.000000 0.000000 -1.000000 0.000000 0.000000 -1.000000 0.000000 0.000000 -1.000000 0.000000 -0.000189 1.000000 0.000078 -0.000189 1.000000 0.000078 -0.000145 1.000000 0.000145 -0.000145 1.000000 0.000145 -0.000078 1.000000 0.000189 -0.000078 1.000000 0.000189 0.000000 1.000000 0.000205 0.000000 1.000000 0.000195 0.000043 1.000000 0.000104 0.000043 1.000000 0.000104 0.000138 1.000000 0.000138 0.000145 1.000000 0.000145 0.000190 1.000000 0.000079 -0.000189 -1.000000 -0.000078 -0.000189 -1.000000 -0.000078 -0.000145 -1.000000 -0.000145 0.000000 -1.000000 0.000000 0.000000 -1.000000 0.000000 0.000000 -1.000000 0.000000 0.000000 -1.000000 0.000000 0.000000 -1.000000 0.000000 0.000000 -1.000000 0.000000 0.000186 1.000000 -0.000077 0.000186 1.000000 -0.000077 0.000143 1.000000 -0.000143 -0.000143 -1.000000 0.000143 -0.000143 -1.000000 0.000143 -0.000186 -1.000000 0.000077 -0.000077 -1.000000 0.000186 -0.000074 -1.000000 0.000178 0.000000 -1.000000 0.000113 0.000000 -1.000000 0.000104 0.555575 0.000000 0.831466 0.555562 0.000000 0.831475 0.555570 0.000000 0.831470 0.555572 0.000000 0.831468 0.555567 0.000000 0.831472 0.555571 0.000000 0.831469 0.555568 0.000000 0.831471 0.555574 0.000000 0.831467 0.555579 0.000000 0.831464 0.555574 0.000000 0.831467 0.555568 0.000000 0.831471 0.555561 0.000000 0.831476 0.555565 0.000000 0.831473 0.555572 0.000000 0.831469 0.555570 0.000000 0.831470 0.555574 0.000000 0.831467 0.555568 0.000000 0.831471 0.555567 0.000000 -0.831472 0.555572 0.000000 -0.831468 0.555571 0.000000 -0.831469 
						0.555573 0.000000 -0.831468 0.555567 0.000000 -0.831472 0.555572 0.000000 -0.831468 0.555579 0.000000 -0.831464 0.555564 0.000000 -0.831474 0.555567 0.000000 -0.831472 0.555574 0.000000 -0.831467 0.555570 0.000000 -0.831470 0.555569 0.000000 -0.831470 0.555574 0.000000 -0.831467 0.555572 0.000000 -0.831469 0.555568 0.000000 -0.831471 0.555574 0.000000 -0.831467 0.555569 0.000000 -0.831471 
					</float_array>
					<technique_common>
						<accessor count="78" offset="0" source="#meshId34-tangents-array" stride="3">
							<param name="X" type="float" />
							<param name="Y" type="float" />
							<param name="Z" type="float" />
						</accessor>
					</technique_common>
				</source>
				<source id="meshId34-bitangents" name="meshId34-bitangents">
					<float_array id="meshId34-bitangents-array" count="234"> 
						-0.382682 -0.000103 -0.923880 -0.382682 -0.000104 -0.923880 -0.707105 -0.000098 -0.707109 -0.707105 -0.000108 -0.707109 -0.923880 -0.000182 -0.382682 -0.923880 -0.000202 -0.382682 -0.923880 -0.000000 -0.382682 -0.923880 -0.000000 -0.382682 -1.000000 -0.000000 -0.000000 -1.000000 -0.000000 -0.000000 -0.923880 0.000000 0.382683 -0.923880 0.000000 0.382683 0.923880 0.000205 -0.382683 0.923880 0.000205 -0.382683 0.707107 0.000205 -0.707106 0.707107 0.000205 -0.707106 0.382684 0.000205 -0.923879 0.382684 0.000205 -0.923879 0.000000 0.000205 -1.000000 0.000000 0.000195 -1.000000 -0.382684 0.000113 -0.923879 -0.382684 0.000113 -0.923879 -0.707108 0.000196 -0.707106 -0.707108 0.000205 -0.707106 -0.923878 0.000205 -0.382686 -0.923878 0.000205 -0.382686 -0.923878 0.000205 -0.382686 -0.707108 0.000205 -0.707106 0.923878 0.000000 0.382686 0.923878 0.000000 0.382686 1.000000 0.000000 0.000000 1.000000 0.000000 0.000000 0.923878 0.000000 -0.382686 0.923878 0.000000 -0.382686 0.923878 -0.000202 -0.382686 0.923878 -0.000202 -0.382686 0.707108 -0.000202 -0.707106 0.707108 -0.000202 -0.707106 0.707108 -0.000202 -0.707106 0.923878 -0.000202 -0.382686 0.382684 -0.000202 -0.923879 0.382684 -0.000193 -0.923879 0.000000 -0.000113 -1.000000 0.000000 -0.000104 -1.000000 -0.831466 0.000000 0.555575 -0.831475 0.000000 0.555562 -0.831470 0.000000 0.555570 -0.831468 0.000000 0.555572 -0.831472 0.000000 0.555567 -0.831469 0.000000 0.555571 -0.831471 0.000000 0.555568 -0.831467 0.000000 0.555574 -0.831464 0.000000 0.555579 -0.831467 0.000000 0.555574 -0.831471 0.000000 0.555568 -0.831476 0.000000 0.555561 -0.831473 0.000000 0.555565 -0.831469 0.000000 0.555572 -0.831470 0.000000 0.555570 -0.831467 0.000000 0.555574 -0.831471 0.000000 0.555568 -0.831472 0.000000 -0.555567 -0.831468 0.000000 -0.555572 -0.831469 0.000000 -0.555571 
						-0.831468 0.000000 -0.555573 -0.831472 0.000000 -0.555567 -0.831468 0.000000 -0.555572 -0.831464 0.000000 -0.555579 -0.831474 0.000000 -0.555564 -0.831472 0.000000 -0.555567 -0.831467 0.000000 -0.555574 -0.831470 0.000000 -0.555570 -0.831470 0.000000 -0.555569 -0.831467 0.000000 -0.555574 -0.831469 0.000000 -0.555572 -0.831471 0.000000 -0.555568 -0.831467 0.000000 -0.555574 -0.831471 0.000000 -0.555569 
					</float_array>
					<technique_common>
						<accessor count="78" offset="0" source="#meshId34-bitangents-array" stride="3">
							<param name="X" type="float" />
							<param name="Y" type="float" />
							<param name="Z" type="float" />
						</accessor>
					</technique_common>
				</source>
				<source id="meshId34-tex0" name="meshId34-tex0">
					<float_array id="meshId34-tex0-array" count="156"> 
						0.990413 0.701416 0.999978 0.701417 0.999972 0.733529 0.990407 0.733528 0.999966 0.765641 0.990402 0.765639 0.736663 0.006205 0.746228 0.006205 0.746227 0.038317 0.736663 0.038317 0.746227 0.070429 0.736662 0.070429 0.999966 0.192673 0.990402 0.192671 0.990407 0.160559 0.999972 0.160561 0.990413 0.128447 0.999978 0.128449 0.990418 0.096335 0.999983 0.096337 0.990424 0.064224 0.999989 0.064225 0.990430 0.032112 0.999994 0.032114 0.990435 0.000000 0.990435 0.000000 0.000000 0.000002 0.999994 0.032114 0.879903 0.590005 0.889468 0.590005 0.889467 0.622116 0.879903 0.622116 0.889467 0.654228 0.879902 0.654228 0.990435 0.572968 0.000000 0.572970 0.999994 0.605082 0.999994 0.605082 0.990430 0.605080 0.990435 0.572968 0.999989 0.637194 0.990424 0.637192 0.999983 0.669305 0.990418 0.669304 0.506660 0.350796 0.538772 0.350796 0.522716 0.431514 0.476993 0.363084 0.454286 0.385791 0.441997 0.415458 0.441998 0.447570 0.454286 0.477237 0.476993 0.499944 0.506660 0.512233 0.538772 0.512233 0.568439 0.499944 0.591146 0.477237 0.603434 0.447570 0.603434 0.415458 0.591146 0.385791 0.568439 0.363084 0.149148 0.518863 0.161437 0.548531 0.080718 0.564587 
						0.161437 0.580643 0.149148 0.610310 0.126442 0.633017 0.096774 0.645305 0.064662 0.645305 0.034995 0.633017 0.012288 0.610310 0.000000 0.580643 0.000000 0.548531 0.012289 0.518863 0.034995 0.496157 0.064663 0.483868 0.096774 0.483868 0.126442 0.496157 
					</float_array>
					<technique_common>
						<accessor count="78" offset="0" source="#meshId34-tex0-array" stride="2">
							<param name="S" type="float" />
							<param name="T" type="float" />
						</accessor>
					</technique_common>
				</source>
				<vertices id="meshId34-vertices">
					<input semantic="POSITION" source="#meshId34-positions" />
				</vertices>
				<polylist count="64" material="defaultMaterial">
					<input offset="0" semantic="VERTEX" source="#meshId34-vertices" />
					<input offset="0" semantic="NORMAL" source="#meshId34-normals" />
					<input offset="0" semantic="TANGENT" source="#meshId34-tangents" />
					<input offset="0" semantic="BINORMAL" source="#meshId34-bitangents" />
					<input offset="0" semantic="TEXCOORD" source="#meshId34-tex0" set="0" />
					<vcount>
						3 3 3 3 3 3 3 3 3 3 3 3 3 3 3 3 3 3 3 3 3 3 3 3 3 3 3 3 3 3 3 3 3 3 3 3 3 3 3 3 3 3 3 3 3 3 3 3 3 3 3 3 3 3 3 3 3 3 3 3 3 3 3 3 
					</vcount>
					<p>
						0 1 2 2 3 0 3 2 4 4 5 3 6 7 8 8 9 6 9 8 10 10 11 9 12 13 14 14 15 12 15 14 16 16 17 15 17 16 18 18 19 17 19 18 20 20 21 19 21 20 22 22 23 21 23 22 24 25 26 27 28 29 30 30 31 28 31 30 32 32 33 31 34 35 36 37 38 39 38 37 40 40 41 38 41 40 42 42 43 41 43 42 1 1 0 43 44 45 46 47 44 46 48 47 46 49 48 46 50 49 46 51 50 46 52 51 46 53 52 46 54 53 46 55 54 46 56 55 46 57 56 46 58 57 46 59 58 46 60 59 46 45 60 46 61 62 63 62 64 63 64 65 63 65 66 63 66 67 63 67 68 63 68 69 63 69 70 63 70 71 63 71 72 63 72 73 63 73 74 63 74 75 63 75 76 63 76 77 63 77 61 63 
					</p>
				</polylist>
			</mesh>
		</geometry>
		<geometry id="meshId35" name="meshId35_name" >
			<mesh>
				<source id="meshId35-positions" name="meshId35-positions">
					<float_array id="meshId35-positions-array" count="222"> 
						-17.020191 0.733776 31.402426 -17.020191 0.629934 31.402426 -17.213881 0.629934 31.112549 -17.213881 0.733776 31.112549 -17.503756 0.629934 30.918861 -17.503756 0.733776 30.918861 -17.503756 0.733776 30.918861 -17.503756 0.629934 30.918861 -17.845688 0.629934 30.850845 -17.845688 0.733776 30.850845 -18.187618 0.629934 30.918861 -18.187618 0.733776 30.918861 -18.187618 0.733776 30.918861 -18.187618 0.629934 30.918861 -18.477495 0.629934 31.112549 -18.477495 0.733776 31.112549 -18.671185 0.629934 31.402424 -18.671185 0.733776 31.402424 -18.739199 0.629934 31.744356 -18.739199 0.733776 31.744356 -18.671185 0.629934 32.086288 -18.671185 0.733776 32.086288 -18.477495 0.629934 32.376163 -18.477495 0.733776 32.376163 -18.187620 0.629934 32.569855 -18.187620 0.733776 32.569855 -18.187620 0.733776 32.569855 -18.187620 0.629934 32.569855 -17.845688 0.629934 32.637867 -17.845688 0.733776 32.637867 -17.503756 0.629934 32.569855 -17.503756 0.733776 32.569855 -17.503756 0.733776 32.569855 -17.503756 0.629934 32.569855 -17.213881 0.629934 32.376163 -17.213881 0.733776 32.376163 -17.020191 0.629934 32.086288 -17.020191 0.733776 32.086288 -16.952177 0.629934 31.744356 -16.952177 0.733776 31.744356 -17.213881 0.629934 31.112549 -17.020191 0.629934 31.402426 -17.845688 0.629934 31.744356 -17.503756 0.629934 30.918861 -17.845688 0.629934 30.850845 -18.187618 0.629934 30.918861 -18.477495 0.629934 31.112549 -18.671185 0.629934 31.402424 -18.739199 0.629934 31.744356 -18.671185 0.629934 32.086288 -18.477495 0.629934 32.376163 -18.187620 0.629934 32.569855 -17.845688 0.629934 32.637867 -17.503756 0.629934 32.569855 -17.213881 0.629934 32.376163 -17.020191 0.629934 32.086288 -16.952177 0.629934 31.744356 -17.020191 0.733776 31.402426 -17.213881 0.733776 31.112549 -17.845688 0.733776 31.744356 -17.503756 0.733776 30.918861 -17.845688 0.733776 30.850845 -18.187618 0.733776 30.918861 -18.477495 0.733776 31.112549 
						-18.671185 0.733776 31.402424 -18.739199 0.733776 31.744356 -18.671185 0.733776 32.086288 -18.477495 0.733776 32.376163 -18.187620 0.733776 32.569855 -17.845688 0.733776 32.637867 -17.503756 0.733776 32.569855 -17.213881 0.733776 32.376163 -17.020191 0.733776 32.086288 -16.952177 0.733776 31.744356 
					</float_array>
					<technique_common>
						<accessor count="74" offset="0" source="#meshId35-positions-array" stride="3">
							<param name="X" type="float" />
							<param name="Y" type="float" />
							<param name="Z" type="float" />
						</accessor>
					</technique_common>
				</source>
				<source id="meshId35-normals" name="meshId35-normals">
					<float_array id="meshId35-normals-array" count="222"> 
						0.923880 0.000000 -0.382683 0.923880 0.000000 -0.382683 0.707107 0.000000 -0.707107 0.707107 0.000000 -0.707107 0.382683 0.000000 -0.923880 0.382683 0.000000 -0.923880 0.382683 0.000000 -0.923880 0.382683 0.000000 -0.923880 0.000000 0.000000 -1.000000 0.000000 0.000000 -1.000000 -0.382683 0.000000 -0.923880 -0.382683 0.000000 -0.923880 -0.382683 0.000000 -0.923880 -0.382683 0.000000 -0.923880 -0.707104 0.000000 -0.707110 -0.707104 0.000000 -0.707110 -0.923880 0.000000 -0.382683 -0.923880 0.000000 -0.382683 -1.000000 0.000000 0.000000 -1.000000 0.000000 0.000000 -0.923879 0.000000 0.382685 -0.923879 0.000000 0.382685 -0.707108 0.000000 0.707105 -0.707108 0.000000 0.707105 -0.382683 0.000000 0.923880 -0.382683 0.000000 0.923880 -0.382683 0.000000 0.923880 -0.382683 0.000000 0.923880 0.000000 0.000000 1.000000 0.000000 0.000000 1.000000 0.382683 0.000000 0.923880 0.382683 0.000000 0.923880 0.382683 0.000000 0.923880 0.382683 0.000000 0.923880 0.707108 0.000000 0.707105 0.707108 0.000000 0.707105 0.923879 0.000000 0.382685 0.923879 0.000000 0.382685 1.000000 0.000000 0.000000 1.000000 0.000000 0.000000 0.000000 -1.000000 0.000000 0.000000 -1.000000 0.000000 0.000000 -1.000000 0.000000 0.000000 -1.000000 0.000000 0.000000 -1.000000 0.000000 0.000000 -1.000000 0.000000 0.000000 -1.000000 0.000000 0.000000 -1.000000 0.000000 0.000000 -1.000000 0.000000 0.000000 -1.000000 0.000000 0.000000 -1.000000 0.000000 0.000000 -1.000000 0.000000 0.000000 -1.000000 0.000000 0.000000 -1.000000 0.000000 0.000000 -1.000000 0.000000 0.000000 -1.000000 0.000000 0.000000 -1.000000 0.000000 0.000000 1.000000 0.000000 0.000000 1.000000 0.000000 0.000000 1.000000 0.000000 0.000000 1.000000 0.000000 0.000000 1.000000 0.000000 0.000000 1.000000 0.000000 0.000000 1.000000 0.000000 
						0.000000 1.000000 0.000000 0.000000 1.000000 0.000000 0.000000 1.000000 0.000000 0.000000 1.000000 0.000000 0.000000 1.000000 0.000000 0.000000 1.000000 0.000000 0.000000 1.000000 0.000000 0.000000 1.000000 0.000000 0.000000 1.000000 0.000000 0.000000 1.000000 0.000000 
					</float_array>
					<technique_common>
						<accessor count="74" offset="0" source="#meshId35-normals-array" stride="3">
							<param name="X" type="float" />
							<param name="Y" type="float" />
							<param name="Z" type="float" />
						</accessor>
					</technique_common>
				</source>
				<source id="meshId35-tangents" name="meshId35-tangents">
					<float_array id="meshId35-tangents-array" count="222"> 
						0.000048 -1.000000 0.000117 0.000045 -1.000000 0.000107 0.000152 -1.000000 0.000152 0.000160 -1.000000 0.000160 0.000209 -1.000000 0.000086 0.000209 -1.000000 0.000086 0.000000 -1.000000 0.000000 0.000000 -1.000000 0.000000 0.000000 -1.000000 0.000000 0.000000 -1.000000 0.000000 0.000000 -1.000000 0.000000 0.000000 -1.000000 0.000000 -0.000121 1.000000 0.000050 -0.000101 1.000000 0.000042 -0.000152 1.000000 0.000152 -0.000160 1.000000 0.000160 -0.000089 1.000000 0.000214 -0.000085 1.000000 0.000205 0.000000 1.000000 0.000127 0.000000 1.000000 0.000116 0.000045 1.000000 0.000107 0.000045 1.000000 0.000107 0.000082 1.000000 0.000082 0.000089 1.000000 0.000089 0.000190 1.000000 0.000079 0.000209 1.000000 0.000086 -0.000020 -1.000000 -0.000008 0.000000 -1.000000 0.000000 -0.000105 -1.000000 0.000000 -0.000105 -1.000000 0.000000 -0.000020 -1.000000 0.000008 0.000000 -1.000000 0.000000 -0.000190 -1.000000 0.000079 -0.000209 -1.000000 0.000086 -0.000089 -1.000000 0.000089 -0.000082 -1.000000 0.000082 -0.000045 -1.000000 0.000107 -0.000045 -1.000000 0.000107 0.000000 -1.000000 0.000116 0.000000 -1.000000 0.000116 0.555572 0.000000 0.831468 0.555569 0.000000 0.831471 0.555571 0.000000 0.831469 0.555578 0.000000 0.831464 0.555573 0.000000 0.831468 0.555567 0.000000 0.831472 0.555570 0.000000 0.831470 0.555576 0.000000 0.831466 0.555574 0.000000 0.831467 0.555570 0.000000 0.831470 0.555570 0.000000 0.831470 0.555564 0.000000 0.831474 0.555565 0.000000 0.831473 0.555569 0.000000 0.831470 0.555570 0.000000 0.831470 0.555576 0.000000 0.831466 0.555574 0.000000 0.831467 0.980786 0.000000 -0.195089 0.980784 0.000000 -0.195097 0.980787 0.000000 -0.195084 0.980784 0.000000 -0.195095 0.980789 0.000000 -0.195072 0.980789 0.000000 -0.195072 0.980785 0.000000 -0.195089 
						0.980787 0.000000 -0.195083 0.980789 0.000000 -0.195074 0.980788 0.000000 -0.195078 0.980788 0.000000 -0.195075 0.980787 0.000000 -0.195082 0.980786 0.000000 -0.195088 0.980785 0.000000 -0.195092 0.980786 0.000000 -0.195088 0.980787 0.000000 -0.195083 0.980785 0.000000 -0.195090 
					</float_array>
					<technique_common>
						<accessor count="74" offset="0" source="#meshId35-tangents-array" stride="3">
							<param name="X" type="float" />
							<param name="Y" type="float" />
							<param name="Z" type="float" />
						</accessor>
					</technique_common>
				</source>
				<source id="meshId35-bitangents" name="meshId35-bitangents">
					<float_array id="meshId35-bitangents-array" count="222"> 
						-0.382683 -0.000127 -0.923880 -0.382683 -0.000116 -0.923880 -0.707107 -0.000215 -0.707107 -0.707107 -0.000226 -0.707107 -0.923880 -0.000226 -0.382683 -0.923880 -0.000226 -0.382683 -0.923880 -0.000000 -0.382683 -0.923880 -0.000000 -0.382683 -1.000000 -0.000000 -0.000000 -1.000000 -0.000000 -0.000000 -0.923880 0.000000 0.382683 -0.923880 0.000000 0.382683 0.923880 0.000131 -0.382683 0.923880 0.000109 -0.382683 0.707110 0.000215 -0.707104 0.707110 0.000226 -0.707104 0.382683 0.000232 -0.923880 0.382683 0.000222 -0.923880 0.000000 0.000127 -1.000000 0.000000 0.000116 -1.000000 -0.382685 0.000116 -0.923879 -0.382685 0.000116 -0.923879 -0.707105 0.000116 -0.707108 -0.707105 0.000127 -0.707108 -0.923880 0.000205 -0.382683 -0.923880 0.000226 -0.382683 0.923880 -0.000022 0.382683 0.923880 0.000000 0.382683 1.000000 -0.000105 0.000000 1.000000 -0.000105 0.000000 0.923880 -0.000022 -0.382683 0.923880 0.000000 -0.382683 0.923880 -0.000205 -0.382683 0.923880 -0.000226 -0.382683 0.707105 -0.000127 -0.707108 0.707105 -0.000116 -0.707108 0.382685 -0.000116 -0.923879 0.382685 -0.000116 -0.923879 0.000000 -0.000116 -1.000000 0.000000 -0.000116 -1.000000 -0.831468 0.000000 0.555572 -0.831471 0.000000 0.555569 -0.831469 0.000000 0.555571 -0.831464 0.000000 0.555578 -0.831468 0.000000 0.555573 -0.831472 0.000000 0.555567 -0.831470 0.000000 0.555570 -0.831466 0.000000 0.555576 -0.831467 0.000000 0.555574 -0.831470 0.000000 0.555570 -0.831470 0.000000 0.555570 -0.831474 0.000000 0.555564 -0.831473 0.000000 0.555565 -0.831470 0.000000 0.555569 -0.831470 0.000000 0.555570 -0.831466 0.000000 0.555576 -0.831467 0.000000 0.555574 -0.195089 0.000000 -0.980786 -0.195097 0.000000 -0.980784 -0.195084 0.000000 -0.980787 -0.195095 0.000000 -0.980784 -0.195072 0.000000 -0.980789 -0.195072 0.000000 -0.980789 -0.195089 0.000000 -0.980785 
						-0.195083 0.000000 -0.980787 -0.195074 0.000000 -0.980789 -0.195078 0.000000 -0.980788 -0.195075 0.000000 -0.980788 -0.195082 0.000000 -0.980787 -0.195088 0.000000 -0.980786 -0.195092 0.000000 -0.980785 -0.195088 0.000000 -0.980786 -0.195083 0.000000 -0.980787 -0.195090 0.000000 -0.980785 
					</float_array>
					<technique_common>
						<accessor count="74" offset="0" source="#meshId35-bitangents-array" stride="3">
							<param name="X" type="float" />
							<param name="Y" type="float" />
							<param name="Z" type="float" />
						</accessor>
					</technique_common>
				</source>
				<source id="meshId35-tex0" name="meshId35-tex0">
					<float_array id="meshId35-tex0-array" count="148"> 
						0.990412 0.880409 0.998958 0.880410 0.998953 0.909103 0.990407 0.909101 0.998948 0.937795 0.990402 0.937793 0.757126 0.788567 0.765672 0.788567 0.765672 0.817259 0.757125 0.817259 0.765671 0.845951 0.757125 0.845951 0.618339 0.716796 0.609793 0.716795 0.609798 0.688102 0.618344 0.688104 0.609803 0.659410 0.618349 0.659412 0.609808 0.630718 0.618354 0.630719 0.609813 0.602026 0.618359 0.602027 0.609818 0.573334 0.618364 0.573335 0.609823 0.544641 0.618369 0.544643 0.744848 0.762418 0.753394 0.762418 0.753394 0.791111 0.744848 0.791110 0.753394 0.819803 0.744848 0.819803 0.990432 0.765640 0.998978 0.765642 0.998973 0.794334 0.990427 0.794333 0.998968 0.823026 0.990422 0.823025 0.998963 0.851718 0.990417 0.851717 0.135536 0.631362 0.164228 0.631362 0.149882 0.703485 0.109028 0.642342 0.088739 0.662630 0.077759 0.689139 0.077759 0.717831 0.088739 0.744339 0.109027 0.764628 0.135535 0.775608 0.164228 0.775608 0.190736 0.764628 0.211024 0.744339 0.222005 0.717831 0.222005 0.689139 0.211025 0.662631 0.190736 0.642342 0.537132 0.589074 0.526152 0.615582 0.465010 0.574728 0.505864 0.635871 0.479355 0.646851 0.450663 0.646850 0.424155 0.635870 
						0.403867 0.615582 0.392887 0.589073 0.392887 0.560381 0.403867 0.533873 0.424155 0.513585 0.450664 0.502605 0.479356 0.502605 0.505864 0.513585 0.526153 0.533874 0.537132 0.560382 
					</float_array>
					<technique_common>
						<accessor count="74" offset="0" source="#meshId35-tex0-array" stride="2">
							<param name="S" type="float" />
							<param name="T" type="float" />
						</accessor>
					</technique_common>
				</source>
				<vertices id="meshId35-vertices">
					<input semantic="POSITION" source="#meshId35-positions" />
				</vertices>
				<polylist count="64" material="defaultMaterial">
					<input offset="0" semantic="VERTEX" source="#meshId35-vertices" />
					<input offset="0" semantic="NORMAL" source="#meshId35-normals" />
					<input offset="0" semantic="TANGENT" source="#meshId35-tangents" />
					<input offset="0" semantic="BINORMAL" source="#meshId35-bitangents" />
					<input offset="0" semantic="TEXCOORD" source="#meshId35-tex0" set="0" />
					<vcount>
						3 3 3 3 3 3 3 3 3 3 3 3 3 3 3 3 3 3 3 3 3 3 3 3 3 3 3 3 3 3 3 3 3 3 3 3 3 3 3 3 3 3 3 3 3 3 3 3 3 3 3 3 3 3 3 3 3 3 3 3 3 3 3 3 
					</vcount>
					<p>
						0 1 2 2 3 0 3 2 4 4 5 3 6 7 8 8 9 6 9 8 10 10 11 9 12 13 14 14 15 12 15 14 16 16 17 15 17 16 18 18 19 17 19 18 20 20 21 19 21 20 22 22 23 21 23 22 24 24 25 23 26 27 28 28 29 26 29 28 30 30 31 29 32 33 34 34 35 32 35 34 36 36 37 35 37 36 38 38 39 37 39 38 1 1 0 39 40 41 42 43 40 42 44 43 42 45 44 42 46 45 42 47 46 42 48 47 42 49 48 42 50 49 42 51 50 42 52 51 42 53 52 42 54 53 42 55 54 42 56 55 42 41 56 42 57 58 59 58 60 59 60 61 59 61 62 59 62 63 59 63 64 59 64 65 59 65 66 59 66 67 59 67 68 59 68 69 59 69 70 59 70 71 59 71 72 59 72 73 59 73 57 59 
					</p>
				</polylist>
			</mesh>
		</geometry>
		<geometry id="meshId36" name="meshId36_name" >
			<mesh>
				<source id="meshId36-positions" name="meshId36-positions">
					<float_array id="meshId36-positions-array" count="936"> 
						-17.750494 0.711170 31.680750 -17.090351 0.711170 31.407244 -17.073210 0.711170 31.448631 -17.733398 0.711170 31.722021 -17.222414 0.742669 31.152582 -17.060461 0.742714 31.394964 -17.090351 0.711170 31.407244 -17.245180 0.711170 31.175526 -17.043390 0.805811 31.436176 -17.043396 0.742669 31.436146 -17.060461 0.742714 31.394964 -17.060442 0.805857 31.394991 -17.018841 0.711170 31.721958 -17.073210 0.711170 31.448631 -17.043396 0.742669 31.436146 -16.986525 0.742714 31.722054 -17.782082 0.711170 31.649162 -17.276855 0.711170 31.143850 -17.245180 0.711170 31.175526 -17.496321 0.742669 30.959112 -17.253939 0.742714 31.121065 -17.276855 0.711170 31.143850 -17.508574 0.711170 30.989021 -17.222397 0.805811 31.152609 -17.222414 0.742669 31.152582 -17.253939 0.742714 31.121065 -17.253912 0.805857 31.121084 -17.823353 0.711170 31.632069 -17.549959 0.711170 30.971876 -17.508574 0.711170 30.989021 -17.823414 0.742669 30.885187 -17.537506 0.742714 30.942059 -17.549959 0.711170 30.971876 -17.823290 0.711170 30.917509 -17.496294 0.805811 30.959129 -17.496321 0.742669 30.959112 -17.537506 0.742714 30.942059 -17.537476 0.805857 30.942066 -17.868023 0.711170 31.632069 -17.868086 0.711170 30.917509 -17.823290 0.711170 30.917509 -18.153900 0.742669 30.942066 -17.867992 0.742714 30.885195 -17.868086 0.711170 30.917509 -18.141415 0.711170 30.971876 -17.823383 0.805811 30.885195 -17.823414 0.742669 30.885187 -17.867992 0.742714 30.885195 -17.867960 0.805857 30.885187 -17.909294 0.711170 31.649162 -18.182802 0.711170 30.989021 -18.141415 0.711170 30.971876 -18.437462 0.742669 31.121082 -18.195082 0.742714 30.959129 -18.182802 0.711170 30.989021 -18.414518 0.711170 31.143848 -18.153868 0.805811 30.942059 -18.153900 0.742669 30.942066 -18.195082 0.742714 30.959129 -18.195055 0.805857 30.959112 -17.940882 0.711170 31.680750 -18.446196 0.711170 31.175526 -18.414518 0.711170 31.143848 -18.630934 0.742669 31.394987 
						-18.468979 0.742714 31.152609 -18.446196 0.711170 31.175526 -18.601025 0.711170 31.407242 -18.437435 0.805811 31.121065 -18.437462 0.742669 31.121082 -18.468979 0.742714 31.152609 -18.468962 0.805857 31.152582 -17.957977 0.711170 31.722021 -18.618166 0.711170 31.448629 -18.601025 0.711170 31.407242 -18.704857 0.742669 31.722082 -18.647985 0.742714 31.436176 -18.618166 0.711170 31.448629 -18.672535 0.711170 31.721958 -18.630915 0.805811 31.394962 -18.630934 0.742669 31.394987 -18.647985 0.742714 31.436176 -18.647980 0.805857 31.436146 -17.957977 0.711170 31.766693 -18.672535 0.711170 31.766754 -18.672535 0.711170 31.721958 -18.647980 0.742669 32.052570 -18.704851 0.742714 31.766661 -18.672535 0.711170 31.766754 -18.618166 0.711170 32.040085 -18.704851 0.805811 31.722054 -18.704857 0.742669 31.722082 -18.704851 0.742714 31.766661 -18.704857 0.805857 31.766628 -17.940882 0.711170 31.807964 -18.601025 0.711170 32.081470 -18.618166 0.711170 32.040085 -18.468962 0.742669 32.336132 -18.630915 0.742714 32.093750 -18.601025 0.711170 32.081470 -18.446196 0.711170 32.313187 -18.647985 0.805811 32.052536 -18.647980 0.742669 32.052570 -18.630915 0.742714 32.093750 -18.630934 0.805857 32.093723 -17.909294 0.711170 31.839548 -18.414520 0.711170 32.344864 -18.446196 0.711170 32.313187 -18.195055 0.742669 32.529602 -18.437437 0.742714 32.367649 -18.414520 0.711170 32.344864 -18.182802 0.711170 32.499695 -18.468979 0.805811 32.336105 -18.468962 0.742669 32.336132 -18.437437 0.742714 32.367649 -18.437464 0.805857 32.367630 -17.868023 0.711170 31.856647 -18.141415 0.711170 32.516838 -18.182802 0.711170 32.499695 -17.867960 0.742669 32.603527 -18.153870 0.742714 32.546654 -18.141415 0.711170 32.516838 -17.868086 0.711170 32.571205 -18.195082 0.805811 32.529587 -18.195055 0.742669 32.529602 -18.153870 0.742714 32.546654 -18.153900 0.805857 32.546650 -17.823353 0.711170 31.856647 -17.823290 0.711170 32.571205 
						-17.868086 0.711170 32.571205 -17.537476 0.742669 32.546650 -17.823383 0.742714 32.603519 -17.823290 0.711170 32.571205 -17.549961 0.711170 32.516838 -17.867992 0.805811 32.603519 -17.867960 0.742669 32.603527 -17.823383 0.742714 32.603519 -17.823416 0.805857 32.603527 -17.782082 0.711170 31.839548 -17.508574 0.711170 32.499695 -17.549961 0.711170 32.516838 -17.253914 0.742669 32.367630 -17.496294 0.742714 32.529587 -17.508574 0.711170 32.499695 -17.276857 0.711170 32.344864 -17.537508 0.805811 32.546654 -17.537476 0.742669 32.546650 -17.496294 0.742714 32.529587 -17.496321 0.805857 32.529602 -17.750494 0.711170 31.807964 -17.245180 0.711170 32.313187 -17.276857 0.711170 32.344864 -17.060442 0.742669 32.093723 -17.222397 0.742714 32.336105 -17.245180 0.711170 32.313187 -17.090351 0.711170 32.081470 -17.253941 0.805811 32.367649 -17.253914 0.742669 32.367630 -17.222397 0.742714 32.336105 -17.222414 0.805857 32.336132 -17.733398 0.711170 31.766693 -17.073210 0.711170 32.040085 -17.090351 0.711170 32.081470 -16.986519 0.742669 31.766630 -17.043390 0.742714 32.052536 -17.073210 0.711170 32.040085 -17.018841 0.711170 31.766754 -17.060461 0.805811 32.093750 -17.060442 0.742669 32.093723 -17.043390 0.742714 32.052536 -17.043396 0.805857 32.052570 -17.018841 0.711170 31.721958 -17.018841 0.711170 31.766754 -16.986525 0.805811 31.766663 -16.986519 0.742669 31.766630 -16.986525 0.742714 31.722054 -16.986519 0.805857 31.722082 -17.733398 0.837355 31.722021 -17.073210 0.837355 31.448631 -17.090351 0.837355 31.407244 -17.750494 0.837355 31.680750 -16.986519 0.805857 31.722082 -17.043390 0.805811 31.436176 -17.073210 0.837355 31.448631 -17.018841 0.837355 31.721958 -17.245180 0.837355 31.175526 -17.090351 0.837355 31.407244 -17.060442 0.805857 31.394991 -17.222397 0.805811 31.152609 -17.245180 0.837355 31.175526 -17.276855 0.837355 31.143850 -17.782082 0.837355 31.649162 -17.508574 0.837355 30.989021 
						-17.276855 0.837355 31.143850 -17.253912 0.805857 31.121084 -17.496294 0.805811 30.959129 -17.508574 0.837355 30.989021 -17.549959 0.837355 30.971876 -17.823353 0.837355 31.632069 -17.823290 0.837355 30.917509 -17.549959 0.837355 30.971876 -17.537476 0.805857 30.942066 -17.823383 0.805811 30.885195 -17.823290 0.837355 30.917509 -17.868086 0.837355 30.917509 -17.868023 0.837355 31.632069 -18.141415 0.837355 30.971876 -17.868086 0.837355 30.917509 -17.867960 0.805857 30.885187 -18.153868 0.805811 30.942059 -18.141415 0.837355 30.971876 -18.182802 0.837355 30.989021 -17.909294 0.837355 31.649162 -18.414518 0.837355 31.143848 -18.182802 0.837355 30.989021 -18.195055 0.805857 30.959112 -18.437435 0.805811 31.121065 -18.414518 0.837355 31.143848 -18.446196 0.837355 31.175526 -17.940882 0.837355 31.680750 -18.601025 0.837355 31.407242 -18.446196 0.837355 31.175526 -18.468962 0.805857 31.152582 -18.630915 0.805811 31.394962 -18.601025 0.837355 31.407242 -18.618166 0.837355 31.448629 -17.957977 0.837355 31.722021 -18.672535 0.837355 31.721958 -18.618166 0.837355 31.448629 -18.647980 0.805857 31.436146 -18.704851 0.805811 31.722054 -18.672535 0.837355 31.721958 -18.672535 0.837355 31.766754 -17.957977 0.837355 31.766693 -18.618166 0.837355 32.040085 -18.672535 0.837355 31.766754 -18.704857 0.805857 31.766628 -18.647985 0.805811 32.052536 -18.618166 0.837355 32.040085 -18.601025 0.837355 32.081470 -17.940882 0.837355 31.807964 -18.446196 0.837355 32.313187 -18.601025 0.837355 32.081470 -18.630934 0.805857 32.093723 -18.468979 0.805811 32.336105 -18.446196 0.837355 32.313187 -18.414520 0.837355 32.344864 -17.909294 0.837355 31.839548 -18.182802 0.837355 32.499695 -18.414520 0.837355 32.344864 -18.437464 0.805857 32.367630 -18.195082 0.805811 32.529587 -18.182802 0.837355 32.499695 -18.141415 0.837355 32.516838 -17.868023 0.837355 31.856647 -17.868086 0.837355 32.571205 -18.141415 0.837355 32.516838 
						-18.153900 0.805857 32.546650 -17.867992 0.805811 32.603519 -17.868086 0.837355 32.571205 -17.823290 0.837355 32.571205 -17.823353 0.837355 31.856647 -17.549961 0.837355 32.516838 -17.823290 0.837355 32.571205 -17.823416 0.805857 32.603527 -17.537508 0.805811 32.546654 -17.549961 0.837355 32.516838 -17.508574 0.837355 32.499695 -17.782082 0.837355 31.839548 -17.276857 0.837355 32.344864 -17.508574 0.837355 32.499695 -17.496321 0.805857 32.529602 -17.253941 0.805811 32.367649 -17.276857 0.837355 32.344864 -17.245180 0.837355 32.313187 -17.750494 0.837355 31.807964 -17.090351 0.837355 32.081470 -17.245180 0.837355 32.313187 -17.222414 0.805857 32.336132 -17.060461 0.805811 32.093750 -17.090351 0.837355 32.081470 -17.073210 0.837355 32.040085 -17.733398 0.837355 31.766693 -17.018841 0.837355 31.766754 -17.073210 0.837355 32.040085 -17.043396 0.805857 32.052570 -16.986525 0.805811 31.766663 -17.018841 0.837355 31.766754 -17.018841 0.837355 31.721958 -17.496321 0.742669 30.959112 -17.496294 0.805811 30.959129 -18.195055 0.805857 30.959112 -18.195082 0.742714 30.959129 -18.195055 0.742669 32.529602 -18.195082 0.805811 32.529587 -17.496321 0.805857 32.529602 -17.496294 0.742714 32.529587 -17.245180 0.711170 31.175526 -17.222414 0.742669 31.152582 -18.446196 0.711170 31.175526 -18.468979 0.742714 31.152609 -18.446196 0.711170 32.313187 -18.468962 0.742669 32.336132 -17.245180 0.711170 32.313187 -17.222397 0.742714 32.336105 -17.245180 0.837355 31.175526 -17.222397 0.805811 31.152609 -18.446196 0.837355 31.175526 -18.468962 0.805857 31.152582 -18.446196 0.837355 32.313187 -18.468979 0.805811 32.336105 -17.245180 0.837355 32.313187 -17.222414 0.805857 32.336132 
					</float_array>
					<technique_common>
						<accessor count="312" offset="0" source="#meshId36-positions-array" stride="3">
							<param name="X" type="float" />
							<param name="Y" type="float" />
							<param name="Z" type="float" />
						</accessor>
					</technique_common>
				</source>
				<source id="meshId36-normals" name="meshId36-normals">
					<float_array id="meshId36-normals-array" count="936"> 
						0.000000 -1.000000 0.000000 0.000000 -1.000000 0.000000 0.000000 -1.000000 0.000000 0.000000 -1.000000 0.000000 0.573380 -0.710753 -0.407512 0.595904 -0.710734 -0.373838 0.594542 -0.710476 -0.376489 0.575349 -0.710488 -0.405192 0.975396 -0.000029 -0.220459 0.975396 -0.000029 -0.220462 0.845597 -0.000012 -0.533821 0.845600 -0.000012 -0.533817 0.693356 -0.710480 -0.120313 0.686615 -0.710486 -0.154173 0.685684 -0.710750 -0.157070 0.693599 -0.710740 -0.117341 0.000000 -1.000000 0.000000 0.000000 -1.000000 0.000000 0.000000 -1.000000 0.000000 0.373791 -0.710749 -0.595916 0.407476 -0.710738 -0.573423 0.405204 -0.710479 -0.575352 0.376497 -0.710485 -0.594526 0.816785 -0.000008 -0.576942 0.816782 -0.000008 -0.576946 0.576944 -0.000002 -0.816784 0.576948 -0.000002 -0.816781 0.000000 -1.000000 0.000000 0.000000 -1.000000 0.000000 0.000000 -1.000000 0.000000 0.117285 -0.710751 -0.693598 0.157018 -0.710736 -0.685711 0.154181 -0.710477 -0.686622 0.120316 -0.710486 -0.693349 0.533822 -0.000003 -0.845597 0.533819 -0.000003 -0.845599 0.220457 0.000009 -0.975397 0.220461 0.000009 -0.975396 0.000000 -1.000000 0.000000 0.000000 -1.000000 0.000000 0.000000 -1.000000 0.000000 -0.157067 -0.710754 -0.685682 -0.117341 -0.710737 -0.693602 -0.120311 -0.710478 -0.693359 -0.154170 -0.710489 -0.686613 0.169592 0.000009 -0.985514 0.169589 0.000009 -0.985515 -0.169593 -0.000008 -0.985514 -0.169588 -0.000008 -0.985515 0.000000 -1.000000 0.000000 0.000000 -1.000000 0.000000 0.000000 -1.000000 0.000000 -0.407512 -0.710753 -0.573379 -0.373834 -0.710742 -0.595898 -0.376486 -0.710482 -0.594537 -0.405192 -0.710489 -0.575348 -0.220456 -0.000007 -0.975397 -0.220462 -0.000007 -0.975396 -0.533819 0.000012 -0.845599 -0.533816 0.000012 -0.845601 0.000000 -1.000000 0.000000 0.000000 -1.000000 0.000000 0.000000 -1.000000 0.000000 -0.595914 -0.710754 -0.373785 
						-0.573421 -0.710738 -0.407479 -0.575349 -0.710479 -0.405207 -0.594524 -0.710490 -0.376491 -0.576944 0.000015 -0.816784 -0.576948 0.000015 -0.816781 -0.816782 0.000031 -0.576946 -0.816780 0.000031 -0.576950 0.000000 -1.000000 0.000000 0.000000 -1.000000 0.000000 0.000000 -1.000000 0.000000 -0.693593 -0.710755 -0.117289 -0.685707 -0.710740 -0.157018 -0.686620 -0.710480 -0.154181 -0.693345 -0.710490 -0.120321 -0.845598 0.000030 -0.533821 -0.845600 0.000030 -0.533817 -0.975397 0.000012 -0.220458 -0.975396 0.000012 -0.220461 0.000000 -1.000000 0.000000 0.000000 -1.000000 0.000000 0.000000 -1.000000 0.000000 -0.685703 -0.710732 0.157074 -0.693616 -0.710723 0.117345 -0.693373 -0.710463 0.120315 -0.686634 -0.710467 0.154177 -0.985514 0.000013 -0.169594 -0.985515 0.000013 -0.169591 -0.985514 -0.000022 0.169595 -0.985515 -0.000022 0.169589 0.000000 -1.000000 0.000000 0.000000 -1.000000 0.000000 0.000000 -1.000000 0.000000 -0.573394 -0.710736 0.407521 -0.595914 -0.710720 0.373850 -0.594553 -0.710461 0.376501 -0.575363 -0.710471 0.405201 -0.975397 -0.000026 0.220457 -0.975395 -0.000026 0.220463 -0.845597 -0.000017 0.533821 -0.845600 -0.000017 0.533817 0.000000 -1.000000 0.000000 0.000000 -1.000000 0.000000 0.000000 -1.000000 0.000000 -0.373783 -0.710757 0.595912 -0.407475 -0.710745 0.573416 -0.405203 -0.710486 0.575344 -0.376488 -0.710493 0.594522 -0.816786 -0.000012 0.576941 -0.816783 -0.000012 0.576945 -0.576945 0.000003 0.816783 -0.576950 0.000003 0.816780 0.000000 -1.000000 0.000000 0.000000 -1.000000 0.000000 0.000000 -1.000000 0.000000 -0.117289 -0.710732 0.693616 -0.157028 -0.710715 0.685730 -0.154188 -0.710455 0.686643 -0.120322 -0.710467 0.693368 -0.533820 -0.000006 0.845598 -0.533817 -0.000006 0.845600 -0.220457 -0.000017 0.975397 -0.220460 -0.000017 0.975396 0.000000 -1.000000 0.000000 0.000000 -1.000000 0.000000 
						0.000000 -1.000000 0.000000 0.157067 -0.710745 0.685691 0.117343 -0.710730 0.693608 0.120312 -0.710471 0.693366 0.154169 -0.710480 0.686622 -0.169596 -0.000012 0.985514 -0.169590 -0.000012 0.985515 0.169596 0.000007 0.985514 0.169591 0.000007 0.985515 0.000000 -1.000000 0.000000 0.000000 -1.000000 0.000000 0.000000 -1.000000 0.000000 0.407511 -0.710762 0.573370 0.373838 -0.710746 0.595890 0.376489 -0.710487 0.594529 0.405191 -0.710497 0.575338 0.220457 0.000013 0.975397 0.220461 0.000013 0.975396 0.533821 0.000009 0.845598 0.533818 0.000009 0.845599 0.000000 -1.000000 0.000000 0.000000 -1.000000 0.000000 0.000000 -1.000000 0.000000 0.595903 -0.710767 0.373778 0.573406 -0.710756 0.407469 0.575335 -0.710497 0.405196 0.594513 -0.710503 0.376484 0.576946 0.000005 0.816783 0.576950 0.000005 0.816779 0.816783 -0.000008 0.576945 0.816781 -0.000008 0.576948 0.000000 -1.000000 0.000000 0.000000 -1.000000 0.000000 0.000000 -1.000000 0.000000 0.693595 -0.710752 0.117290 0.685711 -0.710736 0.157019 0.686622 -0.710477 0.154183 0.693347 -0.710488 0.120320 0.845598 -0.000008 0.533821 0.845600 -0.000008 0.533817 0.975397 0.000022 0.220458 0.975395 0.000022 0.220465 0.000000 -1.000000 0.000000 0.000000 -1.000000 0.000000 0.985514 0.000018 0.169594 0.985515 0.000018 0.169589 0.985514 -0.000027 -0.169593 0.985515 -0.000027 -0.169589 0.000000 1.000000 0.000000 0.000000 1.000000 0.000000 0.000000 1.000000 0.000000 0.000000 1.000000 0.000000 0.693578 0.710770 -0.117286 0.685691 0.710755 -0.157017 0.686603 0.710496 -0.154178 0.693329 0.710506 -0.120318 0.575338 0.710494 -0.405196 0.594514 0.710503 -0.376482 0.595904 0.710767 -0.373776 0.573410 0.710754 -0.407468 0.000000 1.000000 0.000000 0.000000 1.000000 0.000000 0.000000 1.000000 0.000000 0.376491 0.710477 -0.594539 
						0.405194 0.710487 -0.575349 0.407513 0.710751 -0.573381 0.373839 0.710736 -0.595901 0.000000 1.000000 0.000000 0.000000 1.000000 0.000000 0.000000 1.000000 0.000000 0.120311 0.710478 -0.693359 0.154172 0.710484 -0.686618 0.157067 0.710748 -0.685687 0.117341 0.710738 -0.693601 0.000000 1.000000 0.000000 0.000000 1.000000 0.000000 0.000000 1.000000 0.000000 -0.154180 0.710481 -0.686619 -0.120316 0.710490 -0.693345 -0.117284 0.710755 -0.693594 -0.157017 0.710741 -0.685707 0.000000 1.000000 0.000000 0.000000 1.000000 0.000000 0.000000 1.000000 0.000000 -0.405207 0.710472 -0.575358 -0.376495 0.710482 -0.594531 -0.373788 0.710747 -0.595920 -0.407479 0.710732 -0.573429 0.000000 1.000000 0.000000 0.000000 1.000000 0.000000 0.000000 1.000000 0.000000 -0.594555 0.710461 -0.376497 -0.575359 0.710473 -0.405203 -0.573390 0.710738 -0.407523 -0.595916 0.710720 -0.373846 0.000000 1.000000 0.000000 0.000000 1.000000 0.000000 0.000000 1.000000 0.000000 -0.693372 0.710464 -0.120316 -0.686633 0.710468 -0.154176 -0.685703 0.710732 -0.157072 -0.693615 0.710724 -0.117344 0.000000 1.000000 0.000000 0.000000 1.000000 0.000000 0.000000 1.000000 0.000000 -0.686637 0.710462 0.154186 -0.693363 0.710472 0.120325 -0.693611 0.710737 0.117292 -0.685725 0.710722 0.157021 0.000000 1.000000 0.000000 0.000000 1.000000 0.000000 0.000000 1.000000 0.000000 -0.575353 0.710478 0.405204 -0.594525 0.710488 0.376493 -0.595914 0.710753 0.373786 -0.573423 0.710738 0.407477 0.000000 1.000000 0.000000 0.000000 1.000000 0.000000 0.000000 1.000000 0.000000 -0.376488 0.710486 0.594531 -0.405194 0.710493 0.575341 -0.407514 0.710757 0.573373 -0.373836 0.710746 0.595892 0.000000 1.000000 0.000000 0.000000 1.000000 0.000000 0.000000 1.000000 0.000000 -0.120313 0.710467 0.693370 -0.154170 0.710477 0.686625 
						-0.157068 0.710742 0.685694 -0.117344 0.710727 0.693612 0.000000 1.000000 0.000000 0.000000 1.000000 0.000000 0.000000 1.000000 0.000000 0.154189 0.710457 0.686642 0.120322 0.710468 0.693367 0.117289 0.710733 0.693615 0.157027 0.710716 0.685730 0.000000 1.000000 0.000000 0.000000 1.000000 0.000000 0.000000 1.000000 0.000000 0.405203 0.710483 0.575347 0.376492 0.710487 0.594527 0.373787 0.710751 0.595917 0.407475 0.710743 0.573418 0.000000 1.000000 0.000000 0.000000 1.000000 0.000000 0.000000 1.000000 0.000000 0.594532 0.710485 0.376486 0.575338 0.710500 0.405186 0.573368 0.710765 0.407506 0.595894 0.710744 0.373836 0.000000 1.000000 0.000000 0.000000 1.000000 0.000000 0.000000 1.000000 0.000000 0.693357 0.710479 0.120310 0.686617 0.710484 0.154173 0.685686 0.710748 0.157070 0.693600 0.710739 0.117342 0.000000 1.000000 0.000000 0.000000 1.000000 0.000000 0.533819 -0.000003 -0.845599 0.533822 -0.000003 -0.845597 -0.533816 0.000012 -0.845601 -0.533819 0.000012 -0.845599 -0.533817 -0.000006 0.845600 -0.533820 -0.000006 0.845598 0.533818 0.000009 0.845599 0.533821 0.000009 0.845598 0.575349 -0.710488 -0.405192 0.573380 -0.710753 -0.407512 -0.575349 -0.710479 -0.405207 -0.573421 -0.710738 -0.407479 -0.575363 -0.710471 0.405201 -0.573394 -0.710736 0.407521 0.575335 -0.710497 0.405196 0.573406 -0.710756 0.407469 0.575338 0.710494 -0.405196 0.573410 0.710754 -0.407468 -0.575359 0.710473 -0.405203 -0.573390 0.710738 -0.407523 -0.575353 0.710478 0.405204 -0.573423 0.710738 0.407477 0.575338 0.710500 0.405186 0.573368 0.710765 0.407506 
					</float_array>
					<technique_common>
						<accessor count="312" offset="0" source="#meshId36-normals-array" stride="3">
							<param name="X" type="float" />
							<param name="Y" type="float" />
							<param name="Z" type="float" />
						</accessor>
					</technique_common>
				</source>
				<source id="meshId36-tangents" name="meshId36-tangents">
					<float_array id="meshId36-tangents-array" count="936"> 
						0.980862 0.000000 -0.194704 0.980803 0.000000 -0.195001 0.980804 0.000000 -0.194995 0.980804 0.000000 -0.194994 0.713370 0.677724 -0.178308 0.719314 0.679379 -0.145023 0.710530 0.683411 -0.167621 0.712182 0.678795 -0.178983 0.000007 1.000000 -0.000100 0.000007 1.000000 -0.000101 -0.000034 1.000000 -0.000077 -0.000023 1.000000 -0.000059 0.711394 0.701491 -0.042770 0.705434 0.702368 -0.095093 0.709863 0.700678 -0.071721 0.713969 0.699915 -0.019166 0.980815 0.000000 -0.194942 0.980864 0.000000 -0.194693 0.980866 0.000000 -0.194683 0.874521 0.484127 -0.028871 0.853523 0.519694 -0.037627 0.856937 0.514442 -0.031748 0.878184 0.478082 -0.015199 -0.000035 1.000000 -0.000063 -0.000032 1.000000 -0.000060 -0.000049 1.000000 -0.000037 -0.000047 1.000000 -0.000036 0.980802 0.000000 -0.195006 0.980978 0.000000 -0.194117 0.980976 0.000000 -0.194130 0.966535 0.242150 -0.084701 0.945075 0.309674 -0.104567 0.950447 0.296524 -0.093403 0.966843 0.242336 -0.080551 -0.000090 -1.000000 -0.000054 -0.000112 -1.000000 -0.000067 -0.000102 -1.000000 -0.000032 -0.000106 -1.000000 -0.000033 0.980789 0.000000 -0.195073 0.980873 0.000000 -0.194651 0.980868 0.000000 -0.194675 0.982266 -0.040450 -0.183075 0.978113 0.038134 -0.204549 0.978982 0.030948 -0.201584 0.982086 -0.033987 -0.185346 -0.000045 -1.000000 -0.000017 -0.000107 -1.000000 -0.000027 0.000018 -1.000000 0.000005 0.000042 -1.000000 0.000001 0.980798 0.000000 -0.195025 0.980725 0.000000 -0.195393 0.980722 0.000000 -0.195408 0.912933 -0.301916 -0.274589 0.925083 -0.239410 -0.294797 0.923951 -0.241120 -0.296942 0.913908 -0.298041 -0.275579 -0.000119 -1.000000 0.000034 -0.000123 -1.000000 0.000035 -0.000105 -1.000000 0.000052 -0.000107 -1.000000 0.000053 0.980804 0.000000 -0.194999 0.980737 0.000000 -0.195334 0.980740 0.000000 -0.195317 0.712180 -0.682817 0.162973 
						0.713115 -0.677858 0.178818 0.712879 -0.678475 0.177412 0.718364 -0.679683 0.148273 0.000051 -1.000000 -0.000055 0.000053 -1.000000 -0.000056 0.000020 -1.000000 -0.000083 0.000014 -1.000000 -0.000074 0.980802 0.000000 -0.195004 0.980806 0.000000 -0.194987 0.980802 0.000000 -0.195007 0.711280 -0.701485 0.044716 0.705274 -0.702111 0.098126 0.708236 -0.701560 0.078835 0.713565 -0.700216 0.022859 0.000029 -1.000000 -0.000102 0.000021 -1.000000 -0.000089 0.000011 -1.000000 -0.000105 0.000013 -1.000000 -0.000110 0.980807 0.000000 -0.194981 0.980804 0.000000 -0.194998 0.980804 0.000000 -0.194997 0.709839 -0.700699 -0.071753 0.713938 -0.699942 -0.019309 0.711345 -0.701524 -0.043050 0.705413 -0.702388 -0.095103 0.000028 -1.000000 -0.000236 0.000037 -1.000000 -0.000290 -0.000002 -1.000000 -0.000141 0.000013 -1.000000 -0.000053 0.980802 0.000000 -0.195004 0.980806 0.000000 -0.194985 0.980806 0.000000 -0.194988 0.713348 -0.677744 -0.178317 0.719301 -0.679393 -0.145023 0.710516 -0.683426 -0.167616 0.712159 -0.678815 -0.178994 0.000015 -1.000000 -0.000052 0.000019 -1.000000 -0.000032 -0.000020 -1.000000 -0.000063 -0.000019 -1.000000 -0.000062 0.980809 0.000000 -0.194973 0.980850 0.000000 -0.194765 0.980854 0.000000 -0.194744 0.874560 -0.484062 -0.028788 0.853459 -0.519788 -0.037797 0.856852 -0.514570 -0.031973 0.878199 -0.478055 -0.015177 -0.000032 -1.000000 -0.000066 -0.000029 -1.000000 -0.000062 -0.000052 -1.000000 -0.000033 -0.000051 -1.000000 -0.000033 0.980815 0.000000 -0.194940 0.980977 0.000000 -0.194124 0.980975 0.000000 -0.194135 0.966530 -0.242168 -0.084706 0.945064 -0.309706 -0.104576 0.950415 -0.296605 -0.093472 0.966840 -0.242349 -0.080547 0.000069 -1.000000 0.000037 0.000095 -1.000000 0.000053 0.000097 -1.000000 0.000004 0.000092 -1.000000 0.000003 0.980802 0.000000 -0.195005 0.980874 0.000000 -0.194642 
						0.980869 0.000000 -0.194668 0.982267 0.040452 -0.183072 0.978113 -0.038132 -0.204548 0.978984 -0.030942 -0.201577 0.982087 0.033992 -0.185338 0.000002 -1.000000 -0.000012 -0.000033 -1.000000 -0.000018 0.000075 -1.000000 -0.000006 0.000143 -1.000000 -0.000018 0.980797 0.000000 -0.195031 0.980727 0.000000 -0.195382 0.980727 0.000000 -0.195385 0.912934 0.301925 -0.274577 0.925081 0.239416 -0.294796 0.923951 0.241129 -0.296938 0.913909 0.298047 -0.275570 0.000116 -1.000000 -0.000013 0.000131 -1.000000 -0.000016 0.000084 -1.000000 -0.000043 0.000096 -1.000000 -0.000050 0.980776 0.000000 -0.195137 0.980741 0.000000 -0.195313 0.980739 0.000000 -0.195324 0.712297 0.682756 0.162718 0.713122 0.677844 0.178842 0.712898 0.678456 0.177411 0.718464 0.679625 0.148053 0.000095 1.000000 -0.000073 0.000036 1.000000 -0.000031 0.000126 1.000000 -0.000165 0.000149 1.000000 -0.000198 0.980794 0.000000 -0.195048 0.980792 0.000000 -0.195057 0.980792 0.000000 -0.195057 0.711309 0.701473 0.044448 0.705292 0.702110 0.098004 0.708246 0.701559 0.078765 0.713577 0.700208 0.022717 0.000041 1.000000 -0.000050 0.000047 1.000000 -0.000060 -0.000011 1.000000 -0.000051 -0.000015 1.000000 -0.000031 0.980803 0.000000 -0.195002 0.980803 0.000000 -0.195002 -0.000004 1.000000 -0.000082 -0.000009 1.000000 -0.000052 0.000009 1.000000 -0.000106 0.000008 1.000000 -0.000113 -0.980784 0.000000 0.195099 -0.980779 0.000000 0.195120 -0.980780 0.000000 0.195115 -0.980833 0.000000 0.194848 -0.711325 0.701456 0.044456 -0.705286 0.702097 0.098147 -0.708249 0.701544 0.078860 -0.713602 0.700185 0.022643 -0.712894 0.678459 0.177411 -0.718382 0.679667 0.148259 -0.712204 0.682799 0.162946 -0.713129 0.677842 0.178820 -0.980843 0.000000 0.194802 -0.980838 0.000000 0.194827 -0.980774 0.000000 0.195149 -0.878453 0.477609 0.014466 
						-0.854872 0.517516 0.037020 -0.854222 0.518673 0.035824 -0.879177 0.476212 0.016430 -0.980981 0.000000 0.194103 -0.980965 0.000000 0.194182 -0.980778 0.000000 0.195129 -0.967173 0.241364 0.079500 -0.946725 0.305088 0.103116 -0.944584 0.310768 0.105755 -0.967402 0.239637 0.081896 -0.980836 0.000000 0.194836 -0.980836 0.000000 0.194833 -0.980783 0.000000 0.195103 -0.981604 -0.030941 0.188403 -0.978242 0.034057 0.204653 -0.977533 0.040547 0.206847 -0.981937 -0.038134 0.185323 -0.980684 0.000000 0.195600 -0.980696 0.000000 0.195540 -0.980790 0.000000 0.195066 -0.913800 -0.295559 0.278594 -0.924074 -0.242380 0.295532 -0.925371 -0.242116 0.291666 -0.912937 -0.301549 0.274981 -0.980709 0.000000 0.195471 -0.980713 0.000000 0.195455 -0.980780 0.000000 0.195116 -0.710518 -0.683426 -0.167612 -0.712172 -0.678808 -0.178973 -0.713359 -0.677737 -0.178298 -0.719308 -0.679390 -0.145003 -0.980775 0.000000 0.195141 -0.980775 0.000000 0.195141 -0.980774 0.000000 0.195149 -0.711377 -0.701508 -0.042779 -0.705423 -0.702384 -0.095053 -0.709853 -0.700694 -0.071672 -0.713951 -0.699932 -0.019185 -0.980787 0.000000 0.195082 -0.980787 0.000000 0.195082 -0.980786 0.000000 0.195086 -0.708231 -0.701573 0.078758 -0.713565 -0.700222 0.022677 -0.711298 -0.701487 0.044403 -0.705279 -0.702124 0.097999 -0.980787 0.000000 0.195080 -0.980786 0.000000 0.195086 -0.980784 0.000000 0.195098 -0.712877 -0.678478 0.177411 -0.718452 -0.679639 0.148045 -0.712286 -0.682769 0.162710 -0.713102 -0.677864 0.178844 -0.980845 0.000000 0.194789 -0.980836 0.000000 0.194836 -0.980793 0.000000 0.195049 -0.878402 -0.477699 0.014617 -0.854897 -0.517480 0.036964 -0.854241 -0.518645 0.035780 -0.879124 -0.476304 0.016586 -0.980974 0.000000 0.194137 -0.980964 0.000000 0.194188 -0.980801 0.000000 0.195014 -0.967196 -0.241299 0.079421 -0.946684 -0.305180 0.103219 
						-0.944542 -0.310862 0.105856 -0.967429 -0.239561 0.081805 -0.980865 0.000000 0.194691 -0.980864 0.000000 0.194696 -0.980777 0.000000 0.195131 -0.981600 0.030925 0.188426 -0.978264 -0.033966 0.204565 -0.977557 -0.040451 0.206752 -0.981933 0.038119 0.185348 -0.980690 0.000000 0.195571 -0.980696 0.000000 0.195540 -0.980756 0.000000 0.195236 -0.913808 0.295708 0.278410 -0.924069 0.242314 0.295602 -0.925367 0.242067 0.291720 -0.912942 0.301654 0.274848 -0.980726 0.000000 0.195387 -0.980731 0.000000 0.195365 -0.980771 0.000000 0.195163 -0.710542 0.683399 -0.167616 -0.712290 0.678737 -0.178771 -0.713467 0.677670 -0.178120 -0.719321 0.679369 -0.145033 -0.980791 0.000000 0.195062 -0.980791 0.000000 0.195064 -0.980784 0.000000 0.195095 -0.711356 0.701510 -0.043091 -0.705430 0.702370 -0.095106 -0.709855 0.700683 -0.071757 -0.713944 0.699934 -0.019417 -0.980782 0.000000 0.195106 -0.980783 0.000000 0.195101 -0.000193 1.000000 -0.000126 -0.000217 1.000000 -0.000141 0.000190 -1.000000 -0.000134 0.000213 -1.000000 -0.000148 -0.000204 -1.000000 -0.000136 -0.000230 -1.000000 -0.000152 0.000061 1.000000 -0.000049 0.000064 1.000000 -0.000051 0.781453 0.623762 0.015876 0.779219 0.626743 0.003262 0.815180 -0.457685 -0.354972 0.816723 -0.456800 -0.352559 0.781394 -0.623840 0.015709 0.779199 -0.626768 0.003243 0.815192 0.457693 -0.354936 0.816735 0.456809 -0.352519 -0.780728 0.624734 -0.013112 -0.782309 0.622717 -0.014688 -0.815261 -0.458407 0.353853 -0.817246 -0.461142 0.345625 -0.780764 -0.624684 -0.013304 -0.782339 -0.622675 -0.014853 -0.815288 0.458497 0.353675 -0.817262 0.461136 0.345596 
					</float_array>
					<technique_common>
						<accessor count="312" offset="0" source="#meshId36-tangents-array" stride="3">
							<param name="X" type="float" />
							<param name="Y" type="float" />
							<param name="Z" type="float" />
						</accessor>
					</technique_common>
				</source>
				<source id="meshId36-bitangents" name="meshId36-bitangents">
					<float_array id="meshId36-bitangents-array" count="936"> 
						0.194704 0.000000 0.980862 0.195001 0.000000 0.980803 0.194995 0.000000 0.980804 0.194994 0.000000 0.980804 0.402914 -0.188468 0.895623 0.357051 -0.182487 0.916086 0.376388 -0.167849 0.911131 0.402208 -0.185592 0.896540 0.220459 0.000096 0.975396 0.220462 0.000097 0.975396 0.533821 0.000083 0.845597 0.533817 0.000062 0.845600 0.114786 -0.055935 0.991814 0.175848 -0.043467 0.983457 0.161031 -0.062320 0.984980 0.095751 -0.070484 0.992907 0.194942 0.000000 0.980815 0.194693 0.000000 0.980864 0.194683 0.000000 0.980866 0.309020 -0.510349 0.802528 0.324748 -0.474098 0.818395 0.318542 -0.480176 0.817290 0.295031 -0.516381 0.803933 0.576942 0.000072 0.816785 0.576946 0.000067 0.816782 0.816784 0.000062 0.576944 0.816781 0.000059 0.576948 0.195006 0.000000 0.980802 0.194117 0.000000 0.980978 0.194130 0.000000 0.980976 0.228155 -0.660452 0.715366 0.286667 -0.631630 0.720324 0.269961 -0.638197 0.720989 0.225254 -0.660668 0.716085 -0.845597 0.000105 -0.533822 -0.845599 0.000130 -0.533819 -0.975397 0.000107 -0.220457 -0.975396 0.000111 -0.220461 0.195073 0.000000 0.980789 0.194651 0.000000 0.980873 0.194675 0.000000 0.980868 0.102386 -0.702277 0.704503 0.171830 -0.702423 0.690707 0.164679 -0.703039 0.691822 0.108350 -0.702887 0.703001 -0.985514 0.000047 -0.169592 -0.985515 0.000110 -0.169589 -0.985514 -0.000017 0.169593 -0.985515 -0.000041 0.169588 0.195025 0.000000 0.980798 0.195393 0.000000 0.980725 0.195408 0.000000 0.980722 0.022053 -0.635356 0.771905 0.066860 -0.661460 0.746995 0.067617 -0.661118 0.747229 0.024319 -0.637477 0.770085 -0.975397 0.000124 0.220456 -0.975396 0.000127 0.220462 -0.845599 0.000116 0.533819 -0.845601 0.000119 0.533816 0.194999 0.000000 0.980804 0.195334 0.000000 0.980737 0.195317 0.000000 0.980740 -0.371061 -0.169084 0.913085 
						-0.403306 -0.188041 0.895536 -0.400971 -0.186790 0.896846 -0.361241 -0.182306 0.914478 -0.816784 -0.000074 0.576944 -0.816781 -0.000075 0.576948 -0.576946 -0.000079 0.816782 -0.576950 -0.000069 0.816780 0.195004 0.000000 0.980802 0.194987 0.000000 0.980806 0.195007 0.000000 0.980802 -0.114058 -0.052411 0.992091 -0.179986 -0.043455 0.982709 -0.164178 -0.055067 0.984892 -0.100492 -0.070008 0.992472 -0.533821 -0.000101 0.845598 -0.533817 -0.000086 0.845600 -0.220458 -0.000105 0.975397 -0.220461 -0.000110 0.975396 0.194981 0.000000 0.980807 0.194998 0.000000 0.980804 0.194997 0.000000 0.980804 0.161058 0.062296 0.984977 0.095858 0.070384 0.992904 0.114989 0.055736 0.991802 0.175860 0.043457 0.983456 -0.169594 -0.000238 0.985514 -0.169591 -0.000292 0.985515 0.169595 -0.000140 0.985514 0.169589 -0.000050 0.985515 0.195004 0.000000 0.980802 0.194985 0.000000 0.980806 0.194988 0.000000 0.980806 0.402931 0.188459 0.895617 0.357062 0.182489 0.916081 0.376395 0.167853 0.911127 0.402227 0.185581 0.896534 0.220457 -0.000047 0.975397 0.220463 -0.000027 0.975395 0.533821 -0.000064 0.845597 0.533817 -0.000062 0.845600 0.194973 0.000000 0.980809 0.194765 0.000000 0.980850 0.194744 0.000000 0.980854 0.308920 0.510400 0.802534 0.324919 0.473985 0.818392 0.318771 0.480029 0.817286 0.294997 0.516395 0.803936 0.576941 -0.000072 0.816786 0.576945 -0.000067 0.816783 0.816783 -0.000062 0.576945 0.816780 -0.000061 0.576950 0.194940 0.000000 0.980815 0.194124 0.000000 0.980977 0.194135 0.000000 0.980975 0.228175 0.660465 0.715347 0.286698 0.631638 0.720304 0.270070 0.638184 0.720960 0.225263 0.660684 0.716068 0.845598 0.000078 0.533820 0.845600 0.000108 0.533817 0.975397 0.000096 0.220457 0.975396 0.000090 0.220460 0.195005 0.000000 0.980802 0.194642 0.000000 0.980874 
						0.194668 0.000000 0.980869 0.102380 0.702286 0.704495 0.171827 0.702430 0.690701 0.164669 0.703046 0.691817 0.108339 0.702896 0.702994 0.985514 -0.000000 0.169596 0.985515 -0.000035 0.169590 0.985514 0.000075 -0.169596 0.985515 0.000144 -0.169591 0.195031 0.000000 0.980797 0.195382 0.000000 0.980727 0.195385 0.000000 0.980727 0.022044 0.635342 0.771916 0.066859 0.661453 0.747001 0.067613 0.661109 0.747237 0.024314 0.637465 0.770096 0.975397 0.000116 -0.220457 0.975396 0.000131 -0.220461 0.845598 0.000094 -0.533821 0.845599 0.000108 -0.533818 0.195137 0.000000 0.980776 0.195313 0.000000 0.980741 0.195324 0.000000 0.980739 -0.370854 0.169277 0.913134 -0.403313 0.188026 0.895536 -0.400957 0.186793 0.896851 -0.361060 0.182470 0.914516 -0.816783 0.000120 0.576946 -0.816779 0.000047 0.576950 -0.576945 0.000207 0.816783 -0.576948 0.000248 0.816781 0.195048 0.000000 0.980794 0.195057 0.000000 0.980792 0.195057 0.000000 0.980792 -0.113867 0.052600 0.992102 -0.179900 0.043542 0.982721 -0.164129 0.055118 0.984898 -0.100389 0.070107 0.992475 -0.533821 0.000064 0.845598 -0.533817 0.000076 0.845600 -0.220458 0.000047 0.975397 -0.220465 0.000027 0.975395 0.195002 0.000000 0.980803 0.195002 0.000000 0.980803 -0.169594 0.000080 0.985514 -0.169589 0.000050 0.985515 0.169593 0.000103 0.985514 0.169589 0.000110 0.985515 0.195099 0.000000 0.980784 0.195120 0.000000 0.980779 0.195115 0.000000 0.980780 0.194848 0.000000 0.980833 0.113869 0.052595 0.992103 0.180000 0.043443 0.982707 0.164193 0.055051 0.984891 0.100333 0.070160 0.992477 0.400959 0.186791 0.896851 0.361221 0.182316 0.914484 0.371031 0.169104 0.913094 0.403296 0.188040 0.895541 0.194802 0.000000 0.980843 0.194827 0.000000 0.980838 0.195149 0.000000 0.980774 0.294235 0.516829 0.803937 
						0.324054 0.476850 0.817070 0.322859 0.475196 0.818505 0.295453 0.517761 0.802890 0.194103 0.000000 0.980981 0.194182 0.000000 0.980965 0.195129 0.000000 0.980778 0.223835 0.661033 0.716194 0.282741 0.634141 0.719669 0.288255 0.631078 0.720173 0.224419 0.661381 0.715689 0.194836 0.000000 0.980836 0.194833 0.000000 0.980836 0.195103 0.000000 0.980783 0.112612 0.703036 0.702182 0.169017 0.702882 0.690934 0.175140 0.702270 0.690031 0.105568 0.702420 0.703890 0.195600 0.000000 0.980684 0.195540 0.000000 0.980696 0.195066 0.000000 0.980790 0.027881 0.638650 0.768992 0.065868 0.660657 0.747793 0.063019 0.660468 0.748205 0.022521 0.635553 0.771728 0.195471 0.000000 0.980709 0.195455 0.000000 0.980713 0.195116 0.000000 0.980780 -0.376390 0.167853 0.911129 -0.402211 0.185600 0.896537 -0.402917 0.188476 0.895620 -0.357044 0.182501 0.916086 0.195141 0.000000 0.980775 0.195141 0.000000 0.980775 0.195149 0.000000 0.980774 -0.114795 0.055928 0.991813 -0.175823 0.043493 0.983460 -0.160999 0.062352 0.984983 -0.095768 0.070471 0.992906 0.195082 0.000000 0.980787 0.195082 0.000000 0.980787 0.195086 0.000000 0.980786 0.164127 -0.055121 0.984898 0.100366 -0.070136 0.992476 0.113838 -0.052631 0.992104 0.179899 -0.043543 0.982721 0.195080 0.000000 0.980787 0.195086 0.000000 0.980786 0.195098 0.000000 0.980784 0.400969 -0.186786 0.896847 0.361063 -0.182476 0.914514 0.370856 -0.169282 0.913132 0.403326 -0.188019 0.895532 0.194789 0.000000 0.980845 0.194836 0.000000 0.980836 0.195049 0.000000 0.980793 0.294392 -0.516734 0.803940 0.323990 -0.476879 0.817078 0.322808 -0.475218 0.818513 0.295614 -0.517662 0.802893 0.194137 0.000000 0.980974 0.194188 0.000000 0.980964 0.195014 0.000000 0.980801 0.223735 -0.661069 0.716192 0.282879 -0.634104 0.719647 
						0.288392 -0.631040 0.720152 0.224304 -0.661421 0.715689 0.194691 0.000000 0.980865 0.194696 0.000000 0.980864 0.195131 0.000000 0.980777 0.112634 -0.703061 0.702153 0.168888 -0.702909 0.690938 0.175003 -0.702298 0.690037 0.105590 -0.702446 0.703861 0.195571 0.000000 0.980690 0.195540 0.000000 0.980696 0.195236 0.000000 0.980756 0.027670 -0.638569 0.769067 0.065959 -0.660676 0.747768 0.063088 -0.660482 0.748186 0.022372 -0.635491 0.771784 0.195387 0.000000 0.980726 0.195365 0.000000 0.980731 0.195163 0.000000 0.980771 -0.376379 -0.167856 0.911133 -0.402032 -0.185756 0.896585 -0.402757 -0.188614 0.895663 -0.357054 -0.182484 0.916085 0.195062 0.000000 0.980791 0.195064 0.000000 0.980791 0.195095 0.000000 0.980784 -0.115014 -0.055706 0.991801 -0.175858 -0.043457 0.983456 -0.161057 -0.062294 0.984977 -0.095932 -0.070308 0.992902 0.195106 0.000000 0.980782 0.195101 0.000000 0.980783 0.845599 0.000231 0.533819 0.845597 0.000259 0.533822 -0.845601 -0.000233 0.533816 -0.845599 -0.000259 0.533819 0.845600 -0.000245 0.533817 0.845598 -0.000275 0.533820 -0.845599 0.000078 0.533818 -0.845598 0.000082 0.533821 0.241464 -0.325772 0.914094 0.253087 -0.319412 0.913194 0.066743 -0.534550 0.842497 0.064441 -0.534962 0.842415 0.241620 0.325660 0.914093 0.253117 0.319399 0.913190 0.066726 0.534520 0.842518 0.064419 0.534931 0.842437 0.243824 0.323891 0.914136 0.243298 0.327188 0.913101 0.065655 0.533939 0.842970 0.057723 0.531225 0.845262 0.243673 -0.324023 0.914130 0.243169 -0.327302 0.913095 0.065509 -0.533826 0.843053 0.057722 -0.531193 0.845282 
					</float_array>
					<technique_common>
						<accessor count="312" offset="0" source="#meshId36-bitangents-array" stride="3">
							<param name="X" type="float" />
							<param name="Y" type="float" />
							<param name="Z" type="float" />
						</accessor>
					</technique_common>
				</source>
				<source id="meshId36-tex0" name="meshId36-tex0">
					<float_array id="meshId36-tex0-array" count="624"> 
						0.828829 0.735624 0.886498 0.724140 0.887217 0.727756 0.829547 0.739230 0.106042 0.794806 0.106229 0.818521 0.102643 0.818974 0.102324 0.796258 0.111361 0.822102 0.106243 0.822099 0.106229 0.818521 0.111383 0.818524 0.102580 0.846001 0.102598 0.822877 0.106243 0.822099 0.106241 0.846170 0.826787 0.732568 0.875670 0.699887 0.877717 0.702948 0.861619 0.680657 0.878667 0.697689 0.875670 0.699887 0.859447 0.683668 0.111567 0.794809 0.106042 0.794806 0.106173 0.791108 0.111444 0.791111 0.823731 0.730526 0.856394 0.681628 0.859447 0.683668 0.836052 0.669238 0.858343 0.678466 0.856394 0.681628 0.835198 0.672851 0.032744 0.635465 0.037940 0.635467 0.037937 0.639136 0.032741 0.639134 0.820126 0.729809 0.831597 0.672135 0.835198 0.672851 0.808061 0.668471 0.832187 0.668468 0.831597 0.672135 0.808655 0.672135 0.032747 0.663125 0.037944 0.663127 0.037940 0.666796 0.032744 0.666793 0.816521 0.730526 0.805054 0.672852 0.808655 0.672135 0.781931 0.678457 0.804196 0.669238 0.805054 0.672852 0.783860 0.681630 0.032750 0.690785 0.037947 0.690787 0.037944 0.694455 0.032747 0.694453 0.813465 0.732569 0.780798 0.683676 0.783860 0.681630 0.095012 0.805404 
						0.095196 0.781689 0.098918 0.783139 0.098595 0.805855 0.089803 0.777988 0.095074 0.777991 0.095196 0.781689 0.089672 0.781686 0.811422 0.735626 0.762529 0.702961 0.764577 0.699895 0.094995 0.833054 0.094991 0.808982 0.098638 0.809758 0.098653 0.832882 0.089858 0.805401 0.095012 0.805404 0.094991 0.808982 0.089872 0.808979 0.810705 0.739232 0.753033 0.727769 0.753752 0.724153 0.094990 0.860729 0.094991 0.836657 0.098652 0.836827 0.098634 0.859951 0.089871 0.833050 0.094995 0.833054 0.094991 0.836657 0.089867 0.836654 0.811423 0.742837 0.753754 0.754322 0.753035 0.750706 0.095190 0.888022 0.095003 0.864307 0.098589 0.863854 0.098909 0.886570 0.089871 0.860726 0.094990 0.860729 0.095003 0.864307 0.089850 0.864304 0.813465 0.745894 0.764582 0.778575 0.762535 0.775513 0.778633 0.797805 0.761585 0.780772 0.764582 0.778575 0.780805 0.794794 0.089665 0.888019 0.095190 0.888022 0.095059 0.891720 0.089788 0.891717 0.816521 0.747936 0.783858 0.796834 0.780805 0.794794 0.804200 0.809224 0.781909 0.799995 0.783858 0.796834 0.805054 0.805611 0.990405 0.192672 0.995602 0.192674 0.995598 0.196342 0.990402 0.196340 0.820126 0.748653 0.808656 0.806327 
						0.805054 0.805611 0.832191 0.809991 0.808065 0.809994 0.808656 0.806327 0.831597 0.806327 0.990408 0.220331 0.995605 0.220334 0.995602 0.224002 0.990405 0.224000 0.823731 0.747935 0.835198 0.805610 0.831597 0.806327 0.858322 0.800005 0.836056 0.809224 0.835198 0.805610 0.856393 0.796832 0.990411 0.247991 0.995608 0.247993 0.995605 0.251662 0.990408 0.251660 0.826788 0.745893 0.859455 0.794786 0.856393 0.796832 0.106220 0.877424 0.106036 0.901138 0.102314 0.899688 0.102637 0.876972 0.111429 0.904840 0.106158 0.904837 0.106036 0.901138 0.111560 0.901142 0.828830 0.742836 0.877723 0.775501 0.875675 0.778566 0.106238 0.849774 0.106241 0.873846 0.102594 0.873070 0.102579 0.849945 0.111374 0.877427 0.106220 0.877424 0.106241 0.873846 0.111360 0.873849 0.887219 0.750693 0.886500 0.754309 0.111361 0.849777 0.106238 0.849774 0.106241 0.846170 0.111365 0.846173 0.205004 0.833117 0.147332 0.821649 0.148052 0.818032 0.205721 0.829511 0.111365 0.846173 0.111361 0.822102 0.115009 0.822878 0.115023 0.846002 0.115288 0.796259 0.114965 0.818975 0.111383 0.818524 0.111567 0.794809 0.156831 0.796840 0.158877 0.793778 0.207763 0.826455 0.175099 0.777558 
						0.158877 0.793778 0.155880 0.791585 0.172923 0.774547 0.175099 0.777558 0.178151 0.775518 0.210819 0.824412 0.199347 0.766739 0.178151 0.775518 0.176201 0.772359 0.198489 0.763125 0.199347 0.766739 0.202948 0.766022 0.214424 0.823695 0.225890 0.766020 0.202948 0.766022 0.202355 0.762357 0.226480 0.762354 0.225890 0.766020 0.229491 0.766736 0.218029 0.824412 0.250686 0.775513 0.229491 0.766736 0.230345 0.763124 0.252613 0.772336 0.250686 0.775513 0.253748 0.777558 0.221086 0.826455 0.086273 0.805854 0.085953 0.783138 0.089672 0.781686 0.089858 0.805401 0.269970 0.793777 0.272019 0.796842 0.223128 0.829511 0.086210 0.832881 0.086228 0.809757 0.089872 0.808979 0.089871 0.833050 0.280798 0.818033 0.281517 0.821649 0.223846 0.833117 0.086224 0.859950 0.086209 0.836825 0.089867 0.836654 0.089871 0.860726 0.281517 0.844586 0.280798 0.848202 0.223129 0.836723 0.085944 0.886569 0.086267 0.863852 0.089850 0.864304 0.089665 0.888019 0.272019 0.869394 0.269973 0.872456 0.221087 0.839780 0.253751 0.888677 0.269973 0.872456 0.272970 0.874649 0.255927 0.891687 0.253751 0.888677 0.250698 0.890717 0.218031 0.841822 0.229503 0.899496 0.250698 0.890717 
						0.252649 0.893875 0.230361 0.903110 0.229503 0.899496 0.225902 0.900212 0.214426 0.842539 0.202960 0.900214 0.225902 0.900212 0.226495 0.903877 0.202370 0.903881 0.202960 0.900214 0.199359 0.899498 0.210821 0.841822 0.178164 0.890722 0.199359 0.899498 0.198505 0.903111 0.176237 0.893898 0.178164 0.890722 0.175102 0.888676 0.207764 0.839780 0.114959 0.876974 0.115279 0.899689 0.111560 0.901142 0.111374 0.877427 0.158880 0.872458 0.156831 0.869392 0.205722 0.836723 0.115022 0.849947 0.115004 0.873071 0.111360 0.873849 0.111361 0.849777 0.148052 0.848202 0.147332 0.844586 0.106187 0.766923 0.111427 0.766927 0.089817 0.753803 0.095056 0.753807 0.095045 0.915905 0.089805 0.915901 0.111415 0.929024 0.106176 0.929021 0.877717 0.702948 0.880751 0.700807 0.780798 0.683676 0.778810 0.680538 0.762535 0.775513 0.759501 0.777654 0.859455 0.794786 0.861442 0.797924 0.156831 0.796840 0.153793 0.794702 0.253748 0.777558 0.255732 0.774419 0.272019 0.869394 0.275056 0.871533 0.175102 0.888676 0.173118 0.891815 
					</float_array>
					<technique_common>
						<accessor count="312" offset="0" source="#meshId36-tex0-array" stride="2">
							<param name="S" type="float" />
							<param name="T" type="float" />
						</accessor>
					</technique_common>
				</source>
				<vertices id="meshId36-vertices">
					<input semantic="POSITION" source="#meshId36-positions" />
				</vertices>
				<polylist count="316" material="defaultMaterial">
					<input offset="0" semantic="VERTEX" source="#meshId36-vertices" />
					<input offset="0" semantic="NORMAL" source="#meshId36-normals" />
					<input offset="0" semantic="TANGENT" source="#meshId36-tangents" />
					<input offset="0" semantic="BINORMAL" source="#meshId36-bitangents" />
					<input offset="0" semantic="TEXCOORD" source="#meshId36-tex0" set="0" />
					<vcount>
						3 3 3 3 3 3 3 3 3 3 3 3 3 3 3 3 3 3 3 3 3 3 3 3 3 3 3 3 3 3 3 3 3 3 3 3 3 3 3 3 3 3 3 3 3 3 3 3 3 3 3 3 3 3 3 3 3 3 3 3 3 3 3 3 
						3 3 3 3 3 3 3 3 3 3 3 3 3 3 3 3 3 3 3 3 3 3 3 3 3 3 3 3 3 3 3 3 3 3 3 3 3 3 3 3 3 3 3 3 3 3 3 3 3 3 3 3 3 3 3 3 3 3 3 3 3 3 3 3 
						3 3 3 3 3 3 3 3 3 3 3 3 3 3 3 3 3 3 3 3 3 3 3 3 3 3 3 3 3 3 3 3 3 3 3 3 3 3 3 3 3 3 3 3 3 3 3 3 3 3 3 3 3 3 3 3 3 3 3 3 3 3 3 3 
						3 3 3 3 3 3 3 3 3 3 3 3 3 3 3 3 3 3 3 3 3 3 3 3 3 3 3 3 3 3 3 3 3 3 3 3 3 3 3 3 3 3 3 3 3 3 3 3 3 3 3 3 3 3 3 3 3 3 3 3 3 3 3 3 
						3 3 3 3 3 3 3 3 3 3 3 3 3 3 3 3 3 3 3 3 3 3 3 3 3 3 3 3 3 3 3 3 3 3 3 3 3 3 3 3 3 3 3 3 3 3 3 3 3 3 3 3 3 3 3 3 3 3 3 3 
					</vcount>
					<p>
						0 1 2 2 3 0 4 5 6 6 7 4 8 9 10 10 11 8 12 13 14 14 15 12 16 17 18 18 0 16 19 20 21 21 22 19 23 24 25 25 26 23 27 28 29 29 16 27 30 31 32 32 33 30 34 35 36 36 37 34 38 39 40 40 27 38 41 42 43 43 44 41 45 46 47 47 48 45 49 50 51 51 38 49 52 53 54 54 55 52 56 57 58 58 59 56 60 61 62 62 49 60 63 64 65 65 66 63 67 68 69 69 70 67 71 72 73 73 60 71 74 75 76 76 77 74 78 79 80 80 81 78 82 83 84 84 71 82 85 86 87 87 88 85 89 90 91 91 92 89 93 94 95 95 82 93 96 97 98 98 99 96 100 101 102 102 103 100 104 105 106 106 93 104 107 108 109 109 110 107 111 112 113 113 114 111 115 116 117 117 104 115 
						118 119 120 120 121 118 122 123 124 124 125 122 126 127 128 128 115 126 129 130 131 131 132 129 133 134 135 135 136 133 137 138 139 139 126 137 140 141 142 142 143 140 144 145 146 146 147 144 148 149 150 150 137 148 151 152 153 153 154 151 155 156 157 157 158 155 159 160 161 161 148 159 162 163 164 164 165 162 166 167 168 168 169 166 3 170 171 171 159 3 172 173 174 174 175 172 176 177 178 178 179 176 180 181 182 182 183 180 184 185 186 186 187 184 179 188 189 189 190 179 191 192 193 193 194 191 190 195 196 196 197 190 198 199 200 200 201 198 197 202 203 203 204 197 205 206 207 207 208 205 204 209 210 210 211 204 212 213 214 214 215 212 211 216 217 217 218 211 219 220 221 221 222 219 218 223 224 224 225 218 226 227 228 228 229 226 225 230 231 231 232 225 
						233 234 235 235 236 233 232 237 238 238 239 232 240 241 242 242 243 240 239 244 245 245 246 239 247 248 249 249 250 247 246 251 252 252 253 246 254 255 256 256 257 254 253 258 259 259 260 253 261 262 263 263 264 261 260 265 266 266 267 260 268 269 270 270 271 268 267 272 273 273 274 267 275 276 277 277 278 275 274 279 280 280 281 274 282 283 284 284 285 282 281 286 287 287 176 281 11 10 24 24 23 11 26 25 288 288 289 26 37 36 46 46 45 37 48 47 57 57 56 48 290 291 68 68 67 290 70 69 79 79 78 70 81 80 90 90 89 81 92 91 101 101 100 92 103 102 112 112 111 103 114 113 292 292 293 114 125 124 134 134 133 125 136 135 145 145 144 136 294 295 156 156 155 294 158 157 167 167 166 158 169 168 173 173 172 169 175 174 9 9 8 175 
						18 1 0 29 17 16 40 28 27 51 39 38 62 50 49 73 61 60 84 72 71 95 83 82 106 94 93 117 105 104 128 116 115 139 127 126 150 138 137 161 149 148 171 160 159 2 170 3 178 188 179 189 195 190 196 202 197 203 209 204 210 216 211 217 223 218 224 230 225 231 237 232 238 244 239 245 251 246 252 258 253 259 265 260 266 272 267 273 279 274 280 286 281 287 177 176 13 6 5 5 14 13 296 21 20 20 297 296 22 32 31 31 19 22 33 43 42 42 30 33 44 54 53 53 41 44 55 298 299 299 52 55 66 76 75 75 63 66 77 87 86 86 74 77 88 98 97 97 85 88 300 109 108 108 301 300 110 120 119 119 107 110 121 131 130 130 118 121 132 142 141 141 129 132 143 302 303 303 140 143 154 164 163 163 151 154 165 12 15 15 162 165 
						185 182 181 181 186 185 192 304 305 305 193 192 199 191 194 194 200 199 206 198 201 201 207 206 213 205 208 208 214 213 306 212 215 215 307 306 227 219 222 222 228 227 234 226 229 229 235 234 241 233 236 236 242 241 248 308 309 309 249 248 255 247 250 250 256 255 262 254 257 257 263 262 269 261 264 264 270 269 310 268 271 271 311 310 283 275 278 278 284 283 183 282 285 285 180 183 3 159 148 3 148 137 3 137 126 3 126 115 3 115 104 3 104 93 3 93 82 3 82 71 3 71 60 3 60 49 3 49 38 3 38 27 3 27 16 16 0 3 281 176 179 281 179 190 281 190 197 281 197 204 281 204 211 281 211 218 281 218 225 281 225 232 281 232 239 281 239 246 281 246 253 281 253 260 281 260 267 267 274 281 
					</p>
				</polylist>
			</mesh>
		</geometry>
		<geometry id="meshId37" name="meshId37_name" >
			<mesh>
				<source id="meshId37-positions" name="meshId37-positions">
					<float_array id="meshId37-positions-array" count="432"> 
						-17.729548 12.687695 31.678104 -17.749092 12.514891 31.688534 -17.786863 12.514891 31.645899 -17.774441 12.687695 31.627430 -17.774441 12.687695 31.627430 -17.786863 12.514891 31.645899 -17.840122 12.514891 31.625698 -17.837744 12.687695 31.603422 -17.896667 12.514891 31.632566 -17.904951 12.687695 31.611584 -17.904951 12.687695 31.611584 -17.896667 12.514891 31.632566 -17.943544 12.514891 31.664925 -17.960669 12.687695 31.650042 -17.970016 12.514891 31.715359 -17.992132 12.687695 31.709988 -17.970016 12.514891 31.772320 -17.992132 12.687695 31.777691 -17.943544 12.514891 31.822754 -17.960669 12.687695 31.837635 -17.896667 12.514891 31.855112 -17.904951 12.687695 31.876095 -17.904951 12.687695 31.876095 -17.896667 12.514891 31.855112 -17.840122 12.514891 31.861979 -17.837744 12.687695 31.884256 -17.786863 12.514891 31.841780 -17.774443 12.687695 31.860249 -17.774443 12.687695 31.860249 -17.786863 12.514891 31.841780 -17.749092 12.514891 31.799145 -17.729548 12.687695 31.809574 -17.735460 12.514891 31.743839 -17.713345 12.687695 31.743839 -17.701075 12.765630 31.662910 -17.756346 12.765630 31.600525 -17.756346 12.765630 31.600525 -17.834278 12.765630 31.570969 -17.917021 12.765630 31.581013 -17.917021 12.765630 31.581013 -17.985615 12.765630 31.628361 -18.024349 12.765630 31.702164 -18.024349 12.765630 31.785515 -17.985615 12.765630 31.859318 -17.917021 12.765630 31.906666 -17.917021 12.765630 31.906666 -17.834278 12.765630 31.916710 -17.756346 12.765630 31.887154 -17.756346 12.765630 31.887154 -17.701075 12.765630 31.824766 -17.681128 12.765630 31.743839 -17.701075 13.275530 31.662910 -17.756346 13.275530 31.600525 -17.756346 13.275530 31.600525 -17.834278 13.275530 31.570969 -17.917021 13.275530 31.581013 -17.917021 13.275530 31.581013 -17.985615 13.275530 31.628361 -18.024349 13.275530 31.702164 -18.024349 13.275530 31.785515 -17.985615 13.275530 31.859318 -17.917021 13.275530 31.906666 -17.917021 13.275530 31.906666 -17.834278 13.275530 31.916710 
						-17.756346 13.275530 31.887154 -17.756346 13.275530 31.887154 -17.701075 13.275530 31.824766 -17.681128 13.275530 31.743839 -17.701214 13.321755 31.662987 -17.756433 13.321755 31.600657 -17.756433 13.321755 31.600657 -17.834295 13.321755 31.571129 -17.916960 13.321755 31.581165 -17.916960 13.321755 31.581165 -17.985493 13.321755 31.628469 -18.024191 13.321755 31.702202 -18.024191 13.321755 31.785477 -17.985493 13.321755 31.859207 -17.916960 13.321755 31.906513 -17.916960 13.321755 31.906513 -17.834295 13.321755 31.916550 -17.756433 13.321755 31.887020 -17.756433 13.321755 31.887020 -17.701214 13.321755 31.824692 -17.681286 13.321755 31.743839 -17.737005 13.494560 31.682083 -17.779182 13.494560 31.634476 -17.779182 13.494560 31.634476 -17.838652 13.494560 31.611923 -17.901791 13.494560 31.619591 -17.901791 13.494560 31.619591 -17.954136 13.494560 31.655720 -17.983692 13.494560 31.712036 -17.983692 13.494560 31.775640 -17.954136 13.494560 31.831959 -17.901791 13.494560 31.868088 -17.901791 13.494560 31.868088 -17.838652 13.494560 31.875755 -17.779182 13.494560 31.853203 -17.779182 13.494560 31.853203 -17.737005 13.494560 31.805595 -17.721785 13.494560 31.743839 -17.786863 12.514891 31.645899 -17.749092 12.514891 31.688534 -17.855070 12.315481 31.743839 -17.840122 12.514891 31.625698 -17.786863 12.514891 31.645899 -17.855070 12.315481 31.743839 -17.896667 12.514891 31.632566 -17.943544 12.514891 31.664925 -17.970016 12.514891 31.715359 -17.943544 12.514891 31.664925 -17.855070 12.315481 31.743839 -17.970016 12.514891 31.772320 -17.943544 12.514891 31.822754 -17.896667 12.514891 31.855112 -17.943544 12.514891 31.822754 -17.855070 12.315481 31.743839 -17.840122 12.514891 31.861979 -17.786863 12.514891 31.841780 -17.749092 12.514891 31.799145 -17.786863 12.514891 31.841780 -17.735460 12.514891 31.743839 -17.737005 13.494560 31.682083 -17.779182 13.494560 31.634476 -17.855070 13.701991 31.743839 -17.779182 13.494560 31.634476 -17.838652 13.494560 31.611923 
						-17.855070 13.701991 31.743839 -17.901791 13.494560 31.619591 -17.954136 13.494560 31.655720 -17.954136 13.494560 31.655720 -17.983692 13.494560 31.712036 -17.855070 13.701991 31.743839 -17.983692 13.494560 31.775640 -17.954136 13.494560 31.831959 -17.954136 13.494560 31.831959 -17.901791 13.494560 31.868088 -17.855070 13.701991 31.743839 -17.838652 13.494560 31.875755 -17.779182 13.494560 31.853203 -17.779182 13.494560 31.853203 -17.737005 13.494560 31.805595 -17.721785 13.494560 31.743839 
					</float_array>
					<technique_common>
						<accessor count="144" offset="0" source="#meshId37-positions-array" stride="3">
							<param name="X" type="float" />
							<param name="Y" type="float" />
							<param name="Z" type="float" />
						</accessor>
					</technique_common>
				</source>
				<source id="meshId37-normals" name="meshId37-normals">
					<float_array id="meshId37-normals-array" count="432"> 
						0.862143 -0.228084 -0.452424 0.878329 -0.127153 -0.460836 0.563595 -0.127740 -0.816115 0.553030 -0.229113 -0.801040 0.553030 -0.229113 -0.801040 0.563595 -0.127740 -0.816115 0.119804 -0.128565 -0.984438 0.117401 -0.230563 -0.965949 -0.351381 -0.129441 -0.927241 -0.344818 -0.232106 -0.909520 -0.344818 -0.232106 -0.909520 -0.351381 -0.129441 -0.927241 -0.742013 -0.130171 -0.657626 -0.727785 -0.233383 -0.644874 -0.962610 -0.130585 -0.237338 -0.943955 -0.234098 -0.232697 -0.962610 -0.130585 0.237340 -0.943954 -0.234098 0.232699 -0.742009 -0.130172 0.657631 -0.727782 -0.233384 0.644876 -0.351391 -0.129440 0.927238 -0.344825 -0.232108 0.909517 -0.344825 -0.232108 0.909517 -0.351391 -0.129440 0.927238 0.119805 -0.128562 0.984438 0.117405 -0.230561 0.965949 0.563604 -0.127735 0.816109 0.553033 -0.229108 0.801039 0.553033 -0.229108 0.801039 0.563604 -0.127735 0.816109 0.878324 -0.127151 0.460847 0.862137 -0.228083 0.452435 0.991911 -0.126936 -0.000001 0.973729 -0.227709 0.000001 0.884423 -0.047718 -0.464240 0.567333 -0.047931 -0.822092 0.567333 -0.047931 -0.822092 0.120307 -0.048230 -0.991564 -0.354269 -0.048547 -0.933882 -0.354269 -0.048547 -0.933882 -0.747669 -0.048809 -0.662276 -0.969784 -0.048955 -0.239002 -0.969784 -0.048955 0.239002 -0.747669 -0.048810 0.662275 -0.354269 -0.048548 0.933882 -0.354269 -0.048548 0.933882 0.120308 -0.048229 0.991564 0.567333 -0.047930 0.822092 0.567333 -0.047930 0.822092 0.884421 -0.047718 0.464244 0.998865 -0.047641 0.000000 0.885454 0.000285 -0.464728 0.568057 0.000288 -0.822989 0.568057 0.000288 -0.822989 0.120551 0.000290 -0.992707 -0.354596 0.000294 -0.935020 -0.354596 0.000294 -0.935020 -0.748515 0.000295 -0.663118 -0.970943 0.000293 -0.239312 -0.970943 0.000293 0.239312 -0.748516 0.000295 0.663117 -0.354595 0.000294 0.935020 -0.354595 0.000294 0.935020 0.120551 0.000290 0.992707 
						0.568056 0.000287 0.822990 0.568056 0.000287 0.822990 0.885452 0.000284 0.464730 1.000000 0.000283 0.000000 0.871459 0.176580 -0.457579 0.558786 0.177375 -0.810121 0.558786 0.177375 -0.810121 0.118207 0.178493 -0.976815 -0.349174 0.179682 -0.919669 -0.349174 0.179682 -0.919669 -0.736367 0.180661 -0.652017 -0.954892 0.181210 -0.235255 -0.954891 0.181209 0.235257 -0.736364 0.180660 0.652020 -0.349173 0.179682 0.919670 -0.349173 0.179682 0.919670 0.118207 0.178492 0.976815 0.558779 0.177372 0.810127 0.558779 0.177372 0.810127 0.871458 0.176579 0.457582 0.984338 0.176292 -0.000002 0.862128 0.228541 -0.452222 0.553216 0.229550 -0.800787 0.553216 0.229550 -0.800787 0.117745 0.230974 -0.965809 -0.344465 0.232485 -0.909557 -0.344465 0.232485 -0.909557 -0.727562 0.233736 -0.644997 -0.943855 0.234447 -0.232748 -0.943854 0.234449 0.232751 -0.727557 0.233738 0.645002 -0.344464 0.232485 0.909558 -0.344464 0.232485 0.909558 0.117745 0.230973 0.965809 0.553210 0.229549 0.800791 0.553210 0.229549 0.800791 0.862126 0.228543 0.452225 0.973619 0.228180 -0.000001 0.487678 -0.513557 -0.705996 0.759526 -0.514167 -0.398437 -0.001119 -0.999999 0.000001 0.103845 -0.512711 -0.852258 0.487678 -0.513557 -0.705996 -0.001119 -0.999999 0.000001 -0.304321 -0.511800 -0.803399 -0.643224 -0.511028 -0.570187 -0.834809 -0.510602 -0.205865 -0.643224 -0.511028 -0.570187 -0.001119 -0.999999 0.000001 -0.834811 -0.510598 0.205866 -0.643228 -0.511017 0.570192 -0.304325 -0.511793 0.803402 -0.643228 -0.511017 0.570192 -0.001119 -0.999999 0.000001 0.103861 -0.512717 0.852252 0.487679 -0.513560 0.705992 0.759528 -0.514164 0.398439 0.487679 -0.513560 0.705992 0.857556 -0.514391 0.000000 0.745053 0.540443 -0.390919 0.478244 0.540078 -0.692531 -0.000684 1.000000 0.000001 0.478244 0.540078 -0.692531 0.101694 0.539550 -0.835790 
						-0.000684 1.000000 0.000001 -0.298477 0.539005 -0.787645 -0.630578 0.538570 -0.558851 -0.630578 0.538570 -0.558851 -0.818253 0.538301 -0.201727 -0.000684 1.000000 0.000001 -0.818248 0.538308 0.201730 -0.630578 0.538569 0.558850 -0.630578 0.538569 0.558850 -0.298477 0.539005 0.787646 -0.000684 1.000000 0.000001 0.101697 0.539544 0.835793 0.478229 0.540083 0.692537 0.478229 0.540083 0.692537 0.745050 0.540449 0.390916 0.841298 0.540572 0.000000 
					</float_array>
					<technique_common>
						<accessor count="144" offset="0" source="#meshId37-normals-array" stride="3">
							<param name="X" type="float" />
							<param name="Y" type="float" />
							<param name="Z" type="float" />
						</accessor>
					</technique_common>
				</source>
				<source id="meshId37-tangents" name="meshId37-tangents">
					<float_array id="meshId37-tangents-array" count="432"> 
						-0.453663 0.050103 -0.889764 -0.452591 0.089255 -0.887240 -0.801591 0.154069 -0.577680 -0.801611 0.115756 -0.586533 0.832149 0.104522 0.544612 0.825855 0.108667 0.553313 0.992680 0.030792 0.116786 0.993055 0.019788 0.115972 0.936190 -0.039150 -0.349307 0.938179 -0.053896 -0.341929 -0.913432 -0.140200 0.382080 -0.926149 -0.096908 0.364495 -0.653682 -0.077123 0.752829 -0.651784 -0.057107 0.756251 -0.234847 -0.034386 0.971424 -0.236123 -0.013692 0.971627 0.232949 0.048154 0.971296 0.233121 0.026270 0.972093 0.653728 0.076853 0.752817 0.649594 0.066929 0.757329 0.924237 0.110047 0.365616 0.914043 0.137450 0.381618 0.938265 -0.056881 0.341208 0.936201 -0.040917 0.349076 0.992591 0.035746 -0.116129 0.993083 0.026026 -0.114491 0.825940 0.102885 -0.554290 0.831752 0.095953 -0.546793 0.798622 -0.128178 -0.588025 0.800198 -0.160786 -0.577782 0.454220 -0.078695 -0.887407 0.456221 -0.038999 -0.889012 0.000619 0.004847 -0.999988 0.001163 0.004967 -0.999987 -0.463643 0.023572 -0.885708 -0.821499 0.036401 -0.569047 0.823466 0.040319 0.565931 0.992698 0.014659 0.119732 0.935035 -0.003176 -0.354541 -0.932628 -0.054859 0.356645 -0.661980 -0.024324 0.749127 -0.239037 -0.005235 0.970996 0.238519 0.015566 0.971013 0.661314 0.036056 0.749242 0.933120 0.047302 0.356439 0.935062 -0.005178 0.354447 0.992653 0.018819 -0.119525 0.823488 0.034476 -0.566286 0.821055 -0.043758 -0.569169 0.464089 -0.014944 -0.885662 0.000191 0.003997 -0.999992 -0.464719 -0.005693 -0.885440 -0.822799 -0.021313 -0.567933 0.822954 0.008999 0.568036 0.992686 0.006473 0.120550 0.934901 0.016049 -0.354546 -0.934929 0.013841 0.354566 -0.662913 0.024536 0.748294 -0.239290 0.012459 0.970868 0.239312 -0.000841 0.970942 0.663081 -0.010052 0.748480 0.934683 -0.026721 0.354476 0.934945 0.012762 0.354563 0.992626 0.012735 -0.120545 
						0.822990 0.000538 -0.568056 0.822950 0.009667 -0.568032 0.464660 0.016797 -0.885330 -0.000001 0.004517 -0.999990 -0.460569 -0.026136 -0.887239 -0.808135 -0.102884 -0.579942 0.827227 -0.049991 0.559639 0.992774 -0.000779 0.119996 0.937058 0.066962 -0.342693 -0.924299 0.095361 0.369564 -0.654992 0.051159 0.753902 -0.235239 0.021893 0.971691 0.237875 -0.007466 0.971267 0.657147 -0.038366 0.752785 0.921989 -0.109427 0.371433 0.937048 0.062310 0.343597 0.992536 0.008485 -0.121660 0.827925 -0.062734 -0.557320 0.811792 0.082774 -0.578050 0.458102 0.040270 -0.887987 -0.001059 0.005901 -0.999982 -0.445493 -0.083307 -0.891401 -0.778558 -0.199455 -0.595034 0.832066 -0.105850 0.544483 0.992974 -0.015809 0.117276 0.938775 0.092212 -0.331961 -0.909543 0.157339 0.384676 -0.642147 0.098877 0.760178 -0.226471 0.053744 0.972534 0.230969 -0.035431 0.972316 0.643589 -0.093073 0.759691 0.909115 -0.159103 0.384963 0.938794 0.088552 0.332902 0.992813 -0.006422 -0.119501 0.832497 -0.117585 -0.541408 0.783409 0.183495 -0.593801 0.441361 0.099656 -0.891779 -0.001680 0.007165 -0.999973 -0.717183 0.225457 -0.659407 -0.420389 0.079420 -0.903861 0.001160 -0.000002 -0.999999 0.994210 0.029715 0.103265 0.864931 0.174364 0.470629 0.994291 -0.001113 -0.106695 0.947050 -0.071899 -0.312933 0.743773 -0.240169 -0.623795 -0.219210 -0.034728 0.975060 -0.569036 -0.179215 0.802546 -0.001952 0.000003 0.999998 0.215207 0.041526 0.975685 0.564924 0.185933 0.803922 0.947038 -0.071810 0.312989 0.743770 -0.240161 0.623802 0.994283 -0.001113 0.106769 0.994214 0.029914 -0.103165 0.864959 0.174568 -0.470503 0.422718 -0.075407 -0.903119 0.719566 -0.221471 -0.658160 0.001177 0.001963 -0.999997 -0.413360 -0.085851 -0.906512 -0.700927 -0.240380 -0.671505 -0.001233 0.000000 -0.999999 0.867072 -0.165085 0.470035 0.993485 -0.011647 0.113363 
						0.995725 0.000681 -0.092364 0.950886 0.097019 -0.293944 0.757257 0.269124 -0.595092 -0.550334 0.197459 0.811260 -0.210679 0.045690 0.976487 0.002020 0.000000 0.999998 0.214835 -0.039147 0.975865 0.554569 -0.191087 0.809900 0.757292 0.269291 0.594971 0.950902 0.097184 0.293837 0.995732 0.000681 0.092292 0.993480 -0.011565 -0.113418 0.867079 -0.165067 -0.470029 0.698410 0.244218 -0.672741 0.410882 0.089802 -0.907255 -0.001265 0.001969 -0.999997 
					</float_array>
					<technique_common>
						<accessor count="144" offset="0" source="#meshId37-tangents-array" stride="3">
							<param name="X" type="float" />
							<param name="Y" type="float" />
							<param name="Z" type="float" />
						</accessor>
					</technique_common>
				</source>
				<source id="meshId37-bitangents" name="meshId37-bitangents">
					<float_array id="meshId37-bitangents-array" count="432"> 
						0.225608 0.972351 -0.060278 0.153947 0.987859 0.020847 0.199531 0.979768 -0.015563 0.227107 0.966493 -0.119643 -0.041051 -0.967772 0.248460 0.018004 -0.985837 0.166739 0.015298 -0.991223 0.131313 -0.007624 -0.972856 0.231285 0.008913 -0.990814 0.134938 0.030344 -0.971196 0.236342 -0.216198 0.962533 -0.163670 -0.137038 0.986840 -0.085830 -0.148715 0.988487 -0.027864 -0.213323 0.970707 -0.110554 -0.135014 0.990841 0.002433 -0.230642 0.972117 -0.042352 -0.138265 0.990267 -0.015933 -0.233678 0.971858 0.029775 -0.148537 0.988508 0.028071 -0.219910 0.970079 0.102895 -0.149365 0.985462 0.080964 -0.213590 0.962930 0.164760 -0.027463 0.971025 0.237393 -0.007245 0.990743 0.135560 -0.020260 0.991057 0.131892 0.001257 0.972710 0.232022 -0.013163 0.986458 0.163488 0.048412 0.968660 0.243626 0.237397 0.964925 0.112084 0.205022 0.978689 0.011594 0.149101 0.988757 -0.011365 0.220413 0.972860 0.070434 0.126934 0.991899 0.004886 0.227706 0.973716 0.005102 0.053208 0.998583 -0.001276 0.057200 0.998187 -0.018724 0.006020 -0.998037 0.062344 0.008761 -0.998729 0.049641 0.014246 -0.998816 0.046518 -0.068546 0.997313 -0.025842 -0.052673 0.998512 -0.014124 -0.048786 0.998787 -0.006625 -0.051256 0.998680 -0.003419 -0.060450 0.998157 0.005321 -0.061479 0.997700 0.028543 -0.012372 0.998807 0.047230 -0.012896 0.998659 0.050139 -0.001201 0.998255 0.059029 0.063253 0.997892 0.014528 0.049200 0.998749 0.008929 0.047641 0.998857 0.004001 -0.002898 0.999984 -0.004909 -0.017704 0.999773 -0.011870 0.007570 -0.999959 0.004875 0.006461 -0.999979 0.000492 0.014902 -0.999871 -0.005966 0.013045 0.999904 -0.004633 0.016491 0.999699 -0.018170 0.003266 0.999922 -0.012027 0.000486 1.000000 0.000746 0.006886 0.999949 0.007328 0.025089 0.999643 0.009200 -0.011829 0.999919 -0.004800 -0.012677 0.999919 0.001247 
						-0.000606 1.000000 0.000070 -0.008119 0.999953 0.005255 -0.008057 0.999859 0.014741 -0.000283 0.999990 0.004517 -0.168628 0.983939 0.058550 -0.186216 0.978751 0.085853 0.058767 -0.982873 -0.174664 0.020658 -0.983941 -0.177295 0.000007 -0.981443 -0.191754 0.154105 0.979092 0.132782 0.169557 0.982214 0.080660 0.181231 0.983201 0.021722 0.177759 0.983416 -0.035976 0.161014 0.982797 -0.090469 0.167376 0.977620 -0.127456 0.004434 0.981749 -0.190128 -0.030004 0.983905 -0.176157 -0.048031 0.982142 -0.181905 -0.169587 0.980657 -0.097737 -0.175226 0.983462 -0.045798 -0.176289 0.984320 0.005995 -0.241395 0.969963 0.029992 -0.296311 0.952641 0.068376 0.040223 -0.967524 -0.249559 0.011819 -0.972831 -0.231212 0.006696 -0.968219 -0.250015 0.232540 0.959789 0.157257 0.241456 0.967259 0.078154 0.240516 0.970642 0.002369 0.236205 0.971483 -0.020708 0.237601 0.967835 -0.082716 0.234212 0.959498 -0.156550 -0.003148 0.968560 -0.248759 -0.021399 0.972939 -0.230069 -0.030119 0.966168 -0.256148 -0.283247 0.955844 -0.078320 -0.248877 0.968420 -0.014954 -0.228174 0.973593 0.007359 0.497815 0.827906 -0.258364 0.496380 0.854005 -0.155829 0.999999 -0.001119 0.001160 -0.027620 -0.858047 0.512828 -0.118594 -0.840153 0.529225 0.106695 -0.000118 0.994292 0.102396 -0.856091 0.506581 0.181836 -0.825330 0.534571 -0.505016 0.859116 -0.082938 -0.512310 0.840674 -0.175518 -0.999997 0.001119 -0.001952 -0.506732 0.858816 0.075218 -0.516835 0.839220 0.169088 -0.102493 0.856102 0.506541 -0.181835 0.825339 0.534558 -0.106769 0.000120 0.994284 0.027401 0.858036 0.512858 0.118388 0.840108 0.529341 0.494396 0.854371 0.160073 0.494361 0.828979 0.261534 0.514390 0.857554 0.002289 -0.523479 0.836989 0.159434 -0.529136 0.806557 0.263595 -0.999999 -0.000684 0.001233 0.139529 -0.825265 -0.547237 0.051431 -0.841873 -0.537219 
						-0.092364 -0.000062 -0.995725 -0.082021 -0.836696 -0.541490 -0.170098 -0.798445 -0.577540 0.547270 0.819117 0.171880 0.534861 0.841513 0.076023 0.999998 0.000684 -0.002020 0.533213 0.841839 -0.083616 0.542976 0.820627 -0.178179 0.169940 0.798389 -0.577664 0.081833 0.836677 -0.541548 0.092292 0.000064 -0.995732 -0.051528 0.841878 -0.537202 -0.139540 0.825266 -0.547234 -0.532466 0.805399 -0.260407 -0.525430 0.836571 -0.155154 -0.540570 0.841296 0.002341 
					</float_array>
					<technique_common>
						<accessor count="144" offset="0" source="#meshId37-bitangents-array" stride="3">
							<param name="X" type="float" />
							<param name="Y" type="float" />
							<param name="Z" type="float" />
						</accessor>
					</technique_common>
				</source>
				<source id="meshId37-tex0" name="meshId37-tex0">
					<float_array id="meshId37-tex0-array" count="288"> 
						0.674029 0.382016 0.672974 0.367689 0.677605 0.367054 0.679640 0.381602 0.297467 0.911203 0.296257 0.925614 0.291602 0.925254 0.291864 0.910937 0.286966 0.925298 0.286254 0.910941 0.890721 0.235656 0.892905 0.221385 0.897694 0.221685 0.896322 0.236161 0.902450 0.222072 0.902022 0.236365 0.907215 0.222054 0.907749 0.236344 0.911968 0.221631 0.913448 0.236097 0.916755 0.221296 0.919045 0.235551 0.503156 0.670254 0.503867 0.655897 0.508503 0.655940 0.508766 0.670257 0.513158 0.655579 0.514369 0.669991 0.657034 0.381653 0.659004 0.367096 0.663638 0.367710 0.662648 0.382042 0.668306 0.367897 0.668339 0.382149 0.675081 0.388863 0.681884 0.388680 0.298906 0.904218 0.292073 0.904057 0.285236 0.903998 0.888102 0.242816 0.894885 0.243029 0.901578 0.243135 0.908243 0.243111 0.914936 0.242955 0.921716 0.242691 0.502138 0.677197 0.508976 0.677137 0.515809 0.676975 0.654823 0.388741 0.661627 0.388894 0.668354 0.388939 0.675245 0.430923 0.682088 0.430970 0.299433 0.862125 0.292574 0.862069 0.285715 0.861984 0.888088 0.285226 0.894919 0.285113 0.901691 0.285016 0.908442 0.284991 0.915214 0.285037 0.922046 0.285100 0.502622 0.719211 0.509481 0.719125 
						0.516340 0.719069 0.654811 0.431032 0.661653 0.430954 0.668449 0.430907 0.675170 0.434681 0.681957 0.435033 0.299439 0.858212 0.292619 0.858315 0.285800 0.858166 0.888261 0.289393 0.895039 0.288898 0.901741 0.288680 0.908419 0.288655 0.915122 0.288823 0.921904 0.289268 0.502707 0.723029 0.509526 0.722879 0.516346 0.722981 0.654960 0.435095 0.661746 0.434711 0.668457 0.434594 0.673716 0.449212 0.678885 0.450009 0.297838 0.843440 0.292630 0.843774 0.287456 0.843581 0.891799 0.304185 0.897144 0.303587 0.902464 0.303054 0.907803 0.303034 0.913127 0.303528 0.918476 0.304086 0.504365 0.737614 0.509539 0.737420 0.514746 0.737754 0.658100 0.450056 0.663265 0.449236 0.668490 0.448971 0.677605 0.367054 0.672974 0.367689 0.668263 0.348760 0.291602 0.925254 0.296257 0.925614 0.289658 0.944333 0.286966 0.925298 0.282393 0.926019 0.902450 0.222072 0.897694 0.221685 0.904762 0.203048 0.907215 0.222054 0.911968 0.221631 0.503867 0.655897 0.499293 0.655176 0.506557 0.636861 0.508503 0.655940 0.513158 0.655579 0.663638 0.367710 0.659004 0.367096 0.668306 0.367897 0.673716 0.449212 0.678885 0.450009 0.668536 0.469287 0.297838 0.843440 0.292630 0.843774 
						0.290988 0.823482 0.287456 0.843581 0.282387 0.842601 0.897144 0.303587 0.902464 0.303054 0.905208 0.323220 0.907803 0.303034 0.913127 0.303528 0.499296 0.738595 0.504365 0.737614 0.507899 0.757712 0.509539 0.737420 0.514746 0.737754 0.658100 0.450056 0.663265 0.449236 0.668490 0.448971 
					</float_array>
					<technique_common>
						<accessor count="144" offset="0" source="#meshId37-tex0-array" stride="2">
							<param name="S" type="float" />
							<param name="T" type="float" />
						</accessor>
					</technique_common>
				</source>
				<vertices id="meshId37-vertices">
					<input semantic="POSITION" source="#meshId37-positions" />
				</vertices>
				<polylist count="156" material="defaultMaterial">
					<input offset="0" semantic="VERTEX" source="#meshId37-vertices" />
					<input offset="0" semantic="NORMAL" source="#meshId37-normals" />
					<input offset="0" semantic="TANGENT" source="#meshId37-tangents" />
					<input offset="0" semantic="BINORMAL" source="#meshId37-bitangents" />
					<input offset="0" semantic="TEXCOORD" source="#meshId37-tex0" set="0" />
					<vcount>
						3 3 3 3 3 3 3 3 3 3 3 3 3 3 3 3 3 3 3 3 3 3 3 3 3 3 3 3 3 3 3 3 3 3 3 3 3 3 3 3 3 3 3 3 3 3 3 3 3 3 3 3 3 3 3 3 3 3 3 3 3 3 3 3 
						3 3 3 3 3 3 3 3 3 3 3 3 3 3 3 3 3 3 3 3 3 3 3 3 3 3 3 3 3 3 3 3 3 3 3 3 3 3 3 3 3 3 3 3 3 3 3 3 3 3 3 3 3 3 3 3 3 3 3 3 3 3 3 3 
						3 3 3 3 3 3 3 3 3 3 3 3 3 3 3 3 3 3 3 3 3 3 3 3 3 3 3 3 
					</vcount>
					<p>
						0 1 2 2 3 0 4 5 6 6 7 4 7 6 8 8 9 7 10 11 12 12 13 10 13 12 14 14 15 13 15 14 16 16 17 15 17 16 18 18 19 17 19 18 20 20 21 19 22 23 24 24 25 22 25 24 26 26 27 25 28 29 30 30 31 28 31 30 32 32 33 31 33 32 1 1 0 33 34 0 3 3 35 34 36 4 7 7 37 36 37 7 9 9 38 37 39 10 13 13 40 39 40 13 15 15 41 40 41 15 17 17 42 41 42 17 19 19 43 42 43 19 21 21 44 43 45 22 25 25 46 45 46 25 27 27 47 46 48 28 31 31 49 48 49 31 33 33 50 49 50 33 0 0 34 50 51 34 35 35 52 51 53 36 37 37 54 53 54 37 38 38 55 54 56 39 40 40 57 56 57 40 41 41 58 57 58 41 42 42 59 58 
						59 42 43 43 60 59 60 43 44 44 61 60 62 45 46 46 63 62 63 46 47 47 64 63 65 48 49 49 66 65 66 49 50 50 67 66 67 50 34 34 51 67 68 51 52 52 69 68 70 53 54 54 71 70 71 54 55 55 72 71 73 56 57 57 74 73 74 57 58 58 75 74 75 58 59 59 76 75 76 59 60 60 77 76 77 60 61 61 78 77 79 62 63 63 80 79 80 63 64 64 81 80 82 65 66 66 83 82 83 66 67 67 84 83 84 67 51 51 68 84 85 68 69 69 86 85 87 70 71 71 88 87 88 71 72 72 89 88 90 73 74 74 91 90 91 74 75 75 92 91 92 75 76 76 93 92 93 76 77 77 94 93 94 77 78 78 95 94 96 79 80 80 97 96 97 80 81 81 98 97 99 82 83 83 100 99 100 83 84 84 101 100 
						101 84 68 68 85 101 102 103 104 105 106 107 108 105 107 109 108 107 110 111 112 113 110 112 114 113 112 115 116 117 118 115 117 119 118 117 120 121 104 122 120 104 103 122 104 123 124 125 126 127 128 127 129 128 129 130 128 131 132 133 132 134 133 134 135 133 136 137 138 137 139 138 139 140 138 141 142 125 142 143 125 143 123 125 
					</p>
				</polylist>
			</mesh>
		</geometry>
		<geometry id="meshId38" name="meshId38_name" >
			<mesh>
				<source id="meshId38-positions" name="meshId38-positions">
					<float_array id="meshId38-positions-array" count="423"> 
						-17.733683 3.267534 31.682858 -17.763220 3.215146 31.698620 -17.794104 3.215146 31.663759 -17.775331 3.267534 31.635847 -17.775331 3.267534 31.635847 -17.794104 3.215146 31.663759 -17.837650 3.215146 31.647243 -17.834055 3.267534 31.613575 -17.883884 3.215146 31.652859 -17.896404 3.267534 31.621147 -17.922213 3.215146 31.679314 -17.948092 3.267534 31.656824 -17.948092 3.267534 31.656824 -17.922213 3.215146 31.679314 -17.943857 3.215146 31.720552 -17.977280 3.267534 31.712437 -17.943857 3.215146 31.767126 -17.977280 3.267534 31.775242 -17.922213 3.215146 31.808365 -17.948092 3.267534 31.830854 -17.948092 3.267534 31.830854 -17.922213 3.215146 31.808365 -17.883884 3.215146 31.834820 -17.896404 3.267534 31.866531 -17.837650 3.215146 31.840433 -17.834055 3.267534 31.874104 -17.794104 3.215146 31.823919 -17.775331 3.267534 31.851831 -17.775331 3.267534 31.851831 -17.794104 3.215146 31.823919 -17.763220 3.215146 31.789059 -17.733683 3.267534 31.804819 -17.752075 3.215146 31.743839 -17.718653 3.267534 31.743839 -17.712559 3.315080 31.671585 -17.761904 3.315080 31.615885 -17.761904 3.315080 31.615885 -17.775331 3.267534 31.635847 -17.834055 3.267534 31.613575 -17.831484 3.315080 31.589497 -17.896404 3.267534 31.621147 -17.905357 3.315080 31.598467 -17.905357 3.315080 31.598467 -17.896404 3.267534 31.621147 -17.966600 3.315080 31.640739 -18.001183 3.315080 31.706631 -18.001183 3.315080 31.781048 -17.966600 3.315080 31.846939 -17.896404 3.267534 31.866531 -17.905357 3.315080 31.889212 -17.905357 3.315080 31.889212 -17.896404 3.267534 31.866531 -17.834055 3.267534 31.874104 -17.831484 3.315080 31.898182 -17.775331 3.267534 31.851831 -17.761904 3.315080 31.871794 -17.761904 3.315080 31.871794 -17.712559 3.315080 31.816093 -17.694750 3.315080 31.743839 -17.712559 3.377152 31.671585 -17.761904 3.377152 31.615885 -17.761904 3.377152 31.615885 -17.831484 3.377152 31.589497 -17.905357 3.377152 31.598467 
						-17.905357 3.377152 31.598467 -17.966600 3.377152 31.640739 -18.001183 3.377152 31.706631 -18.001183 3.377152 31.781048 -17.966600 3.377152 31.846939 -17.905357 3.377152 31.889212 -17.905357 3.377152 31.889212 -17.831484 3.377152 31.898182 -17.761904 3.377152 31.871794 -17.761904 3.377152 31.871794 -17.712559 3.377152 31.816093 -17.694750 3.377152 31.743839 -17.733683 3.424698 31.682858 -17.775331 3.424698 31.635847 -17.775331 3.424698 31.635847 -17.834055 3.424698 31.613575 -17.896404 3.424698 31.621147 -17.896404 3.424698 31.621147 -17.948092 3.424698 31.656824 -17.977280 3.424698 31.712437 -17.977280 3.424698 31.775242 -17.948092 3.424698 31.830854 -17.896404 3.424698 31.866531 -17.896404 3.424698 31.866531 -17.834055 3.424698 31.874104 -17.775331 3.424698 31.851831 -17.775331 3.424698 31.851831 -17.733683 3.424698 31.804819 -17.718653 3.424698 31.743839 -17.753338 3.477086 31.693344 -17.787823 3.477086 31.654419 -17.787823 3.477086 31.654419 -17.836449 3.477086 31.635979 -17.888073 3.477086 31.642246 -17.888073 3.477086 31.642246 -17.930872 3.477086 31.671789 -17.955040 3.477086 31.717838 -17.955040 3.477086 31.769840 -17.930872 3.477086 31.815889 -17.888073 3.477086 31.845432 -17.888073 3.477086 31.845432 -17.836449 3.477086 31.851700 -17.787823 3.477086 31.833260 -17.787823 3.477086 31.833260 -17.753338 3.477086 31.794333 -17.740892 3.477086 31.743839 -17.794104 3.215146 31.663759 -17.763220 3.215146 31.698620 -17.849873 3.215146 31.743839 -17.837650 3.215146 31.647243 -17.883884 3.215146 31.652859 -17.922213 3.215146 31.679314 -17.943857 3.215146 31.720552 -17.943857 3.215146 31.767126 -17.922213 3.215146 31.808365 -17.883884 3.215146 31.834820 -17.837650 3.215146 31.840433 -17.794104 3.215146 31.823919 -17.763220 3.215146 31.789059 -17.752075 3.215146 31.743839 -17.753338 3.477086 31.693344 -17.787823 3.477086 31.654419 -17.849873 3.539972 31.743839 -17.836449 3.477086 31.635979 
						-17.888073 3.477086 31.642246 -17.930872 3.477086 31.671789 -17.955040 3.477086 31.717838 -17.955040 3.477086 31.717838 -17.955040 3.477086 31.769840 -17.849873 3.539972 31.743839 -17.955040 3.477086 31.769840 -17.930872 3.477086 31.815889 -17.888073 3.477086 31.845432 -17.836449 3.477086 31.851700 -17.787823 3.477086 31.833260 -17.753338 3.477086 31.794333 -17.740892 3.477086 31.743839 
					</float_array>
					<technique_common>
						<accessor count="141" offset="0" source="#meshId38-positions-array" stride="3">
							<param name="X" type="float" />
							<param name="Y" type="float" />
							<param name="Z" type="float" />
						</accessor>
					</technique_common>
				</source>
				<source id="meshId38-normals" name="meshId38-normals">
					<float_array id="meshId38-normals-array" count="423"> 
						0.771964 -0.489807 -0.405168 0.746321 -0.538488 -0.391198 0.478671 -0.540267 -0.692088 0.494688 -0.491537 -0.716711 0.494688 -0.491537 -0.716711 0.478671 -0.540267 -0.692088 0.102161 -0.542776 -0.833641 0.104776 -0.493969 -0.863143 -0.296402 -0.545408 -0.784013 -0.307831 -0.496525 -0.811605 -0.625902 -0.547585 -0.555336 -0.648825 -0.498637 -0.574794 -0.648825 -0.498637 -0.574794 -0.625902 -0.547585 -0.555336 -0.811598 -0.548814 -0.200279 -0.840963 -0.499819 -0.207274 -0.811595 -0.548819 0.200277 -0.840964 -0.499817 0.207273 -0.625899 -0.547589 0.555335 -0.648827 -0.498640 0.574789 -0.648827 -0.498640 0.574789 -0.625899 -0.547589 0.555335 -0.296402 -0.545408 0.784013 -0.307829 -0.496528 0.811604 0.102154 -0.542769 0.833646 0.104772 -0.493966 0.863146 0.478669 -0.540267 0.692090 0.494686 -0.491538 0.716712 0.494686 -0.491538 0.716712 0.478669 -0.540267 0.692090 0.746324 -0.538487 0.391193 0.771963 -0.489810 0.405165 0.843039 -0.537853 0.000001 0.872179 -0.489187 -0.000001 0.868207 -0.195927 -0.455883 0.556676 -0.196781 -0.807087 0.556676 -0.196781 -0.807087 0.494688 -0.491537 -0.716711 0.104776 -0.493969 -0.863143 0.117730 -0.197983 -0.973110 -0.307831 -0.496525 -0.811605 -0.347865 -0.199251 -0.916127 -0.347865 -0.199251 -0.916127 -0.307831 -0.496525 -0.811605 -0.733525 -0.200302 -0.649477 -0.951174 -0.200884 -0.234338 -0.951174 -0.200883 0.234338 -0.733528 -0.200303 0.649473 -0.307829 -0.496528 0.811604 -0.347863 -0.199254 0.916127 -0.347863 -0.199254 0.916127 -0.307829 -0.496528 0.811604 0.104772 -0.493966 0.863146 0.117730 -0.197983 0.973110 0.494686 -0.491538 0.716712 0.556673 -0.196781 0.807089 0.556673 -0.196781 0.807089 0.868205 -0.195930 0.455885 0.980680 -0.195619 -0.000001 0.868206 0.195927 -0.455885 0.556675 0.196780 -0.807088 0.556675 0.196780 -0.807088 0.117730 0.197982 -0.973110 -0.347864 0.199249 -0.916128 
						-0.347864 0.199249 -0.916128 -0.733525 0.200302 -0.649477 -0.951173 0.200887 -0.234338 -0.951174 0.200883 0.234338 -0.733528 0.200300 0.649474 -0.347864 0.199251 0.916128 -0.347864 0.199251 0.916128 0.117730 0.197983 0.973110 0.556673 0.196782 0.807089 0.556673 0.196782 0.807089 0.868205 0.195930 0.455885 0.980680 0.195619 -0.000001 0.801850 0.424233 -0.420789 0.514041 0.425865 -0.744581 0.514041 0.425865 -0.744581 0.109021 0.428163 -0.897101 -0.319975 0.430582 -0.843929 -0.319975 0.430582 -0.843929 -0.674805 0.432598 -0.597911 -0.874858 0.433723 -0.215657 -0.874863 0.433711 0.215659 -0.674812 0.432591 0.597908 -0.319974 0.430586 0.843927 -0.319974 0.430586 0.843927 0.109020 0.428164 0.897101 0.514042 0.425864 0.744580 0.514042 0.425864 0.744580 0.801848 0.424236 0.420789 0.905828 0.423646 0.000000 0.815012 0.391325 -0.427342 0.522911 0.392864 -0.756453 0.522911 0.392864 -0.756453 0.111483 0.395036 -0.911876 -0.324751 0.397328 -0.858293 -0.324751 0.397328 -0.858293 -0.685937 0.399246 -0.608353 -0.889701 0.400326 -0.219479 -0.889705 0.400316 0.219481 -0.685941 0.399241 0.608352 -0.324750 0.397333 0.858291 -0.324750 0.397333 0.858291 0.111482 0.395037 0.911876 0.522914 0.392859 0.756454 0.522914 0.392859 0.756454 0.815012 0.391321 0.427345 0.920488 0.390771 0.000001 0.000000 -1.000000 -0.000002 0.000000 -1.000000 0.000000 0.000000 -1.000000 0.000000 0.000000 -1.000000 -0.000003 0.000000 -1.000000 -0.000002 0.000000 -1.000000 0.000000 0.000000 -1.000000 0.000000 0.000000 -1.000000 0.000000 0.000000 -1.000000 0.000000 0.000000 -1.000000 0.000002 0.000000 -1.000000 0.000002 0.000000 -1.000000 0.000000 0.000000 -1.000000 0.000000 0.000000 -1.000000 0.000000 0.442720 0.866064 -0.232233 0.284355 0.865860 -0.411618 -0.000664 1.000000 0.000001 0.060592 0.865567 -0.497114 
						-0.177563 0.865265 -0.468815 -0.375480 0.865001 -0.332848 -0.487447 0.864839 -0.120203 -0.487447 0.864839 -0.120203 -0.487444 0.864841 0.120200 -0.000664 1.000000 0.000001 -0.487444 0.864841 0.120200 -0.375479 0.864999 0.332855 -0.177570 0.865260 0.468822 0.060592 0.865567 0.497114 0.284355 0.865861 0.411615 0.442728 0.866061 0.232230 0.499803 0.866139 0.000000 
					</float_array>
					<technique_common>
						<accessor count="141" offset="0" source="#meshId38-normals-array" stride="3">
							<param name="X" type="float" />
							<param name="Y" type="float" />
							<param name="Z" type="float" />
						</accessor>
					</technique_common>
				</source>
				<source id="meshId38-tangents" name="meshId38-tangents">
					<float_array id="meshId38-tangents-array" count="423"> 
						-0.419905 0.085599 -0.903522 -0.402250 0.103357 -0.909677 -0.691703 0.253442 -0.676250 -0.731713 0.209396 -0.648652 0.857516 0.410101 0.310617 0.869158 0.403136 0.286437 0.993080 0.104448 0.053695 0.992942 0.100463 0.063038 0.943315 -0.295544 -0.151028 0.934511 -0.317991 -0.159907 0.767183 -0.560363 -0.312127 0.741092 -0.585473 -0.328640 -0.743993 0.574225 0.341673 -0.777639 0.492386 0.390940 -0.562072 0.640029 0.523868 -0.524774 0.660019 0.537576 -0.336247 0.719148 0.608083 -0.277390 0.727133 0.627959 -0.163478 0.788353 0.593106 -0.048699 0.781033 0.622589 0.743104 -0.577782 0.337587 0.767413 -0.559351 0.313376 0.942738 -0.298537 0.148729 0.935094 -0.315335 0.161749 0.993476 0.098371 -0.057692 0.993179 0.096627 -0.065258 0.869069 0.403666 -0.285959 0.857319 0.411174 -0.309742 0.716913 -0.235355 -0.656235 0.683561 -0.265385 -0.679938 0.406978 -0.095861 -0.908394 0.427146 -0.072330 -0.901285 0.002347 0.003676 -0.999990 0.002801 0.004996 -0.999984 -0.456119 0.046632 -0.888696 -0.812039 0.076034 -0.578630 0.829355 0.075766 0.553562 0.858401 0.147528 0.491307 0.992837 0.001846 0.119463 0.992599 -0.005911 0.121290 0.950521 -0.122986 -0.285279 0.937391 -0.056247 -0.343706 -0.766291 0.623422 0.155381 -0.881124 0.470615 0.046285 -0.567575 0.706215 0.423224 -0.303156 0.750712 0.586965 -0.011726 0.782193 0.622926 0.256193 0.803612 0.537190 0.156789 0.814890 0.558006 0.445582 0.824606 0.348541 0.937516 -0.066186 0.341589 0.950822 -0.129760 0.281247 0.993489 0.012942 -0.113187 0.992955 0.010252 -0.118045 0.856088 0.133591 -0.499266 0.828086 0.053960 -0.557999 0.802300 -0.124650 -0.583761 0.460286 -0.025193 -0.887413 0.001494 0.007496 -0.999971 -0.461851 -0.016824 -0.886798 -0.805226 -0.111073 -0.582472 0.828682 -0.063354 0.556123 0.993037 -0.019502 0.116173 0.937440 0.059316 -0.343056 
						-0.439115 0.828725 0.346977 -0.252481 0.806902 0.534006 0.011343 0.781453 0.623862 0.303232 0.749875 0.587995 0.568392 0.704723 0.424614 0.776814 0.608363 0.162650 0.937245 0.049188 0.345185 0.992816 -0.002412 -0.119623 0.829836 -0.086617 -0.551244 0.813685 0.066652 -0.577473 0.458146 0.036351 -0.888133 -0.001382 0.006922 -0.999975 -0.438878 -0.059749 -0.896558 -0.747648 -0.203047 -0.632293 0.851011 -0.144478 0.504883 0.993700 -0.023346 0.109618 0.946868 0.114773 -0.300446 -0.175636 0.848361 0.499435 -0.022828 0.797558 0.602810 0.217556 0.749632 0.625077 0.476580 0.691238 0.543195 0.703901 0.620679 0.345371 0.871788 0.482573 0.084320 0.946707 0.110602 0.302512 0.993436 -0.015471 -0.113343 0.852230 -0.155108 -0.499646 0.756854 0.183298 -0.627354 0.434495 0.069457 -0.897992 -0.001850 0.003957 -0.999991 -0.433181 -0.078351 -0.897895 -0.748041 -0.213961 -0.628217 0.848280 -0.152837 0.507012 0.993523 -0.024010 0.111063 0.945383 0.109445 -0.307038 -0.168032 0.868805 0.465772 -0.028552 0.820628 0.570749 0.201906 0.776191 0.597295 0.453027 0.714660 0.532942 0.680431 0.648210 0.341815 0.848294 0.523667 0.078543 0.945371 0.109031 0.307224 0.993483 -0.022398 -0.111756 0.848565 -0.155999 -0.505570 0.751061 0.207300 -0.626844 0.431985 0.081202 -0.898218 -0.001083 0.002554 -0.999996 1.000000 -0.000000 0.000504 1.000000 0.000000 -0.000066 1.000000 0.000000 -0.000185 0.999999 0.000000 -0.001438 0.999992 0.000000 -0.004093 0.999998 0.000000 -0.002178 1.000000 0.000000 -0.000162 1.000000 0.000000 -0.000354 0.999999 0.000000 0.001722 0.999993 0.000000 0.003607 0.999999 0.000000 0.001171 1.000000 0.000000 -0.000707 1.000000 0.000000 -0.000283 1.000000 0.000000 -0.000126 0.890333 -0.455309 -0.000681 0.949426 -0.313959 -0.004544 1.000000 0.000664 0.000022 0.996661 -0.079776 -0.017424 
						0.982779 0.180673 -0.038769 0.923988 0.377461 -0.061395 0.873110 0.481432 -0.076822 0.657353 0.454091 0.601405 0.730742 0.328707 0.598304 0.747231 0.000495 0.664564 0.873112 0.481429 0.076822 0.923988 0.377460 0.061395 0.982778 0.180679 0.038772 0.996654 -0.079836 0.017530 0.949406 -0.314016 0.004678 0.890327 -0.455321 0.000703 0.866139 -0.499803 0.000000 
					</float_array>
					<technique_common>
						<accessor count="141" offset="0" source="#meshId38-tangents-array" stride="3">
							<param name="X" type="float" />
							<param name="Y" type="float" />
							<param name="Z" type="float" />
						</accessor>
					</technique_common>
				</source>
				<source id="meshId38-bitangents" name="meshId38-bitangents">
					<float_array id="meshId38-bitangents-array" count="423"> 
						0.477234 0.867619 -0.139593 0.530283 0.836270 -0.139469 0.540760 0.802420 -0.252389 0.468913 0.845307 -0.256079 0.141244 -0.768250 0.624373 0.124253 -0.738643 0.662547 0.057928 -0.833358 0.549690 0.055576 -0.863656 0.501009 -0.149339 -0.784336 0.602092 -0.178685 -0.807679 0.561896 -0.140274 -0.621405 0.770830 -0.172654 -0.639205 0.749405 0.159690 0.649328 -0.743554 0.059367 0.676541 -0.734008 -0.159321 0.537741 -0.827920 -0.131886 0.560853 -0.817343 -0.477756 0.426175 -0.768196 -0.464580 0.470596 -0.750137 -0.762578 0.280439 -0.582948 -0.759376 0.375961 -0.531038 0.163768 0.646163 0.745422 0.139026 0.622313 0.770324 0.152939 0.783202 0.602664 0.175614 0.808717 0.561370 -0.050693 0.834101 0.549277 -0.051168 0.864095 0.500720 -0.124879 0.738353 0.662752 -0.142444 0.767676 0.624806 0.491246 0.838450 0.235963 0.551018 0.798550 0.242274 0.526659 0.837163 0.147609 0.470764 0.868824 0.153385 0.537848 0.843031 0.004361 0.489179 0.872165 0.005728 0.195378 0.979509 -0.048880 0.175229 0.977495 -0.117468 -0.047781 -0.977516 0.205378 -0.135761 -0.858270 0.494917 -0.057418 -0.869477 0.490624 -0.029765 -0.980188 0.195822 0.041832 -0.859265 0.509817 0.016954 -0.978333 0.206342 0.540174 0.756071 -0.369551 0.358972 0.729373 -0.582370 0.373898 0.679073 -0.631713 0.058008 0.629347 -0.774957 -0.308433 0.589763 -0.746357 -0.629525 0.560434 -0.538156 -0.938434 0.299021 -0.172997 -0.824893 0.529455 -0.198066 -0.007428 0.977710 0.209827 -0.034333 0.858267 0.512054 0.044740 0.869385 0.492106 0.013394 0.980152 0.197795 0.149662 0.860549 0.486885 0.066253 0.978962 0.192989 0.215477 0.972491 0.088488 0.185356 0.980294 0.068311 0.195613 0.980651 0.007643 -0.181417 0.980474 0.075882 -0.204264 0.974136 0.096621 0.058302 -0.978399 -0.198335 0.004023 -0.980012 -0.198899 -0.014013 -0.978152 -0.207418 
						0.828353 0.522986 -0.200790 0.631027 0.555687 -0.541310 0.308450 0.590742 -0.745575 -0.057606 0.630344 -0.774176 -0.372649 0.680622 -0.630783 -0.524930 0.768241 -0.366408 0.023716 0.978713 -0.203858 -0.021336 0.980202 -0.196845 -0.038567 0.976614 -0.211514 -0.167430 0.978179 -0.123015 -0.190584 0.979944 -0.058205 -0.195614 0.980656 0.007059 -0.405491 0.903580 0.138277 -0.420457 0.881709 0.214023 0.107436 -0.893177 -0.436684 0.025991 -0.903400 -0.428011 -0.032507 -0.895224 -0.444429 0.931004 0.308031 -0.195828 0.737643 0.420429 -0.528321 0.432774 0.499936 -0.750181 0.086518 0.578000 -0.811437 -0.221704 0.653928 -0.723343 -0.370949 0.762705 -0.529790 0.036918 0.895747 -0.443028 -0.034650 0.903569 -0.427040 -0.097291 0.891393 -0.442666 -0.403648 0.886026 -0.228094 -0.410188 0.902884 -0.128634 -0.423642 0.905819 0.004368 -0.384851 0.916911 0.105657 -0.408655 0.894359 0.181996 0.083573 -0.906807 -0.413179 0.021980 -0.918352 -0.395154 -0.028059 -0.911127 -0.411169 0.930754 0.295480 -0.215381 0.727101 0.408868 -0.551500 0.409470 0.487100 -0.771406 0.056491 0.573592 -0.817190 -0.257873 0.648407 -0.716289 -0.418251 0.753591 -0.507116 0.028490 0.911175 -0.411034 -0.023724 0.918392 -0.394959 -0.080611 0.906271 -0.414940 -0.403074 0.895929 -0.186661 -0.386193 0.916665 -0.102864 -0.390769 0.920484 0.002774 -0.000504 -0.000002 1.000000 0.000066 0.000000 1.000000 0.000185 0.000000 1.000000 0.001438 -0.000003 0.999999 0.004093 -0.000002 0.999992 0.002178 0.000000 0.999998 0.000162 0.000000 1.000000 0.000354 0.000000 1.000000 -0.001722 0.000000 0.999999 -0.003607 0.000002 0.999993 -0.001171 0.000002 0.999999 0.000707 0.000000 1.000000 0.000283 0.000000 1.000000 0.000126 0.000000 1.000000 -0.106327 -0.206463 -0.972660 -0.133166 -0.389508 -0.911345 0.000022 0.000001 -1.000000 -0.054739 -0.494398 -0.867510 
						0.051157 -0.467625 -0.882445 0.072530 -0.330600 -0.940980 -0.008569 -0.142397 -0.989772 0.574701 0.214137 -0.789850 0.477927 0.379475 -0.792202 0.664564 0.000442 -0.747231 0.008571 0.142395 -0.989773 -0.072533 0.330606 -0.940977 -0.051159 0.467633 -0.882441 0.054861 0.494388 -0.867508 0.133304 0.389460 -0.911346 0.106348 0.206449 -0.972661 0.000000 0.000000 -1.000000 
					</float_array>
					<technique_common>
						<accessor count="141" offset="0" source="#meshId38-bitangents-array" stride="3">
							<param name="X" type="float" />
							<param name="Y" type="float" />
							<param name="Z" type="float" />
						</accessor>
					</technique_common>
				</source>
				<source id="meshId38-tex0" name="meshId38-tex0">
					<float_array id="meshId38-tex0-array" count="282"> 
						0.843634 0.597452 0.842706 0.592408 0.846654 0.591680 0.848735 0.596678 0.678585 0.495210 0.676514 0.499762 0.672972 0.498405 0.673393 0.493364 0.669281 0.498853 0.667589 0.494074 0.666169 0.501020 0.663000 0.497112 0.846816 0.278998 0.843848 0.274443 0.846708 0.271592 0.850379 0.275154 0.849334 0.268303 0.853620 0.271093 0.851481 0.264882 0.856580 0.266768 0.662996 0.515612 0.666167 0.511705 0.669278 0.513873 0.667584 0.518651 0.672969 0.514323 0.673388 0.519364 0.676512 0.512966 0.678580 0.517519 0.828192 0.596681 0.830272 0.591682 0.834220 0.592409 0.833294 0.597454 0.838463 0.592619 0.838464 0.597657 0.844265 0.601718 0.850207 0.601339 0.257658 0.298818 0.256781 0.303259 0.251530 0.303001 0.251612 0.298682 0.246266 0.303144 0.245554 0.298772 0.845668 0.286830 0.843069 0.282665 0.849688 0.282419 0.853453 0.277976 0.857054 0.273466 0.860552 0.268812 0.859327 0.262302 0.863964 0.263915 0.617978 0.312573 0.618691 0.308201 0.623956 0.308345 0.624036 0.312665 0.629207 0.308090 0.630082 0.312531 0.826722 0.601343 0.832664 0.601719 0.838465 0.601821 0.844279 0.606722 0.850232 0.607034 0.257622 0.293489 0.251596 0.293683 0.245556 0.293635 
						0.850340 0.290518 0.853680 0.285592 0.857194 0.280959 0.860791 0.276454 0.864531 0.272002 0.868595 0.267654 0.617978 0.317710 0.624018 0.317664 0.630045 0.317860 0.826699 0.607038 0.832651 0.606724 0.838465 0.606652 0.843674 0.611006 0.848819 0.611626 0.256662 0.289034 0.251486 0.289372 0.246293 0.289262 0.855098 0.292115 0.857615 0.287592 0.860641 0.283338 0.863874 0.279289 0.867352 0.275397 0.871206 0.271940 0.618714 0.322084 0.623907 0.321975 0.629083 0.322315 0.828114 0.611629 0.833258 0.611007 0.838466 0.610851 0.843089 0.615674 0.847487 0.616261 0.255762 0.284380 0.251382 0.284688 0.246990 0.284595 0.859714 0.293763 0.861813 0.289843 0.864493 0.285981 0.867304 0.282460 0.870477 0.278992 0.873834 0.276078 0.619409 0.326751 0.623802 0.326659 0.628181 0.326968 0.829447 0.616263 0.833844 0.615676 0.838467 0.615507 0.676514 0.499762 0.679094 0.502636 0.672020 0.506364 0.672972 0.498405 0.669281 0.498853 0.666169 0.501020 0.664356 0.504435 0.664355 0.508289 0.666167 0.511705 0.669278 0.513873 0.672969 0.514323 0.676512 0.512966 0.679093 0.510094 0.680023 0.506365 0.889444 0.063591 0.886397 0.067097 0.880865 0.059070 0.882104 0.068807 
						0.877553 0.068362 0.873799 0.065908 0.871717 0.062076 0.864493 0.285981 0.867304 0.282460 0.873834 0.290556 0.871717 0.056064 0.873799 0.052232 0.877554 0.049778 0.882104 0.049333 0.886397 0.051044 0.889444 0.054550 0.890544 0.059070 
					</float_array>
					<technique_common>
						<accessor count="141" offset="0" source="#meshId38-tex0-array" stride="2">
							<param name="S" type="float" />
							<param name="T" type="float" />
						</accessor>
					</technique_common>
				</source>
				<vertices id="meshId38-vertices">
					<input semantic="POSITION" source="#meshId38-positions" />
				</vertices>
				<polylist count="156" material="defaultMaterial">
					<input offset="0" semantic="VERTEX" source="#meshId38-vertices" />
					<input offset="0" semantic="NORMAL" source="#meshId38-normals" />
					<input offset="0" semantic="TANGENT" source="#meshId38-tangents" />
					<input offset="0" semantic="BINORMAL" source="#meshId38-bitangents" />
					<input offset="0" semantic="TEXCOORD" source="#meshId38-tex0" set="0" />
					<vcount>
						3 3 3 3 3 3 3 3 3 3 3 3 3 3 3 3 3 3 3 3 3 3 3 3 3 3 3 3 3 3 3 3 3 3 3 3 3 3 3 3 3 3 3 3 3 3 3 3 3 3 3 3 3 3 3 3 3 3 3 3 3 3 3 3 
						3 3 3 3 3 3 3 3 3 3 3 3 3 3 3 3 3 3 3 3 3 3 3 3 3 3 3 3 3 3 3 3 3 3 3 3 3 3 3 3 3 3 3 3 3 3 3 3 3 3 3 3 3 3 3 3 3 3 3 3 3 3 3 3 
						3 3 3 3 3 3 3 3 3 3 3 3 3 3 3 3 3 3 3 3 3 3 3 3 3 3 3 3 
					</vcount>
					<p>
						0 1 2 2 3 0 4 5 6 6 7 4 7 6 8 8 9 7 9 8 10 10 11 9 12 13 14 14 15 12 15 14 16 16 17 15 17 16 18 18 19 17 20 21 22 22 23 20 23 22 24 24 25 23 25 24 26 26 27 25 28 29 30 30 31 28 31 30 32 32 33 31 33 32 1 1 0 33 34 0 3 3 35 34 36 37 38 38 39 36 39 38 40 40 41 39 42 43 12 12 44 42 44 12 15 15 45 44 45 15 17 17 46 45 46 17 19 19 47 46 47 19 48 48 49 47 50 51 52 52 53 50 53 52 54 54 55 53 56 28 31 31 57 56 57 31 33 33 58 57 58 33 0 0 34 58 59 34 35 35 60 59 61 36 39 39 62 61 62 39 41 41 63 62 64 42 44 44 65 64 65 44 45 45 66 65 66 45 46 46 67 66 
						67 46 47 47 68 67 68 47 49 49 69 68 70 50 53 53 71 70 71 53 55 55 72 71 73 56 57 57 74 73 74 57 58 58 75 74 75 58 34 34 59 75 76 59 60 60 77 76 78 61 62 62 79 78 79 62 63 63 80 79 81 64 65 65 82 81 82 65 66 66 83 82 83 66 67 67 84 83 84 67 68 68 85 84 85 68 69 69 86 85 87 70 71 71 88 87 88 71 72 72 89 88 90 73 74 74 91 90 91 74 75 75 92 91 92 75 59 59 76 92 93 76 77 77 94 93 95 78 79 79 96 95 96 79 80 80 97 96 98 81 82 82 99 98 99 82 83 83 100 99 100 83 84 84 101 100 101 84 85 85 102 101 102 85 86 86 103 102 104 87 88 88 105 104 105 88 89 89 106 105 107 90 91 91 108 107 108 91 92 92 109 108 
						109 92 76 76 93 109 110 111 112 113 110 112 114 113 112 115 114 112 116 115 112 117 116 112 118 117 112 119 118 112 120 119 112 121 120 112 122 121 112 123 122 112 111 123 112 124 125 126 125 127 126 127 128 126 128 129 126 129 130 126 131 132 133 134 135 126 135 136 126 136 137 126 137 138 126 138 139 126 139 140 126 140 124 126 
					</p>
				</polylist>
			</mesh>
		</geometry>
		<geometry id="meshId39" name="meshId39_name" >
			<mesh>
				<source id="meshId39-positions" name="meshId39-positions">
					<float_array id="meshId39-positions-array" count="438"> 
						-17.722332 3.457138 31.677486 -17.754471 3.417060 31.694637 -17.788076 3.417060 31.656704 -17.767649 3.457138 31.626335 -17.767649 3.457138 31.626335 -17.788076 3.417060 31.656704 -17.835459 3.417060 31.638735 -17.831547 3.457138 31.602100 -17.885765 3.417060 31.644842 -17.899387 3.457138 31.610338 -17.927471 3.417060 31.673630 -17.955629 3.457138 31.649158 -17.955629 3.457138 31.649158 -17.927471 3.417060 31.673630 -17.951021 3.417060 31.718500 -17.987387 3.457138 31.709669 -17.951021 3.417060 31.769176 -17.987387 3.457138 31.778008 -17.927471 3.417060 31.814049 -17.955629 3.457138 31.838518 -17.955629 3.457138 31.838518 -17.927471 3.417060 31.814049 -17.885765 3.417060 31.842834 -17.899387 3.457138 31.877340 -17.835459 3.417060 31.848944 -17.831547 3.457138 31.885578 -17.788076 3.417060 31.830975 -17.767649 3.457138 31.861343 -17.767649 3.457138 31.861343 -17.788076 3.417060 31.830975 -17.754471 3.417060 31.793041 -17.722332 3.457138 31.810192 -17.742344 3.417060 31.743839 -17.705976 3.457138 31.743839 -17.699347 3.493512 31.665222 -17.753040 3.493512 31.604614 -17.753040 3.493512 31.604614 -17.828749 3.493512 31.575899 -17.909130 3.493512 31.585659 -17.975767 3.493512 31.631657 -17.975767 3.493512 31.631657 -18.013397 3.493512 31.703354 -18.013397 3.493512 31.784325 -17.975767 3.493512 31.856022 -17.975767 3.493512 31.856022 -17.909130 3.493512 31.902018 -17.828749 3.493512 31.911777 -17.753040 3.493512 31.883064 -17.753040 3.493512 31.883064 -17.699347 3.493512 31.822456 -17.679968 3.493512 31.743839 -17.699347 3.540998 31.665222 -17.753040 3.540998 31.604614 -17.753040 3.540998 31.604614 -17.753040 3.493512 31.604614 -17.828749 3.493512 31.575899 -17.828749 3.540998 31.575899 -17.909130 3.493512 31.585659 -17.909130 3.540998 31.585659 -17.909130 3.540998 31.585659 -17.909130 3.493512 31.585659 -17.975767 3.540998 31.631657 -18.013397 3.540998 31.703354 -18.013397 3.540998 31.784325 
						-17.975767 3.540998 31.856022 -17.909130 3.493512 31.902018 -17.909130 3.540998 31.902018 -17.909130 3.540998 31.902018 -17.909130 3.493512 31.902018 -17.828749 3.493512 31.911777 -17.828749 3.540998 31.911777 -17.753040 3.493512 31.883064 -17.753040 3.540998 31.883064 -17.753040 3.540998 31.883064 -17.699347 3.540998 31.822456 -17.679968 3.540998 31.743839 -17.722332 3.577372 31.677486 -17.767649 3.577372 31.626335 -17.767649 3.577372 31.626335 -17.753040 3.540998 31.604614 -17.828749 3.540998 31.575899 -17.831547 3.577372 31.602100 -17.909130 3.540998 31.585659 -17.899387 3.577372 31.610338 -17.975767 3.540998 31.631657 -17.955629 3.577372 31.649158 -17.955629 3.577372 31.649158 -17.987387 3.577372 31.709669 -17.987387 3.577372 31.778008 -17.955629 3.577372 31.838518 -17.955629 3.577372 31.838518 -17.975767 3.540998 31.856022 -17.909130 3.540998 31.902018 -17.899387 3.577372 31.877340 -17.828749 3.540998 31.911777 -17.831547 3.577372 31.885578 -17.753040 3.540998 31.883064 -17.767649 3.577372 31.861343 -17.767649 3.577372 31.861343 -17.722332 3.577372 31.810192 -17.705976 3.577372 31.743839 -17.743717 3.617450 31.688898 -17.781240 3.617450 31.646542 -17.781240 3.617450 31.646542 -17.834150 3.617450 31.626476 -17.890324 3.617450 31.633297 -17.936892 3.617450 31.665443 -17.936892 3.617450 31.665443 -17.963188 3.617450 31.715546 -17.963188 3.617450 31.772133 -17.936892 3.617450 31.822235 -17.936892 3.617450 31.822235 -17.890324 3.617450 31.854382 -17.834150 3.617450 31.861202 -17.781240 3.617450 31.841137 -17.781240 3.617450 31.841137 -17.743717 3.617450 31.798780 -17.730177 3.617450 31.743839 -17.788076 3.417060 31.656704 -17.754471 3.417060 31.694637 -17.848757 3.417060 31.743839 -17.835459 3.417060 31.638735 -17.885765 3.417060 31.644842 -17.927471 3.417060 31.673630 -17.951021 3.417060 31.718500 -17.951021 3.417060 31.769176 -17.927471 3.417060 31.814049 -17.885765 3.417060 31.842834 
						-17.835459 3.417060 31.848944 -17.788076 3.417060 31.830975 -17.754471 3.417060 31.793041 -17.742344 3.417060 31.743839 -17.743717 3.617450 31.688898 -17.781240 3.617450 31.646542 -17.848757 3.665559 31.743839 -17.834150 3.617450 31.626476 -17.890324 3.617450 31.633297 -17.936892 3.617450 31.665443 -17.963188 3.617450 31.715546 -17.963188 3.617450 31.772133 -17.936892 3.617450 31.822235 -17.890324 3.617450 31.854382 -17.834150 3.617450 31.861202 -17.781240 3.617450 31.841137 -17.743717 3.617450 31.798780 -17.730177 3.617450 31.743839 
					</float_array>
					<technique_common>
						<accessor count="146" offset="0" source="#meshId39-positions-array" stride="3">
							<param name="X" type="float" />
							<param name="Y" type="float" />
							<param name="Z" type="float" />
						</accessor>
					</technique_common>
				</source>
				<source id="meshId39-normals" name="meshId39-normals">
					<float_array id="meshId39-normals-array" count="438"> 
						0.692387 -0.623327 -0.363406 0.655454 -0.672613 -0.343471 0.420173 -0.674313 -0.607253 0.443401 -0.625093 -0.642381 0.443401 -0.625093 -0.642381 0.420173 -0.674313 -0.607253 0.089736 -0.676715 -0.730756 0.093837 -0.627560 -0.772893 -0.259370 -0.679244 -0.686552 -0.275345 -0.630162 -0.726003 -0.547459 -0.681316 -0.485898 -0.579889 -0.632307 -0.513729 -0.579889 -0.632307 -0.513729 -0.547459 -0.681316 -0.485898 -0.709621 -0.682466 -0.175152 -0.751250 -0.633512 -0.185164 -0.709618 -0.682470 0.175147 -0.751250 -0.633513 0.185162 -0.547453 -0.681328 0.485889 -0.579886 -0.632313 0.513724 -0.579886 -0.632313 0.513724 -0.547453 -0.681328 0.485889 -0.259364 -0.679253 0.686546 -0.275340 -0.630168 0.726000 0.089737 -0.676711 0.730759 0.093835 -0.627559 0.772894 0.420190 -0.674298 0.607258 0.443406 -0.625087 0.642384 0.443406 -0.625087 0.642384 0.420190 -0.674298 0.607258 0.655461 -0.672603 0.343477 0.692391 -0.623321 0.363408 0.740547 -0.672005 -0.000001 0.782480 -0.622676 0.000000 0.852452 -0.269991 -0.447695 0.546422 -0.271127 -0.792410 0.546422 -0.271127 -0.792410 0.115439 -0.272702 -0.955148 -0.341467 -0.274375 -0.898954 -0.719723 -0.275769 -0.637142 -0.719723 -0.275769 -0.637142 -0.933102 -0.276560 -0.229860 -0.933102 -0.276559 0.229860 -0.719722 -0.275771 0.637142 -0.719722 -0.275771 0.637142 -0.341465 -0.274378 0.898954 0.115432 -0.272703 0.955148 0.546421 -0.271127 0.792411 0.546421 -0.271127 0.792411 0.852452 -0.269991 0.447694 0.962983 -0.269564 0.000000 0.852451 0.269991 -0.447696 0.546421 0.271126 -0.792411 0.546421 0.271126 -0.792411 0.546422 -0.271127 -0.792410 0.115439 -0.272702 -0.955148 0.115439 0.272703 -0.955148 -0.341467 -0.274375 -0.898954 -0.341468 0.274375 -0.898954 -0.341468 0.274375 -0.898954 -0.341467 -0.274375 -0.898954 -0.719724 0.275769 -0.637141 -0.933102 0.276560 -0.229859 -0.933102 0.276559 0.229860 
						-0.719723 0.275768 0.637143 -0.341465 -0.274378 0.898954 -0.341465 0.274375 0.898955 -0.341465 0.274375 0.898955 -0.341465 -0.274378 0.898954 0.115432 -0.272703 0.955148 0.115432 0.272702 0.955149 0.546421 -0.271127 0.792411 0.546420 0.271127 0.792411 0.546420 0.271127 0.792411 0.852452 0.269991 0.447696 0.962983 0.269564 0.000000 0.736513 0.555126 -0.386502 0.471888 0.556924 -0.683489 0.471888 0.556924 -0.683489 0.546421 0.271126 -0.792411 0.115439 0.272703 -0.955148 0.100013 0.559449 -0.822809 -0.341468 0.274375 -0.898954 -0.293190 0.562115 -0.773347 -0.719724 0.275769 -0.637141 -0.617897 0.564323 -0.547487 -0.617897 0.564323 -0.547487 -0.800733 0.565568 -0.197382 -0.800734 0.565567 0.197383 -0.617896 0.564324 0.547489 -0.617896 0.564324 0.547489 -0.719723 0.275768 0.637143 -0.341465 0.274375 0.898955 -0.293190 0.562117 0.773346 0.115432 0.272702 0.955149 0.100012 0.559448 0.822810 0.546420 0.271127 0.792411 0.471887 0.556923 0.683491 0.471887 0.556923 0.683491 0.736512 0.555126 0.386503 0.832203 0.554471 0.000001 0.757875 0.517498 -0.397267 0.486112 0.519238 -0.702913 0.486112 0.519238 -0.702913 0.103737 0.521732 -0.846779 -0.301143 0.524367 -0.796462 -0.635953 0.526541 -0.564197 -0.635953 0.526541 -0.564197 -0.824663 0.527754 -0.203486 -0.824664 0.527753 0.203487 -0.635952 0.526543 0.564196 -0.635952 0.526543 0.564196 -0.301150 0.524373 0.796456 0.103739 0.521731 0.846779 0.486113 0.519235 0.702915 0.486113 0.519235 0.702915 0.757871 0.517502 0.397270 0.856048 0.516896 0.000000 0.000000 -1.000000 0.000004 0.000000 -1.000000 -0.000003 0.000000 -1.000000 0.000001 0.000000 -1.000000 0.000004 0.000000 -1.000000 0.000003 0.000000 -1.000000 0.000000 0.000000 -1.000000 0.000000 0.000000 -1.000000 0.000000 0.000000 -1.000000 0.000000 0.000000 -1.000000 -0.000002 
						0.000000 -1.000000 -0.000002 0.000000 -1.000000 0.000000 0.000000 -1.000000 0.000006 0.000000 -1.000000 0.000000 0.333019 0.926599 -0.174679 0.213927 0.926474 -0.309646 -0.000535 1.000000 0.000000 0.045603 0.926300 -0.374017 -0.133617 0.926108 -0.352804 -0.282597 0.925946 -0.250527 -0.366884 0.925857 -0.090475 -0.366877 0.925859 0.090476 -0.282597 0.925946 0.250527 -0.133617 0.926108 0.352803 0.045612 0.926300 0.374016 0.213922 0.926475 0.309646 0.333021 0.926598 0.174679 0.375936 0.926646 0.000000 
					</float_array>
					<technique_common>
						<accessor count="146" offset="0" source="#meshId39-normals-array" stride="3">
							<param name="X" type="float" />
							<param name="Y" type="float" />
							<param name="Z" type="float" />
						</accessor>
					</technique_common>
				</source>
				<source id="meshId39-tangents" name="meshId39-tangents">
					<float_array id="meshId39-tangents-array" count="438"> 
						0.631175 0.767288 -0.113521 0.685073 0.720944 -0.104471 0.730612 0.648278 -0.214340 0.681172 0.700822 -0.211785 0.890768 0.386983 0.238281 0.903382 0.374076 0.209686 0.995102 0.091465 0.037496 0.994655 0.092683 0.045506 0.960211 -0.257585 -0.107911 0.952870 -0.278955 -0.119257 0.831968 -0.505643 -0.228373 0.806518 -0.534672 -0.252300 -0.183448 0.715727 -0.673857 -0.260379 0.690502 -0.674840 -0.418068 0.607939 -0.675003 -0.368025 0.634957 -0.679255 -0.636819 0.514863 -0.573915 -0.604531 0.547871 -0.578256 -0.828321 0.358565 -0.430482 -0.811818 0.395510 -0.429562 0.807002 -0.532283 0.255779 0.832090 -0.504943 0.229474 0.960119 -0.258199 0.107258 0.952808 -0.279315 0.118913 0.995227 0.089176 -0.039633 0.994817 0.089634 -0.047999 0.903341 0.374330 -0.209408 0.890651 0.387759 -0.237454 0.679548 0.701779 0.213824 0.713372 0.659060 0.238204 0.671566 0.727142 0.142346 0.632027 0.766920 0.111246 0.671767 0.740284 0.026622 0.622672 0.782475 -0.003393 0.279206 0.959092 -0.046765 0.321981 0.941440 -0.100090 0.812739 0.400070 0.423555 0.990614 0.102460 0.090472 0.911235 -0.331025 -0.245098 0.641621 -0.614743 -0.458708 0.241030 0.761393 -0.601818 -0.055840 0.742864 -0.667109 -0.359365 0.693439 -0.624499 -0.626801 0.652725 -0.425525 0.644742 -0.605880 0.466066 0.911839 -0.328648 0.246050 0.990861 0.099172 -0.091434 0.812130 0.402694 -0.422235 0.324235 0.940852 0.098335 0.283511 0.958214 0.038039 0.269554 0.962946 -0.008683 -0.280737 0.958791 0.043669 -0.313259 0.943637 0.106855 0.153701 -0.962544 -0.223350 -0.154127 -0.962544 0.223058 -0.032977 -0.962099 0.270701 0.032464 -0.962098 -0.270764 0.097188 -0.961623 0.256586 -0.097671 -0.961623 -0.256402 0.717974 0.693384 -0.061091 0.529029 0.734442 -0.425115 0.624481 0.658140 -0.420565 0.359429 0.696886 -0.620613 0.054021 0.739734 -0.670727 
						-0.244650 0.758117 -0.604487 -0.718757 0.692523 -0.061646 -0.529669 0.733931 -0.425200 -0.097670 -0.961623 0.256403 0.097188 -0.961622 -0.256589 -0.032975 -0.962098 -0.270702 0.032462 -0.962098 0.270763 -0.154127 -0.962544 -0.223058 0.153702 -0.962544 0.223351 -0.311257 0.944123 -0.108403 -0.276162 0.959654 -0.052900 -0.269554 0.962946 -0.008737 -0.560284 0.820798 0.111229 -0.599954 0.770900 0.213935 0.873261 -0.401984 0.275362 0.811974 -0.403359 0.421900 0.990941 -0.098047 0.091772 0.993887 -0.095028 0.056196 0.910834 0.332590 -0.244469 0.943414 0.301202 -0.138734 0.643494 0.609461 -0.463112 0.773766 0.560073 -0.295981 0.786146 0.455216 -0.418035 0.561099 0.592776 -0.577740 0.305188 0.668710 -0.678002 0.099530 0.746858 -0.657493 0.773456 0.561415 0.294243 0.640961 0.616575 0.457170 0.910338 0.334517 0.243689 0.943358 0.301481 0.138510 0.990707 -0.101248 -0.090822 0.993698 -0.098222 -0.054000 0.812384 -0.401610 -0.422780 0.873136 -0.402730 -0.274666 -0.603373 0.769250 -0.210228 -0.560745 0.820634 -0.110116 -0.554471 0.832203 -0.000174 -0.516248 0.848018 0.119809 -0.552710 0.805711 0.212938 0.863548 -0.408830 0.295201 0.992887 -0.104334 0.057353 0.940005 0.303667 -0.155491 0.757279 0.566587 -0.324820 0.770147 0.479788 -0.420331 0.535556 0.612812 -0.581069 0.278273 0.691758 -0.666360 0.080537 0.772371 -0.630045 0.757204 0.566910 0.324431 0.939692 0.305205 0.154368 0.992735 -0.106498 -0.056003 0.863301 -0.410196 -0.294024 -0.569514 0.798310 -0.195845 -0.528111 0.844159 -0.092164 -0.516798 0.855886 0.019473 1.000000 0.000000 0.000720 1.000000 -0.000000 0.000404 1.000000 0.000000 0.000161 0.999999 -0.000000 -0.001504 0.999991 -0.000000 -0.004129 0.999998 0.000000 -0.002010 1.000000 0.000000 0.000247 1.000000 0.000000 0.000028 0.999998 0.000000 0.002176 0.999990 -0.000000 0.004407 
						0.999998 -0.000000 0.001903 1.000000 0.000000 -0.000387 1.000000 0.000000 0.000015 1.000000 0.000000 0.000229 0.941084 -0.338172 0.000282 0.974614 -0.223863 0.003529 1.000000 0.000535 0.000036 0.998790 -0.049169 0.000008 0.990185 0.139483 -0.008871 0.956862 0.290488 -0.005709 0.929664 0.368407 0.000148 0.929671 0.368391 -0.000038 0.956866 0.290472 0.005773 0.990185 0.139483 0.008870 0.998788 -0.049219 0.000092 0.974605 -0.223904 -0.003385 0.941081 -0.338180 -0.000245 0.926646 -0.375936 0.000000 
					</float_array>
					<technique_common>
						<accessor count="146" offset="0" source="#meshId39-tangents-array" stride="3">
							<param name="X" type="float" />
							<param name="Y" type="float" />
							<param name="Z" type="float" />
						</accessor>
					</technique_common>
				</source>
				<source id="meshId39-bitangents" name="meshId39-bitangents">
					<float_array id="meshId39-bitangents-array" count="438"> 
						0.349598 -0.150772 0.924689 0.317892 -0.166827 0.933335 0.538201 -0.353607 0.765050 0.582580 -0.343667 0.736542 0.099643 -0.677866 0.728401 0.085765 -0.636686 0.766339 0.041465 -0.730541 0.681608 0.043076 -0.773032 0.632903 -0.103547 -0.687224 0.719028 -0.127371 -0.724624 0.677272 -0.090097 -0.529277 0.843652 -0.115145 -0.560637 0.820017 0.793773 -0.296520 -0.531037 0.795293 -0.242930 -0.555422 0.567148 -0.405771 -0.716724 0.547887 -0.442145 -0.710160 0.301503 -0.518797 -0.799966 0.264888 -0.546351 -0.794566 0.119076 -0.638141 -0.760656 0.068435 -0.666147 -0.742674 0.111714 0.562899 0.818941 0.088999 0.529929 0.843359 0.104410 0.686985 0.719131 0.127848 0.724480 0.677336 -0.038346 0.730828 0.681484 -0.039156 0.773392 0.632717 -0.086112 0.636552 0.766411 -0.100661 0.677428 0.728669 -0.584470 0.341720 0.735950 -0.560840 0.333110 0.757955 -0.345499 0.137365 0.928311 -0.348047 0.152658 0.924964 -0.017889 -0.019715 0.999646 0.002113 0.002655 0.999994 0.442007 -0.085134 0.892963 0.773144 -0.200450 0.601721 0.202182 -0.875462 0.438962 0.073193 -0.956627 0.281970 -0.230328 -0.902851 0.363054 -0.265181 -0.738946 0.619384 0.651078 -0.586713 -0.481524 0.355250 -0.609645 -0.708611 0.013317 -0.665325 -0.746435 -0.298531 -0.705621 -0.642634 0.257504 0.746230 0.613866 0.227929 0.903719 0.362410 -0.069790 0.956973 0.281658 -0.204620 0.874259 0.440230 -0.772202 0.203195 0.602010 -0.439257 0.094500 0.893377 0.002341 0.008362 0.999962 0.441037 0.088460 0.893119 0.776719 0.189842 0.600556 -0.823286 0.000248 -0.567627 -0.823206 0.000248 -0.567743 -0.992767 0.000248 -0.120057 -0.992784 0.000248 -0.119917 -0.934855 0.000248 0.355028 -0.934805 0.000248 0.355162 0.606558 -0.666286 -0.433762 0.776871 -0.620736 -0.105635 0.303349 -0.700573 -0.645892 -0.011451 -0.661713 -0.749670 -0.355531 -0.613440 -0.705188 
						-0.649727 -0.590941 -0.478167 -0.605632 -0.667179 -0.433684 -0.776436 -0.621340 -0.105284 0.934806 -0.000248 0.355159 0.934856 -0.000248 0.355027 0.992768 -0.000248 -0.120049 0.992785 -0.000248 -0.119909 0.823207 -0.000249 -0.567742 0.823287 -0.000249 -0.567626 -0.777524 -0.187410 0.600278 -0.443915 -0.078542 0.892620 -0.002355 0.008413 0.999962 0.378986 0.134630 0.915557 0.646047 0.309109 0.697907 -0.121396 -0.726804 -0.676032 -0.205238 -0.873952 -0.440551 -0.068623 -0.957089 -0.281551 -0.046751 -0.823399 -0.565533 0.231907 -0.902276 -0.363479 0.154950 -0.770262 -0.618617 0.260601 -0.743309 -0.616099 0.139604 -0.606513 -0.782721 0.013318 -0.688708 -0.724917 -0.209748 -0.573367 -0.791995 -0.515447 -0.482660 -0.708063 -0.779935 -0.351771 -0.517647 -0.141320 0.605270 -0.783375 -0.266774 0.737419 -0.620520 -0.233853 0.901564 -0.364000 -0.155290 0.770152 -0.618669 0.071940 0.956756 -0.281855 0.050608 0.823025 -0.565746 0.203613 0.874757 -0.439707 0.122294 0.726392 -0.676313 -0.642856 -0.313196 0.699031 -0.378306 -0.135628 0.915691 -0.000097 0.000144 1.000000 0.398890 0.114288 0.909849 0.676910 0.284995 0.678654 -0.134093 -0.750499 -0.647124 -0.058425 -0.846706 -0.528844 0.160325 -0.795503 -0.584355 0.148635 -0.633825 -0.759061 0.049373 -0.701825 -0.710636 -0.181963 -0.588165 -0.788005 -0.492437 -0.492898 -0.717327 -0.767515 -0.355240 -0.533597 -0.149021 0.633534 -0.759228 -0.162136 0.794911 -0.584661 0.060962 0.846437 -0.528988 0.135666 0.749756 -0.647658 -0.662833 -0.305117 0.683780 -0.383054 -0.139954 0.913062 0.010065 -0.016670 0.999810 -0.000720 0.000004 1.000000 -0.000404 -0.000003 1.000000 -0.000161 0.000001 1.000000 0.001504 0.000004 0.999999 0.004129 0.000003 0.999991 0.002010 0.000000 0.999998 -0.000247 0.000000 1.000000 -0.000028 0.000000 1.000000 -0.002176 0.000000 0.999998 -0.004407 -0.000002 0.999990 
						-0.001903 -0.000002 0.999998 0.000387 0.000000 1.000000 -0.000015 0.000006 1.000000 -0.000229 0.000000 1.000000 -0.058810 -0.164482 -0.984625 -0.066049 -0.302540 -0.950845 0.000036 0.000000 -1.000000 -0.018383 -0.373565 -0.927422 0.040995 -0.350526 -0.935655 0.067488 -0.241333 -0.968093 0.033469 -0.084057 -0.995899 -0.033365 0.084099 -0.995899 -0.067426 0.241352 -0.968092 -0.040996 0.350525 -0.935656 0.018494 0.373558 -0.927422 0.066194 0.302507 -0.950846 0.058846 0.164469 -0.984625 0.000000 0.000000 -1.000000 
					</float_array>
					<technique_common>
						<accessor count="146" offset="0" source="#meshId39-bitangents-array" stride="3">
							<param name="X" type="float" />
							<param name="Y" type="float" />
							<param name="Z" type="float" />
						</accessor>
					</technique_common>
				</source>
				<source id="meshId39-tex0" name="meshId39-tex0">
					<float_array id="meshId39-tex0-array" count="292"> 
						0.439112 0.653734 0.434763 0.654722 0.433814 0.650462 0.438131 0.648235 0.349906 0.197185 0.348007 0.201078 0.344162 0.199602 0.344512 0.195191 0.340169 0.200089 0.338690 0.195903 0.336794 0.202445 0.333939 0.199133 0.737552 0.153871 0.733060 0.155436 0.730718 0.151751 0.734400 0.149238 0.727713 0.148299 0.730708 0.144998 0.724386 0.145472 0.726554 0.141239 0.333942 0.217382 0.336796 0.214068 0.340172 0.216424 0.338694 0.220610 0.344165 0.216909 0.344516 0.221320 0.348010 0.215432 0.349909 0.219325 0.438128 0.670485 0.433812 0.668256 0.434762 0.663997 0.439111 0.664986 0.435014 0.659360 0.439349 0.659360 0.442636 0.653075 0.442161 0.646670 0.351557 0.193928 0.344873 0.191542 0.337403 0.192460 0.331498 0.196382 0.741328 0.152214 0.737290 0.147178 0.733147 0.142419 0.728715 0.137726 0.331502 0.220133 0.337408 0.224053 0.344879 0.224968 0.351562 0.222581 0.442158 0.672051 0.442635 0.665646 0.442757 0.659360 0.446418 0.653064 0.446777 0.646645 0.331498 0.000001 0.335406 0.000000 0.335408 0.006664 0.331499 0.006665 0.335409 0.013328 0.331501 0.013329 0.748786 0.154608 0.745798 0.157207 0.744460 0.149500 0.740081 0.144756 0.735931 0.139989 
						0.731835 0.134998 0.724385 0.132611 0.727370 0.130010 0.437907 0.000000 0.441815 0.000001 0.441814 0.006665 0.437906 0.006664 0.441813 0.013329 0.437905 0.013328 0.446774 0.672077 0.446417 0.665657 0.446353 0.659361 0.449961 0.653703 0.450736 0.648148 0.215295 0.452922 0.216925 0.456188 0.210123 0.458588 0.209770 0.454933 0.202459 0.457645 0.203740 0.454195 0.196443 0.453681 0.198867 0.450915 0.746617 0.146049 0.742543 0.142171 0.738829 0.137905 0.735550 0.133337 0.198868 0.431337 0.196444 0.428571 0.202460 0.424606 0.203741 0.428057 0.210125 0.423665 0.209771 0.427319 0.216926 0.426064 0.215296 0.429331 0.450734 0.670574 0.449960 0.665019 0.449795 0.659361 0.453782 0.654314 0.454551 0.649550 0.213905 0.449467 0.209504 0.451154 0.204958 0.450600 0.201095 0.447901 0.748787 0.142679 0.745235 0.139403 0.741941 0.135620 0.739186 0.131651 0.201095 0.434351 0.204959 0.431652 0.209505 0.431098 0.213905 0.432786 0.454549 0.669173 0.453781 0.664409 0.453591 0.659362 0.348007 0.201078 0.350818 0.204200 0.343140 0.208256 0.344162 0.199602 0.340169 0.200089 0.336794 0.202445 0.334820 0.206161 0.334820 0.210353 0.336796 0.214068 0.340172 0.216424 
						0.344165 0.216909 0.348010 0.215432 0.350820 0.212309 0.351831 0.208254 0.217194 0.445838 0.213905 0.449467 0.208377 0.441126 0.209504 0.451154 0.204958 0.450600 0.201095 0.447901 0.198781 0.443569 0.198782 0.438682 0.201095 0.434351 0.204959 0.431652 0.209505 0.431098 0.213905 0.432786 0.217194 0.436415 0.218377 0.441126 
					</float_array>
					<technique_common>
						<accessor count="146" offset="0" source="#meshId39-tex0-array" stride="2">
							<param name="S" type="float" />
							<param name="T" type="float" />
						</accessor>
					</technique_common>
				</source>
				<vertices id="meshId39-vertices">
					<input semantic="POSITION" source="#meshId39-positions" />
				</vertices>
				<polylist count="156" material="defaultMaterial">
					<input offset="0" semantic="VERTEX" source="#meshId39-vertices" />
					<input offset="0" semantic="NORMAL" source="#meshId39-normals" />
					<input offset="0" semantic="TANGENT" source="#meshId39-tangents" />
					<input offset="0" semantic="BINORMAL" source="#meshId39-bitangents" />
					<input offset="0" semantic="TEXCOORD" source="#meshId39-tex0" set="0" />
					<vcount>
						3 3 3 3 3 3 3 3 3 3 3 3 3 3 3 3 3 3 3 3 3 3 3 3 3 3 3 3 3 3 3 3 3 3 3 3 3 3 3 3 3 3 3 3 3 3 3 3 3 3 3 3 3 3 3 3 3 3 3 3 3 3 3 3 
						3 3 3 3 3 3 3 3 3 3 3 3 3 3 3 3 3 3 3 3 3 3 3 3 3 3 3 3 3 3 3 3 3 3 3 3 3 3 3 3 3 3 3 3 3 3 3 3 3 3 3 3 3 3 3 3 3 3 3 3 3 3 3 3 
						3 3 3 3 3 3 3 3 3 3 3 3 3 3 3 3 3 3 3 3 3 3 3 3 3 3 3 3 
					</vcount>
					<p>
						0 1 2 2 3 0 4 5 6 6 7 4 7 6 8 8 9 7 9 8 10 10 11 9 12 13 14 14 15 12 15 14 16 16 17 15 17 16 18 18 19 17 20 21 22 22 23 20 23 22 24 24 25 23 25 24 26 26 27 25 28 29 30 30 31 28 31 30 32 32 33 31 33 32 1 1 0 33 34 0 3 3 35 34 36 4 7 7 37 36 37 7 9 9 38 37 38 9 11 11 39 38 40 12 15 15 41 40 41 15 17 17 42 41 42 17 19 19 43 42 44 20 23 23 45 44 45 23 25 25 46 45 46 25 27 27 47 46 48 28 31 31 49 48 49 31 33 33 50 49 50 33 0 0 34 50 51 34 35 35 52 51 53 54 55 55 56 53 56 55 57 57 58 56 59 60 40 40 61 59 61 40 41 41 62 61 62 41 42 42 63 62 
						63 42 43 43 64 63 64 43 65 65 66 64 67 68 69 69 70 67 70 69 71 71 72 70 73 48 49 49 74 73 74 49 50 50 75 74 75 50 34 34 51 75 76 51 52 52 77 76 78 79 80 80 81 78 81 80 82 82 83 81 83 82 84 84 85 83 86 61 62 62 87 86 87 62 63 63 88 87 88 63 64 64 89 88 90 91 92 92 93 90 93 92 94 94 95 93 95 94 96 96 97 95 98 73 74 74 99 98 99 74 75 75 100 99 100 75 51 51 76 100 101 76 77 77 102 101 103 78 81 81 104 103 104 81 83 83 105 104 105 83 85 85 106 105 107 86 87 87 108 107 108 87 88 88 109 108 109 88 89 89 110 109 111 90 93 93 112 111 112 93 95 95 113 112 113 95 97 97 114 113 115 98 99 99 116 115 116 99 100 100 117 116 
						117 100 76 76 101 117 118 119 120 121 118 120 122 121 120 123 122 120 124 123 120 125 124 120 126 125 120 127 126 120 128 127 120 129 128 120 130 129 120 131 130 120 119 131 120 132 133 134 133 135 134 135 136 134 136 137 134 137 138 134 138 139 134 139 140 134 140 141 134 141 142 134 142 143 134 143 144 134 144 145 134 145 132 134 
					</p>
				</polylist>
			</mesh>
		</geometry>
		<geometry id="meshId40" name="meshId40_name" >
			<mesh>
				<source id="meshId40-positions" name="meshId40-positions">
					<float_array id="meshId40-positions-array" count="423"> 
						-17.733683 10.597502 31.682858 -17.763220 10.545114 31.698620 -17.794104 10.545114 31.663759 -17.775331 10.597502 31.635847 -17.775331 10.597502 31.635847 -17.794104 10.545114 31.663759 -17.837650 10.545114 31.647243 -17.834055 10.597502 31.613575 -17.883884 10.545114 31.652859 -17.896404 10.597502 31.621147 -17.922213 10.545114 31.679314 -17.948092 10.597502 31.656824 -17.948092 10.597502 31.656824 -17.922213 10.545114 31.679314 -17.943857 10.545114 31.720552 -17.977280 10.597502 31.712437 -17.943857 10.545114 31.767126 -17.977280 10.597502 31.775242 -17.922213 10.545114 31.808365 -17.948092 10.597502 31.830854 -17.948092 10.597502 31.830854 -17.922213 10.545114 31.808365 -17.883884 10.545114 31.834820 -17.896404 10.597502 31.866531 -17.837650 10.545114 31.840433 -17.834055 10.597502 31.874104 -17.794104 10.545114 31.823919 -17.775331 10.597502 31.851831 -17.775331 10.597502 31.851831 -17.794104 10.545114 31.823919 -17.763220 10.545114 31.789059 -17.733683 10.597502 31.804819 -17.752075 10.545114 31.743839 -17.718653 10.597502 31.743839 -17.712559 10.645047 31.671585 -17.761904 10.645047 31.615885 -17.761904 10.645047 31.615885 -17.775331 10.597502 31.635847 -17.834055 10.597502 31.613575 -17.831484 10.645047 31.589497 -17.896404 10.597502 31.621147 -17.905357 10.645047 31.598467 -17.905357 10.645047 31.598467 -17.896404 10.597502 31.621147 -17.966600 10.645047 31.640739 -18.001183 10.645047 31.706631 -18.001183 10.645047 31.781048 -17.966600 10.645047 31.846939 -17.896404 10.597502 31.866531 -17.905357 10.645047 31.889212 -17.905357 10.645047 31.889212 -17.896404 10.597502 31.866531 -17.834055 10.597502 31.874104 -17.831484 10.645047 31.898182 -17.775331 10.597502 31.851831 -17.761904 10.645047 31.871794 -17.761904 10.645047 31.871794 -17.712559 10.645047 31.816093 -17.694750 10.645047 31.743839 -17.712559 10.707120 31.671585 -17.761904 10.707120 31.615885 -17.761904 10.707120 31.615885 -17.831484 10.707120 31.589497 -17.905357 10.707120 31.598467 
						-17.905357 10.707120 31.598467 -17.966600 10.707120 31.640739 -18.001183 10.707120 31.706631 -18.001183 10.707120 31.781048 -17.966600 10.707120 31.846939 -17.905357 10.707120 31.889212 -17.905357 10.707120 31.889212 -17.831484 10.707120 31.898182 -17.761904 10.707120 31.871794 -17.761904 10.707120 31.871794 -17.712559 10.707120 31.816093 -17.694750 10.707120 31.743839 -17.733683 10.754665 31.682858 -17.775331 10.754665 31.635847 -17.775331 10.754665 31.635847 -17.834055 10.754665 31.613575 -17.896404 10.754665 31.621147 -17.896404 10.754665 31.621147 -17.948092 10.754665 31.656824 -17.977280 10.754665 31.712437 -17.977280 10.754665 31.775242 -17.948092 10.754665 31.830854 -17.896404 10.754665 31.866531 -17.896404 10.754665 31.866531 -17.834055 10.754665 31.874104 -17.775331 10.754665 31.851831 -17.775331 10.754665 31.851831 -17.733683 10.754665 31.804819 -17.718653 10.754665 31.743839 -17.753338 10.807054 31.693344 -17.787823 10.807054 31.654419 -17.787823 10.807054 31.654419 -17.836449 10.807054 31.635979 -17.888073 10.807054 31.642246 -17.888073 10.807054 31.642246 -17.930872 10.807054 31.671789 -17.955040 10.807054 31.717838 -17.955040 10.807054 31.769840 -17.930872 10.807054 31.815889 -17.888073 10.807054 31.845432 -17.888073 10.807054 31.845432 -17.836449 10.807054 31.851700 -17.787823 10.807054 31.833260 -17.787823 10.807054 31.833260 -17.753338 10.807054 31.794333 -17.740892 10.807054 31.743839 -17.794104 10.545114 31.663759 -17.763220 10.545114 31.698620 -17.849873 10.545114 31.743839 -17.837650 10.545114 31.647243 -17.883884 10.545114 31.652859 -17.922213 10.545114 31.679314 -17.943857 10.545114 31.720552 -17.943857 10.545114 31.767126 -17.922213 10.545114 31.808365 -17.883884 10.545114 31.834820 -17.837650 10.545114 31.840433 -17.794104 10.545114 31.823919 -17.763220 10.545114 31.789059 -17.752075 10.545114 31.743839 -17.753338 10.807054 31.693344 -17.787823 10.807054 31.654419 -17.849873 10.869940 31.743839 -17.836449 10.807054 31.635979 
						-17.888073 10.807054 31.642246 -17.930872 10.807054 31.671789 -17.955040 10.807054 31.717838 -17.955040 10.807054 31.717838 -17.955040 10.807054 31.769840 -17.849873 10.869940 31.743839 -17.955040 10.807054 31.769840 -17.930872 10.807054 31.815889 -17.888073 10.807054 31.845432 -17.836449 10.807054 31.851700 -17.787823 10.807054 31.833260 -17.753338 10.807054 31.794333 -17.740892 10.807054 31.743839 
					</float_array>
					<technique_common>
						<accessor count="141" offset="0" source="#meshId40-positions-array" stride="3">
							<param name="X" type="float" />
							<param name="Y" type="float" />
							<param name="Z" type="float" />
						</accessor>
					</technique_common>
				</source>
				<source id="meshId40-normals" name="meshId40-normals">
					<float_array id="meshId40-normals-array" count="423"> 
						0.771962 -0.489809 -0.405168 0.746325 -0.538484 -0.391196 0.478672 -0.540266 -0.692088 0.494688 -0.491541 -0.716709 0.494688 -0.491541 -0.716709 0.478672 -0.540266 -0.692088 0.102159 -0.542772 -0.833644 0.104776 -0.493973 -0.863141 -0.296401 -0.545407 -0.784014 -0.307833 -0.496528 -0.811603 -0.625907 -0.547581 -0.555335 -0.648825 -0.498638 -0.574792 -0.648825 -0.498638 -0.574792 -0.625907 -0.547581 -0.555335 -0.811601 -0.548809 -0.200282 -0.840962 -0.499821 -0.207274 -0.811598 -0.548815 0.200276 -0.840963 -0.499820 0.207271 -0.625901 -0.547592 0.555329 -0.648825 -0.498645 0.574786 -0.648825 -0.498645 0.574786 -0.625901 -0.547592 0.555329 -0.296403 -0.545409 0.784011 -0.307828 -0.496534 0.811601 0.102155 -0.542769 0.833646 0.104773 -0.493972 0.863142 0.478675 -0.540264 0.692087 0.494687 -0.491540 0.716710 0.494687 -0.491540 0.716710 0.478675 -0.540264 0.692087 0.746323 -0.538486 0.391197 0.771959 -0.489814 0.405168 0.843042 -0.537848 0.000000 0.872178 -0.489189 0.000000 0.868206 -0.195928 -0.455885 0.556673 -0.196781 -0.807089 0.556673 -0.196781 -0.807089 0.494688 -0.491541 -0.716709 0.104776 -0.493973 -0.863141 0.117734 -0.197981 -0.973110 -0.307833 -0.496528 -0.811603 -0.347864 -0.199250 -0.916128 -0.347864 -0.199250 -0.916128 -0.307833 -0.496528 -0.811603 -0.733525 -0.200300 -0.649477 -0.951174 -0.200883 -0.234339 -0.951174 -0.200883 0.234339 -0.733525 -0.200303 0.649477 -0.307828 -0.496534 0.811601 -0.347863 -0.199254 0.916127 -0.347863 -0.199254 0.916127 -0.307828 -0.496534 0.811601 0.104773 -0.493972 0.863142 0.117729 -0.197982 0.973110 0.494687 -0.491540 0.716710 0.556671 -0.196780 0.807091 0.556671 -0.196780 0.807091 0.868206 -0.195929 0.455884 0.980680 -0.195618 0.000000 0.868205 0.195927 -0.455886 0.556673 0.196781 -0.807089 0.556673 0.196781 -0.807089 0.117734 0.197983 -0.973109 -0.347863 0.199248 -0.916129 
						-0.347863 0.199248 -0.916129 -0.733525 0.200301 -0.649477 -0.951173 0.200886 -0.234338 -0.951174 0.200883 0.234339 -0.733525 0.200300 0.649478 -0.347863 0.199250 0.916128 -0.347863 0.199250 0.916128 0.117729 0.197982 0.973110 0.556673 0.196781 0.807089 0.556673 0.196781 0.807089 0.868207 0.195930 0.455882 0.980680 0.195618 -0.000001 0.801848 0.424236 -0.420789 0.514041 0.425869 -0.744578 0.514041 0.425869 -0.744578 0.109018 0.428169 -0.897099 -0.319974 0.430586 -0.843927 -0.319974 0.430586 -0.843927 -0.674805 0.432601 -0.597909 -0.874857 0.433725 -0.215655 -0.874862 0.433715 0.215658 -0.674809 0.432595 0.597909 -0.319972 0.430590 0.843926 -0.319972 0.430590 0.843926 0.109021 0.428168 0.897099 0.514043 0.425868 0.744578 0.514043 0.425868 0.744578 0.801847 0.424240 0.420787 0.905826 0.423650 -0.000001 0.815014 0.391322 -0.427340 0.522906 0.392861 -0.756458 0.522906 0.392861 -0.756458 0.111472 0.395033 -0.911879 -0.324744 0.397331 -0.858294 -0.324744 0.397331 -0.858294 -0.685938 0.399247 -0.608351 -0.889703 0.400323 -0.219478 -0.889705 0.400316 0.219483 -0.685941 0.399241 0.608352 -0.324750 0.397332 0.858292 -0.324750 0.397332 0.858292 0.111482 0.395034 0.911877 0.522910 0.392856 0.756459 0.522910 0.392856 0.756459 0.815011 0.391321 0.427346 0.920488 0.390771 0.000000 0.000000 -1.000000 -0.000003 0.000000 -1.000000 -0.000014 0.000000 -1.000000 0.000001 0.000000 -1.000000 -0.000003 0.000000 -1.000000 0.000000 0.000000 -1.000000 0.000000 0.000000 -1.000000 0.000000 0.000000 -1.000000 0.000000 0.000000 -1.000000 0.000000 0.000000 -1.000000 -0.000003 0.000000 -1.000000 -0.000003 0.000000 -1.000000 0.000000 0.000000 -1.000000 0.000027 0.000000 -1.000000 0.000013 0.442727 0.866058 -0.232241 0.284354 0.865857 -0.411624 -0.000664 1.000000 0.000002 0.060592 0.865562 -0.497122 
						-0.177562 0.865260 -0.468825 -0.375487 0.864995 -0.332855 -0.487447 0.864839 -0.120203 -0.487447 0.864839 -0.120203 -0.487436 0.864844 0.120210 -0.000664 1.000000 0.000002 -0.487436 0.864844 0.120210 -0.375485 0.864989 0.332875 -0.177568 0.865253 0.468835 0.060592 0.865562 0.497122 0.284347 0.865863 0.411617 0.442727 0.866061 0.232232 0.499810 0.866135 0.000000 
					</float_array>
					<technique_common>
						<accessor count="141" offset="0" source="#meshId40-normals-array" stride="3">
							<param name="X" type="float" />
							<param name="Y" type="float" />
							<param name="Z" type="float" />
						</accessor>
					</technique_common>
				</source>
				<source id="meshId40-tangents" name="meshId40-tangents">
					<float_array id="meshId40-tangents-array" count="423"> 
						-0.419896 0.085617 -0.903525 -0.402287 0.103293 -0.909668 -0.691659 0.253506 -0.676271 -0.731668 0.209475 -0.648677 0.857536 0.409993 0.310704 0.869166 0.403086 0.286483 0.993100 0.104165 0.053879 0.992964 0.100124 0.063235 0.943247 -0.295905 -0.150751 0.934430 -0.318357 -0.159653 0.767139 -0.560545 -0.311909 0.741049 -0.585632 -0.328454 -0.743990 0.574237 0.341659 -0.777655 0.492168 0.391182 -0.562079 0.640062 0.523821 -0.524770 0.659997 0.537606 -0.336251 0.719155 0.608072 -0.277365 0.727104 0.628003 -0.163481 0.788350 0.593110 -0.048705 0.781031 0.622590 0.743153 -0.577596 0.337797 0.767453 -0.559165 0.313607 0.942783 -0.298307 0.148907 0.935159 -0.315036 0.161954 0.993457 0.098689 -0.057484 0.993157 0.096996 -0.065045 0.869030 0.403879 -0.285776 0.857283 0.411364 -0.309588 0.716935 -0.235312 -0.656226 0.683678 -0.265208 -0.679889 0.407007 -0.095822 -0.908385 0.427141 -0.072348 -0.901286 0.002344 0.003674 -0.999991 0.002772 0.004942 -0.999984 -0.456126 0.046604 -0.888694 -0.812069 0.075879 -0.578608 0.829362 0.075880 0.553535 0.858401 0.147530 0.491307 0.992840 0.001894 0.119436 0.992600 -0.005889 0.121290 0.950524 -0.123070 -0.285232 0.937394 -0.056405 -0.343672 -0.766330 0.623367 0.155407 -0.881225 0.470410 0.046449 -0.567572 0.706219 0.423222 -0.303160 0.750663 0.587026 -0.011727 0.782194 0.622924 0.256109 0.803689 0.537115 0.156628 0.814938 0.557982 0.445470 0.824678 0.348514 0.937516 -0.066186 0.341589 0.950822 -0.129761 0.281245 0.993489 0.012943 -0.113188 0.992955 0.010252 -0.118044 0.856088 0.133592 -0.499267 0.828087 0.053959 -0.557997 0.802280 -0.124749 -0.583768 0.460286 -0.025184 -0.887413 0.001501 0.007524 -0.999971 -0.461837 -0.016903 -0.886804 -0.805204 -0.111184 -0.582481 0.828674 -0.063199 0.556152 0.993037 -0.019499 0.116178 0.937438 0.059151 -0.343090 
						-0.439115 0.828726 0.346975 -0.252481 0.806902 0.534006 0.011342 0.781453 0.623861 0.303230 0.749909 0.587952 0.568366 0.704775 0.424562 0.776915 0.608214 0.162721 0.937245 0.049188 0.345184 0.992817 -0.002412 -0.119622 0.829836 -0.086616 -0.551244 0.813691 0.066613 -0.577468 0.458138 0.036374 -0.888137 -0.001381 0.006919 -0.999975 -0.438872 -0.059764 -0.896560 -0.747664 -0.203011 -0.632286 0.850991 -0.144315 0.504963 0.993700 -0.023358 0.109609 0.946865 0.114682 -0.300490 -0.175553 0.848386 0.499422 -0.022818 0.797561 0.602806 0.217559 0.749631 0.625077 0.476588 0.691269 0.543150 0.703917 0.620638 0.345411 0.871819 0.482509 0.084360 0.946707 0.110602 0.302510 0.993435 -0.015472 -0.113344 0.852229 -0.155108 -0.499648 0.756858 0.183286 -0.627353 0.434485 0.069477 -0.897996 -0.001842 0.003936 -0.999991 -0.433203 -0.078292 -0.897889 -0.748135 -0.213767 -0.628171 0.848276 -0.152746 0.507047 0.993524 -0.024006 0.111053 0.945392 0.109658 -0.306934 -0.167987 0.868818 0.465763 -0.028589 0.820606 0.570780 0.201906 0.776195 0.597291 0.453028 0.714657 0.532946 0.680449 0.648165 0.341864 0.848161 0.523908 0.078382 0.945371 0.109031 0.307224 0.993483 -0.022396 -0.111757 0.848567 -0.155991 -0.505569 0.751023 0.207394 -0.626859 0.431961 0.081263 -0.898224 -0.001040 0.002450 -0.999996 1.000000 -0.000000 0.000726 1.000000 -0.000000 0.000281 1.000000 0.000000 0.000182 0.999999 0.000000 -0.001172 0.999993 0.000000 -0.003629 0.999999 0.000000 -0.001723 1.000000 0.000000 0.000354 1.000000 0.000000 0.000163 0.999998 0.000000 0.002181 0.999992 -0.000000 0.003948 0.999999 -0.000000 0.001421 1.000000 0.000000 -0.000378 1.000000 0.000000 0.000062 1.000000 0.000000 0.000124 0.890335 -0.455306 -0.000630 0.949416 -0.313987 -0.004609 1.000000 0.000664 0.000033 0.996654 -0.079837 -0.017529 
						0.982779 0.180673 -0.038767 0.923979 0.377493 -0.061326 0.873112 0.481453 -0.076673 0.657353 0.454091 0.601405 0.730748 0.328696 0.598303 0.747231 0.000495 0.664564 0.873116 0.481409 0.076904 0.923991 0.377443 0.061467 0.982786 0.180604 0.038912 0.996654 -0.079839 0.017534 0.949430 -0.313947 0.004536 0.890331 -0.455313 0.000666 0.866135 -0.499810 0.000000 
					</float_array>
					<technique_common>
						<accessor count="141" offset="0" source="#meshId40-tangents-array" stride="3">
							<param name="X" type="float" />
							<param name="Y" type="float" />
							<param name="Z" type="float" />
						</accessor>
					</technique_common>
				</source>
				<source id="meshId40-bitangents" name="meshId40-bitangents">
					<float_array id="meshId40-bitangents-array" count="423"> 
						0.477244 0.867615 -0.139576 0.530250 0.836281 -0.139535 0.540815 0.802401 -0.252334 0.468984 0.845286 -0.256020 0.141122 -0.768306 0.624333 0.124194 -0.738670 0.662527 0.057592 -0.833396 0.549668 0.055185 -0.863693 0.500988 -0.149773 -0.784201 0.602160 -0.179107 -0.807532 0.561971 -0.140495 -0.621245 0.770919 -0.172837 -0.639058 0.749488 0.159702 0.649317 -0.743561 0.059114 0.676702 -0.733880 -0.159285 0.537708 -0.827949 -0.131907 0.560878 -0.817323 -0.477748 0.426168 -0.768204 -0.464596 0.470638 -0.750100 -0.762576 0.280442 -0.582950 -0.759377 0.375958 -0.531039 0.163553 0.646325 0.745328 0.138792 0.622476 0.770234 0.152661 0.783289 0.602622 0.175268 0.808830 0.561315 -0.051071 0.834064 0.549299 -0.051591 0.864051 0.500754 -0.125125 0.738239 0.662833 -0.142653 0.767573 0.624885 0.491212 0.838461 0.235996 0.550867 0.798611 0.242418 0.526638 0.837169 0.147654 0.470776 0.868820 0.153369 0.537843 0.843034 0.004357 0.489181 0.872164 0.005666 0.195366 0.979510 -0.048906 0.175100 0.977507 -0.117560 -0.047683 -0.977507 0.205443 -0.135762 -0.858267 0.494920 -0.057364 -0.869475 0.490635 -0.029744 -0.980188 0.195822 0.041741 -0.859252 0.509847 0.016802 -0.978324 0.206397 0.540119 0.756117 -0.369538 0.358722 0.729503 -0.582360 0.373901 0.679069 -0.631714 0.057986 0.629406 -0.774910 -0.308433 0.589761 -0.746358 -0.629563 0.560324 -0.538226 -0.938461 0.298882 -0.173089 -0.824953 0.529343 -0.198113 -0.007428 0.977710 0.209827 -0.034333 0.858263 0.512060 0.044741 0.869381 0.492112 0.013394 0.980152 0.197794 0.149662 0.860547 0.486888 0.066253 0.978962 0.192988 0.215558 0.972479 0.088428 0.185351 0.980295 0.068319 0.195612 0.980651 0.007672 -0.181455 0.980473 0.075811 -0.204357 0.974123 0.096556 0.058433 -0.978409 -0.198249 0.004027 -0.980011 -0.198900 -0.014170 -0.978162 -0.207359 
						0.828353 0.522986 -0.200790 0.631026 0.555687 -0.541311 0.308449 0.590742 -0.745575 -0.057623 0.630303 -0.774207 -0.372696 0.680568 -0.630813 -0.524780 0.768359 -0.366376 0.023716 0.978713 -0.203857 -0.021336 0.980203 -0.196844 -0.038567 0.976614 -0.211513 -0.167398 0.978182 -0.123037 -0.190595 0.979943 -0.058183 -0.195613 0.980656 0.007055 -0.405501 0.903577 0.138264 -0.420429 0.881715 0.214051 0.107595 -0.893201 -0.436595 0.025976 -0.903397 -0.428018 -0.032604 -0.895234 -0.444402 0.931020 0.307956 -0.195871 0.737643 0.420420 -0.528327 0.432773 0.499936 -0.750181 0.086494 0.577961 -0.811468 -0.221662 0.653965 -0.723323 -0.370877 0.762743 -0.529786 0.036918 0.895745 -0.443032 -0.034650 0.903567 -0.427044 -0.097294 0.891391 -0.442669 -0.403640 0.886026 -0.228105 -0.410201 0.902881 -0.128616 -0.423646 0.905817 0.004346 -0.384821 0.916917 0.105713 -0.408489 0.894407 0.182133 0.083653 -0.906823 -0.413127 0.021979 -0.918353 -0.395151 -0.027835 -0.911100 -0.411245 0.930764 0.295436 -0.215397 0.727098 0.408911 -0.551471 0.409467 0.487097 -0.771410 0.056492 0.573596 -0.817188 -0.257826 0.648451 -0.716266 -0.418522 0.753424 -0.507140 0.028490 0.911175 -0.411034 -0.023725 0.918393 -0.394956 -0.080615 0.906273 -0.414934 -0.403150 0.895909 -0.186595 -0.386221 0.916659 -0.102805 -0.390770 0.920485 0.002662 -0.000726 -0.000003 1.000000 -0.000281 -0.000014 1.000000 -0.000182 0.000001 1.000000 0.001172 -0.000003 0.999999 0.003629 0.000000 0.999993 0.001723 0.000000 0.999999 -0.000354 0.000000 1.000000 -0.000163 0.000000 1.000000 -0.002181 0.000000 0.999998 -0.003948 -0.000003 0.999992 -0.001421 -0.000003 0.999999 0.000378 0.000000 1.000000 -0.000062 0.000027 1.000000 -0.000124 0.000013 1.000000 -0.106286 -0.206493 -0.972658 -0.133235 -0.389492 -0.911342 0.000033 0.000002 -1.000000 -0.054861 -0.494397 -0.867503 
						0.051160 -0.467635 -0.882440 0.072604 -0.330578 -0.940982 -0.008438 -0.142325 -0.989784 0.574702 0.214137 -0.789850 0.477927 0.379478 -0.792201 0.664564 0.000443 -0.747231 0.008640 0.142443 -0.989765 -0.072473 0.330653 -0.940965 -0.051005 0.467674 -0.882428 0.054866 0.494396 -0.867503 0.133154 0.389511 -0.911346 0.106315 0.206469 -0.972660 0.000000 0.000000 -1.000000 
					</float_array>
					<technique_common>
						<accessor count="141" offset="0" source="#meshId40-bitangents-array" stride="3">
							<param name="X" type="float" />
							<param name="Y" type="float" />
							<param name="Z" type="float" />
						</accessor>
					</technique_common>
				</source>
				<source id="meshId40-tex0" name="meshId40-tex0">
					<float_array id="meshId40-tex0-array" count="282"> 
						0.729042 0.602796 0.728114 0.597751 0.732062 0.597023 0.734144 0.602021 0.555803 0.001845 0.553735 0.006398 0.550191 0.005041 0.550611 0.000000 0.546501 0.005491 0.544807 0.000713 0.543390 0.007659 0.540219 0.003752 0.646280 0.481819 0.643312 0.477263 0.646173 0.474413 0.649843 0.477974 0.648799 0.471124 0.653084 0.473914 0.650945 0.467703 0.656044 0.469589 0.540223 0.022252 0.543392 0.018344 0.546504 0.020511 0.544812 0.025290 0.550194 0.020960 0.550616 0.026000 0.553737 0.019602 0.555808 0.024154 0.713600 0.602024 0.715680 0.597026 0.719628 0.597752 0.718702 0.602797 0.723871 0.597962 0.723872 0.603000 0.729674 0.607061 0.735615 0.606683 0.859266 0.243686 0.858389 0.248127 0.853138 0.247869 0.853219 0.243549 0.847873 0.248012 0.847162 0.243640 0.645132 0.489651 0.642533 0.485485 0.649152 0.485240 0.652917 0.480797 0.656518 0.476287 0.660017 0.471633 0.658791 0.465123 0.663428 0.466735 0.257832 0.299179 0.258545 0.294807 0.263809 0.294951 0.263889 0.299271 0.269060 0.294696 0.269936 0.299137 0.712130 0.606686 0.718072 0.607063 0.723873 0.607164 0.729687 0.612065 0.735640 0.612378 0.859230 0.238357 0.853203 0.238550 0.847163 0.238503 
						0.649804 0.493339 0.653144 0.488413 0.656658 0.483780 0.660255 0.479275 0.663995 0.474822 0.668059 0.470475 0.257832 0.304316 0.263872 0.304270 0.269898 0.304466 0.712107 0.612381 0.718060 0.612067 0.723873 0.611995 0.729082 0.616349 0.734227 0.616969 0.858270 0.233902 0.853094 0.234239 0.847901 0.234130 0.654562 0.494936 0.657079 0.490413 0.660105 0.486159 0.663338 0.482110 0.666817 0.478217 0.670670 0.474761 0.258568 0.308690 0.263761 0.308581 0.268937 0.308921 0.713522 0.616972 0.718666 0.616350 0.723874 0.616194 0.728497 0.621018 0.732895 0.621604 0.857369 0.229248 0.852990 0.229556 0.848598 0.229462 0.659179 0.496583 0.661277 0.492664 0.663956 0.488802 0.666768 0.485281 0.669941 0.481813 0.673299 0.478898 0.259263 0.313357 0.263656 0.313265 0.268035 0.313574 0.714855 0.621607 0.719252 0.621019 0.723875 0.620851 0.553735 0.006398 0.556316 0.009270 0.549243 0.013000 0.550191 0.005041 0.546501 0.005491 0.543390 0.007659 0.541578 0.011075 0.541579 0.014929 0.543392 0.018344 0.546504 0.020511 0.550194 0.020960 0.553737 0.019602 0.556317 0.016728 0.557246 0.012999 0.885352 0.304587 0.882305 0.308092 0.876772 0.300066 0.878011 0.309803 
						0.873461 0.309358 0.869706 0.306904 0.867625 0.303071 0.663956 0.488802 0.666768 0.485281 0.673298 0.493377 0.867625 0.297059 0.869706 0.293227 0.873461 0.290773 0.878012 0.290329 0.882305 0.292039 0.885352 0.295545 0.886451 0.300066 
					</float_array>
					<technique_common>
						<accessor count="141" offset="0" source="#meshId40-tex0-array" stride="2">
							<param name="S" type="float" />
							<param name="T" type="float" />
						</accessor>
					</technique_common>
				</source>
				<vertices id="meshId40-vertices">
					<input semantic="POSITION" source="#meshId40-positions" />
				</vertices>
				<polylist count="156" material="defaultMaterial">
					<input offset="0" semantic="VERTEX" source="#meshId40-vertices" />
					<input offset="0" semantic="NORMAL" source="#meshId40-normals" />
					<input offset="0" semantic="TANGENT" source="#meshId40-tangents" />
					<input offset="0" semantic="BINORMAL" source="#meshId40-bitangents" />
					<input offset="0" semantic="TEXCOORD" source="#meshId40-tex0" set="0" />
					<vcount>
						3 3 3 3 3 3 3 3 3 3 3 3 3 3 3 3 3 3 3 3 3 3 3 3 3 3 3 3 3 3 3 3 3 3 3 3 3 3 3 3 3 3 3 3 3 3 3 3 3 3 3 3 3 3 3 3 3 3 3 3 3 3 3 3 
						3 3 3 3 3 3 3 3 3 3 3 3 3 3 3 3 3 3 3 3 3 3 3 3 3 3 3 3 3 3 3 3 3 3 3 3 3 3 3 3 3 3 3 3 3 3 3 3 3 3 3 3 3 3 3 3 3 3 3 3 3 3 3 3 
						3 3 3 3 3 3 3 3 3 3 3 3 3 3 3 3 3 3 3 3 3 3 3 3 3 3 3 3 
					</vcount>
					<p>
						0 1 2 2 3 0 4 5 6 6 7 4 7 6 8 8 9 7 9 8 10 10 11 9 12 13 14 14 15 12 15 14 16 16 17 15 17 16 18 18 19 17 20 21 22 22 23 20 23 22 24 24 25 23 25 24 26 26 27 25 28 29 30 30 31 28 31 30 32 32 33 31 33 32 1 1 0 33 34 0 3 3 35 34 36 37 38 38 39 36 39 38 40 40 41 39 42 43 12 12 44 42 44 12 15 15 45 44 45 15 17 17 46 45 46 17 19 19 47 46 47 19 48 48 49 47 50 51 52 52 53 50 53 52 54 54 55 53 56 28 31 31 57 56 57 31 33 33 58 57 58 33 0 0 34 58 59 34 35 35 60 59 61 36 39 39 62 61 62 39 41 41 63 62 64 42 44 44 65 64 65 44 45 45 66 65 66 45 46 46 67 66 
						67 46 47 47 68 67 68 47 49 49 69 68 70 50 53 53 71 70 71 53 55 55 72 71 73 56 57 57 74 73 74 57 58 58 75 74 75 58 34 34 59 75 76 59 60 60 77 76 78 61 62 62 79 78 79 62 63 63 80 79 81 64 65 65 82 81 82 65 66 66 83 82 83 66 67 67 84 83 84 67 68 68 85 84 85 68 69 69 86 85 87 70 71 71 88 87 88 71 72 72 89 88 90 73 74 74 91 90 91 74 75 75 92 91 92 75 59 59 76 92 93 76 77 77 94 93 95 78 79 79 96 95 96 79 80 80 97 96 98 81 82 82 99 98 99 82 83 83 100 99 100 83 84 84 101 100 101 84 85 85 102 101 102 85 86 86 103 102 104 87 88 88 105 104 105 88 89 89 106 105 107 90 91 91 108 107 108 91 92 92 109 108 
						109 92 76 76 93 109 110 111 112 113 110 112 114 113 112 115 114 112 116 115 112 117 116 112 118 117 112 119 118 112 120 119 112 121 120 112 122 121 112 123 122 112 111 123 112 124 125 126 125 127 126 127 128 126 128 129 126 129 130 126 131 132 133 134 135 126 135 136 126 136 137 126 137 138 126 138 139 126 139 140 126 140 124 126 
					</p>
				</polylist>
			</mesh>
		</geometry>
	</library_geometries>
	<library_visual_scenes>
		<visual_scene id="lamp_test_uv_Renee.obj" name="lamp_test_uv_Renee.obj">
			<node id="default" name="default">
				<matrix>1.000000 0.000000 0.000000 0.000000 0.000000 1.000000 0.000000 0.000000 0.000000 0.000000 1.000000 0.000000 0.000000 0.000000 0.000000 1.000000</matrix>
			</node>
			<node id="pasted__pasted__pasted__pasted__pasted__pasted__pasted__pasted__pCylinder26 lamps_2" name="pasted__pasted__pasted__pasted__pasted__pasted__pasted__pasted__pCylinder26 lamps_2">
				<matrix>1.000000 0.000000 0.000000 0.000000 0.000000 1.000000 0.000000 0.000000 0.000000 0.000000 1.000000 0.000000 0.000000 0.000000 0.000000 1.000000</matrix>
				<instance_geometry url="#meshId0">
					<bind_material>
						<technique_common>
							<instance_material symbol="defaultMaterial" target="#1001" />
						</technique_common>
					</bind_material>
				</instance_geometry>
			</node>
			<node id="default" name="default">
				<matrix>1.000000 0.000000 0.000000 0.000000 0.000000 1.000000 0.000000 0.000000 0.000000 0.000000 1.000000 0.000000 0.000000 0.000000 0.000000 1.000000</matrix>
			</node>
			<node id="lamps_2 pasted__pasted__pasted__pasted__pasted__pasted__pasted__pasted__pasted__pCylinder25" name="lamps_2 pasted__pasted__pasted__pasted__pasted__pasted__pasted__pasted__pasted__pCylinder25">
				<matrix>1.000000 0.000000 0.000000 0.000000 0.000000 1.000000 0.000000 0.000000 0.000000 0.000000 1.000000 0.000000 0.000000 0.000000 0.000000 1.000000</matrix>
				<instance_geometry url="#meshId1">
					<bind_material>
						<technique_common>
							<instance_material symbol="defaultMaterial" target="#1001" />
						</technique_common>
					</bind_material>
				</instance_geometry>
			</node>
			<node id="lamps_2 pasted__pasted__pasted__pasted__pasted__pasted__pasted__pasted__pasted__pasted__pCylinder19" name="lamps_2 pasted__pasted__pasted__pasted__pasted__pasted__pasted__pasted__pasted__pasted__pCylinder19">
				<matrix>1.000000 0.000000 0.000000 0.000000 0.000000 1.000000 0.000000 0.000000 0.000000 0.000000 1.000000 0.000000 0.000000 0.000000 0.000000 1.000000</matrix>
				<instance_geometry url="#meshId2">
					<bind_material>
						<technique_common>
							<instance_material symbol="defaultMaterial" target="#1001" />
						</technique_common>
					</bind_material>
				</instance_geometry>
			</node>
			<node id="lamps_2 pCube39" name="lamps_2 pCube39">
				<matrix>1.000000 0.000000 0.000000 0.000000 0.000000 1.000000 0.000000 0.000000 0.000000 0.000000 1.000000 0.000000 0.000000 0.000000 0.000000 1.000000</matrix>
				<instance_geometry url="#meshId3">
					<bind_material>
						<technique_common>
							<instance_material symbol="defaultMaterial" target="#1001" />
						</technique_common>
					</bind_material>
				</instance_geometry>
			</node>
			<node id="lamps_2 pasted__pasted__pasted__pasted__pasted__pasted__pasted__pasted__pCylinder14" name="lamps_2 pasted__pasted__pasted__pasted__pasted__pasted__pasted__pasted__pCylinder14">
				<matrix>1.000000 0.000000 0.000000 0.000000 0.000000 1.000000 0.000000 0.000000 0.000000 0.000000 1.000000 0.000000 0.000000 0.000000 0.000000 1.000000</matrix>
				<instance_geometry url="#meshId4">
					<bind_material>
						<technique_common>
							<instance_material symbol="defaultMaterial" target="#1001" />
						</technique_common>
					</bind_material>
				</instance_geometry>
			</node>
			<node id="lamps_2 pasted__pasted__pasted__pasted__pasted__pasted__pasted__pasted__pasted__pasted__pCylinder14" name="lamps_2 pasted__pasted__pasted__pasted__pasted__pasted__pasted__pasted__pasted__pasted__pCylinder14">
				<matrix>1.000000 0.000000 0.000000 0.000000 0.000000 1.000000 0.000000 0.000000 0.000000 0.000000 1.000000 0.000000 0.000000 0.000000 0.000000 1.000000</matrix>
				<instance_geometry url="#meshId5">
					<bind_material>
						<technique_common>
							<instance_material symbol="defaultMaterial" target="#1001" />
						</technique_common>
					</bind_material>
				</instance_geometry>
			</node>
			<node id="lamps_2 pasted__pasted__pasted__pasted__pasted__pasted__pasted__pasted__pasted__pCylinder17" name="lamps_2 pasted__pasted__pasted__pasted__pasted__pasted__pasted__pasted__pasted__pCylinder17">
				<matrix>1.000000 0.000000 0.000000 0.000000 0.000000 1.000000 0.000000 0.000000 0.000000 0.000000 1.000000 0.000000 0.000000 0.000000 0.000000 1.000000</matrix>
				<instance_geometry url="#meshId6">
					<bind_material>
						<technique_common>
							<instance_material symbol="defaultMaterial" target="#1001" />
						</technique_common>
					</bind_material>
				</instance_geometry>
			</node>
			<node id="lamps_2 pasted__pCylinder39" name="lamps_2 pasted__pCylinder39">
				<matrix>1.000000 0.000000 0.000000 0.000000 0.000000 1.000000 0.000000 0.000000 0.000000 0.000000 1.000000 0.000000 0.000000 0.000000 0.000000 1.000000</matrix>
				<instance_geometry url="#meshId7">
					<bind_material>
						<technique_common>
							<instance_material symbol="defaultMaterial" target="#1001" />
						</technique_common>
					</bind_material>
				</instance_geometry>
			</node>
			<node id="lamps_2 pasted__pasted__pasted__pasted__pasted__pasted__pCylinder16" name="lamps_2 pasted__pasted__pasted__pasted__pasted__pasted__pCylinder16">
				<matrix>1.000000 0.000000 0.000000 0.000000 0.000000 1.000000 0.000000 0.000000 0.000000 0.000000 1.000000 0.000000 0.000000 0.000000 0.000000 1.000000</matrix>
				<instance_geometry url="#meshId8">
					<bind_material>
						<technique_common>
							<instance_material symbol="defaultMaterial" target="#1001" />
						</technique_common>
					</bind_material>
				</instance_geometry>
			</node>
			<node id="lamps_2 pasted__pasted__pasted__pasted__pasted__pasted__pasted__pCylinder18" name="lamps_2 pasted__pasted__pasted__pasted__pasted__pasted__pasted__pCylinder18">
				<matrix>1.000000 0.000000 0.000000 0.000000 0.000000 1.000000 0.000000 0.000000 0.000000 0.000000 1.000000 0.000000 0.000000 0.000000 0.000000 1.000000</matrix>
				<instance_geometry url="#meshId9">
					<bind_material>
						<technique_common>
							<instance_material symbol="defaultMaterial" target="#1001" />
						</technique_common>
					</bind_material>
				</instance_geometry>
			</node>
			<node id="lamps_2 pasted__pasted__pasted__pasted__pasted__pasted__pasted__pasted__pCylinder18" name="lamps_2 pasted__pasted__pasted__pasted__pasted__pasted__pasted__pasted__pCylinder18">
				<matrix>1.000000 0.000000 0.000000 0.000000 0.000000 1.000000 0.000000 0.000000 0.000000 0.000000 1.000000 0.000000 0.000000 0.000000 0.000000 1.000000</matrix>
				<instance_geometry url="#meshId10">
					<bind_material>
						<technique_common>
							<instance_material symbol="defaultMaterial" target="#1001" />
						</technique_common>
					</bind_material>
				</instance_geometry>
			</node>
			<node id="lamps_2 pasted__pasted__pasted__pasted__pasted__pasted__pasted__pasted__pCylinder17" name="lamps_2 pasted__pasted__pasted__pasted__pasted__pasted__pasted__pasted__pCylinder17">
				<matrix>1.000000 0.000000 0.000000 0.000000 0.000000 1.000000 0.000000 0.000000 0.000000 0.000000 1.000000 0.000000 0.000000 0.000000 0.000000 1.000000</matrix>
				<instance_geometry url="#meshId11">
					<bind_material>
						<technique_common>
							<instance_material symbol="defaultMaterial" target="#1001" />
						</technique_common>
					</bind_material>
				</instance_geometry>
			</node>
			<node id="lamps_2 pasted__pasted__pasted__pasted__pasted__pCylinder15" name="lamps_2 pasted__pasted__pasted__pasted__pasted__pCylinder15">
				<matrix>1.000000 0.000000 0.000000 0.000000 0.000000 1.000000 0.000000 0.000000 0.000000 0.000000 1.000000 0.000000 0.000000 0.000000 0.000000 1.000000</matrix>
				<instance_geometry url="#meshId12">
					<bind_material>
						<technique_common>
							<instance_material symbol="defaultMaterial" target="#1001" />
						</technique_common>
					</bind_material>
				</instance_geometry>
			</node>
			<node id="lamps_2 pasted__pasted__pasted__pasted__pasted__pasted__pCylinder15" name="lamps_2 pasted__pasted__pasted__pasted__pasted__pasted__pCylinder15">
				<matrix>1.000000 0.000000 0.000000 0.000000 0.000000 1.000000 0.000000 0.000000 0.000000 0.000000 1.000000 0.000000 0.000000 0.000000 0.000000 1.000000</matrix>
				<instance_geometry url="#meshId13">
					<bind_material>
						<technique_common>
							<instance_material symbol="defaultMaterial" target="#1001" />
						</technique_common>
					</bind_material>
				</instance_geometry>
			</node>
			<node id="lamps_2 pasted__pasted__pasted__pasted__pasted__pasted__pasted__pasted__pCylinder16" name="lamps_2 pasted__pasted__pasted__pasted__pasted__pasted__pasted__pasted__pCylinder16">
				<matrix>1.000000 0.000000 0.000000 0.000000 0.000000 1.000000 0.000000 0.000000 0.000000 0.000000 1.000000 0.000000 0.000000 0.000000 0.000000 1.000000</matrix>
				<instance_geometry url="#meshId14">
					<bind_material>
						<technique_common>
							<instance_material symbol="defaultMaterial" target="#1001" />
						</technique_common>
					</bind_material>
				</instance_geometry>
			</node>
			<node id="lamps_2 pasted__pasted__pasted__pasted__pasted__pasted__pasted__pasted__pasted__pCylinder15" name="lamps_2 pasted__pasted__pasted__pasted__pasted__pasted__pasted__pasted__pasted__pCylinder15">
				<matrix>1.000000 0.000000 0.000000 0.000000 0.000000 1.000000 0.000000 0.000000 0.000000 0.000000 1.000000 0.000000 0.000000 0.000000 0.000000 1.000000</matrix>
				<instance_geometry url="#meshId15">
					<bind_material>
						<technique_common>
							<instance_material symbol="defaultMaterial" target="#1001" />
						</technique_common>
					</bind_material>
				</instance_geometry>
			</node>
			<node id="lamps_2 pasted__pasted__pasted__pasted__pasted__pasted__pCylinder14" name="lamps_2 pasted__pasted__pasted__pasted__pasted__pasted__pCylinder14">
				<matrix>1.000000 0.000000 0.000000 0.000000 0.000000 1.000000 0.000000 0.000000 0.000000 0.000000 1.000000 0.000000 0.000000 0.000000 0.000000 1.000000</matrix>
				<instance_geometry url="#meshId16">
					<bind_material>
						<technique_common>
							<instance_material symbol="defaultMaterial" target="#1001" />
						</technique_common>
					</bind_material>
				</instance_geometry>
			</node>
			<node id="lamps_2 pasted__pasted__pasted__pasted__pasted__pasted__pasted__pCylinder16" name="lamps_2 pasted__pasted__pasted__pasted__pasted__pasted__pasted__pCylinder16">
				<matrix>1.000000 0.000000 0.000000 0.000000 0.000000 1.000000 0.000000 0.000000 0.000000 0.000000 1.000000 0.000000 0.000000 0.000000 0.000000 1.000000</matrix>
				<instance_geometry url="#meshId17">
					<bind_material>
						<technique_common>
							<instance_material symbol="defaultMaterial" target="#1001" />
						</technique_common>
					</bind_material>
				</instance_geometry>
			</node>
			<node id="lamps_2 pasted__pasted__pasted__pasted__pasted__pasted__pasted__pCylinder15" name="lamps_2 pasted__pasted__pasted__pasted__pasted__pasted__pasted__pCylinder15">
				<matrix>1.000000 0.000000 0.000000 0.000000 0.000000 1.000000 0.000000 0.000000 0.000000 0.000000 1.000000 0.000000 0.000000 0.000000 0.000000 1.000000</matrix>
				<instance_geometry url="#meshId18">
					<bind_material>
						<technique_common>
							<instance_material symbol="defaultMaterial" target="#1001" />
						</technique_common>
					</bind_material>
				</instance_geometry>
			</node>
			<node id="lamps_2 pasted__pasted__pasted__pasted__pasted__pasted__pasted__pasted__pCylinder15" name="lamps_2 pasted__pasted__pasted__pasted__pasted__pasted__pasted__pasted__pCylinder15">
				<matrix>1.000000 0.000000 0.000000 0.000000 0.000000 1.000000 0.000000 0.000000 0.000000 0.000000 1.000000 0.000000 0.000000 0.000000 0.000000 1.000000</matrix>
				<instance_geometry url="#meshId19">
					<bind_material>
						<technique_common>
							<instance_material symbol="defaultMaterial" target="#1001" />
						</technique_common>
					</bind_material>
				</instance_geometry>
			</node>
			<node id="lamps_2 pasted__pasted__pasted__pasted__pasted__pasted__pasted__pasted__pasted__pCylinder14" name="lamps_2 pasted__pasted__pasted__pasted__pasted__pasted__pasted__pasted__pasted__pCylinder14">
				<matrix>1.000000 0.000000 0.000000 0.000000 0.000000 1.000000 0.000000 0.000000 0.000000 0.000000 1.000000 0.000000 0.000000 0.000000 0.000000 1.000000</matrix>
				<instance_geometry url="#meshId20">
					<bind_material>
						<technique_common>
							<instance_material symbol="defaultMaterial" target="#1001" />
						</technique_common>
					</bind_material>
				</instance_geometry>
			</node>
			<node id="lamps_2 pasted__pasted__pasted__pasted__pasted__pasted__pasted__pCylinder14" name="lamps_2 pasted__pasted__pasted__pasted__pasted__pasted__pasted__pCylinder14">
				<matrix>1.000000 0.000000 0.000000 0.000000 0.000000 1.000000 0.000000 0.000000 0.000000 0.000000 1.000000 0.000000 0.000000 0.000000 0.000000 1.000000</matrix>
				<instance_geometry url="#meshId21">
					<bind_material>
						<technique_common>
							<instance_material symbol="defaultMaterial" target="#1001" />
						</technique_common>
					</bind_material>
				</instance_geometry>
			</node>
			<node id="lamps_2 pasted__pasted__pasted__pasted__pasted__pasted__pasted__pasted__pCylinder10" name="lamps_2 pasted__pasted__pasted__pasted__pasted__pasted__pasted__pasted__pCylinder10">
				<matrix>1.000000 0.000000 0.000000 0.000000 0.000000 1.000000 0.000000 0.000000 0.000000 0.000000 1.000000 0.000000 0.000000 0.000000 0.000000 1.000000</matrix>
				<instance_geometry url="#meshId22">
					<bind_material>
						<technique_common>
							<instance_material symbol="defaultMaterial" target="#1001" />
						</technique_common>
					</bind_material>
				</instance_geometry>
			</node>
			<node id="lamps_2 pasted__pasted__pasted__pasted__pasted__pasted__pasted__pasted__pasted__pCylinder10" name="lamps_2 pasted__pasted__pasted__pasted__pasted__pasted__pasted__pasted__pasted__pCylinder10">
				<matrix>1.000000 0.000000 0.000000 0.000000 0.000000 1.000000 0.000000 0.000000 0.000000 0.000000 1.000000 0.000000 0.000000 0.000000 0.000000 1.000000</matrix>
				<instance_geometry url="#meshId23">
					<bind_material>
						<technique_common>
							<instance_material symbol="defaultMaterial" target="#1001" />
						</technique_common>
					</bind_material>
				</instance_geometry>
			</node>
			<node id="lamps_2 pasted__pasted__pasted__pasted__pasted__pasted__pasted__pasted__pasted__pasted__pasted__pCylinder10" name="lamps_2 pasted__pasted__pasted__pasted__pasted__pasted__pasted__pasted__pasted__pasted__pasted__pCylinder10">
				<matrix>1.000000 0.000000 0.000000 0.000000 0.000000 1.000000 0.000000 0.000000 0.000000 0.000000 1.000000 0.000000 0.000000 0.000000 0.000000 1.000000</matrix>
				<instance_geometry url="#meshId24">
					<bind_material>
						<technique_common>
							<instance_material symbol="defaultMaterial" target="#1001" />
						</technique_common>
					</bind_material>
				</instance_geometry>
			</node>
			<node id="lamps_2 pasted__pasted__pasted__pasted__pasted__pasted__pasted__pCylinder13" name="lamps_2 pasted__pasted__pasted__pasted__pasted__pasted__pasted__pCylinder13">
				<matrix>1.000000 0.000000 0.000000 0.000000 0.000000 1.000000 0.000000 0.000000 0.000000 0.000000 1.000000 0.000000 0.000000 0.000000 0.000000 1.000000</matrix>
				<instance_geometry url="#meshId25">
					<bind_material>
						<technique_common>
							<instance_material symbol="defaultMaterial" target="#1001" />
						</technique_common>
					</bind_material>
				</instance_geometry>
			</node>
			<node id="lamps_2 pasted__pasted__pasted__pasted__pasted__pCylinder14" name="lamps_2 pasted__pasted__pasted__pasted__pasted__pCylinder14">
				<matrix>1.000000 0.000000 0.000000 0.000000 0.000000 1.000000 0.000000 0.000000 0.000000 0.000000 1.000000 0.000000 0.000000 0.000000 0.000000 1.000000</matrix>
				<instance_geometry url="#meshId26">
					<bind_material>
						<technique_common>
							<instance_material symbol="defaultMaterial" target="#1001" />
						</technique_common>
					</bind_material>
				</instance_geometry>
			</node>
			<node id="lamps_2 pasted__pasted__pasted__pasted__pasted__pasted__pCylinder13" name="lamps_2 pasted__pasted__pasted__pasted__pasted__pasted__pCylinder13">
				<matrix>1.000000 0.000000 0.000000 0.000000 0.000000 1.000000 0.000000 0.000000 0.000000 0.000000 1.000000 0.000000 0.000000 0.000000 0.000000 1.000000</matrix>
				<instance_geometry url="#meshId27">
					<bind_material>
						<technique_common>
							<instance_material symbol="defaultMaterial" target="#1001" />
						</technique_common>
					</bind_material>
				</instance_geometry>
			</node>
			<node id="lamps_2 pasted__pCylinder37" name="lamps_2 pasted__pCylinder37">
				<matrix>1.000000 0.000000 0.000000 0.000000 0.000000 1.000000 0.000000 0.000000 0.000000 0.000000 1.000000 0.000000 0.000000 0.000000 0.000000 1.000000</matrix>
				<instance_geometry url="#meshId28">
					<bind_material>
						<technique_common>
							<instance_material symbol="defaultMaterial" target="#1001" />
						</technique_common>
					</bind_material>
				</instance_geometry>
			</node>
			<node id="lamps_2 pCube38" name="lamps_2 pCube38">
				<matrix>1.000000 0.000000 0.000000 0.000000 0.000000 1.000000 0.000000 0.000000 0.000000 0.000000 1.000000 0.000000 0.000000 0.000000 0.000000 1.000000</matrix>
				<instance_geometry url="#meshId29">
					<bind_material>
						<technique_common>
							<instance_material symbol="defaultMaterial" target="#1001" />
						</technique_common>
					</bind_material>
				</instance_geometry>
			</node>
			<node id="lamps_2 pCube37" name="lamps_2 pCube37">
				<matrix>1.000000 0.000000 0.000000 0.000000 0.000000 1.000000 0.000000 0.000000 0.000000 0.000000 1.000000 0.000000 0.000000 0.000000 0.000000 1.000000</matrix>
				<instance_geometry url="#meshId30">
					<bind_material>
						<technique_common>
							<instance_material symbol="defaultMaterial" target="#1001" />
						</technique_common>
					</bind_material>
				</instance_geometry>
			</node>
			<node id="lamps_2 pasted__pCube39" name="lamps_2 pasted__pCube39">
				<matrix>1.000000 0.000000 0.000000 0.000000 0.000000 1.000000 0.000000 0.000000 0.000000 0.000000 1.000000 0.000000 0.000000 0.000000 0.000000 1.000000</matrix>
				<instance_geometry url="#meshId31">
					<bind_material>
						<technique_common>
							<instance_material symbol="defaultMaterial" target="#1001" />
						</technique_common>
					</bind_material>
				</instance_geometry>
			</node>
			<node id="lamps_2 pCylinder37" name="lamps_2 pCylinder37">
				<matrix>1.000000 0.000000 0.000000 0.000000 0.000000 1.000000 0.000000 0.000000 0.000000 0.000000 1.000000 0.000000 0.000000 0.000000 0.000000 1.000000</matrix>
				<instance_geometry url="#meshId32">
					<bind_material>
						<technique_common>
							<instance_material symbol="defaultMaterial" target="#1001" />
						</technique_common>
					</bind_material>
				</instance_geometry>
			</node>
			<node id="lamps_2 pasted__pCube37" name="lamps_2 pasted__pCube37">
				<matrix>1.000000 0.000000 0.000000 0.000000 0.000000 1.000000 0.000000 0.000000 0.000000 0.000000 1.000000 0.000000 0.000000 0.000000 0.000000 1.000000</matrix>
				<instance_geometry url="#meshId33">
					<bind_material>
						<technique_common>
							<instance_material symbol="defaultMaterial" target="#1001" />
						</technique_common>
					</bind_material>
				</instance_geometry>
			</node>
			<node id="lamps_2 pCylinder38" name="lamps_2 pCylinder38">
				<matrix>1.000000 0.000000 0.000000 0.000000 0.000000 1.000000 0.000000 0.000000 0.000000 0.000000 1.000000 0.000000 0.000000 0.000000 0.000000 1.000000</matrix>
				<instance_geometry url="#meshId34">
					<bind_material>
						<technique_common>
							<instance_material symbol="defaultMaterial" target="#1001" />
						</technique_common>
					</bind_material>
				</instance_geometry>
			</node>
			<node id="lamps_2 pasted__pCylinder38" name="lamps_2 pasted__pCylinder38">
				<matrix>1.000000 0.000000 0.000000 0.000000 0.000000 1.000000 0.000000 0.000000 0.000000 0.000000 1.000000 0.000000 0.000000 0.000000 0.000000 1.000000</matrix>
				<instance_geometry url="#meshId35">
					<bind_material>
						<technique_common>
							<instance_material symbol="defaultMaterial" target="#1001" />
						</technique_common>
					</bind_material>
				</instance_geometry>
			</node>
			<node id="lamps_2 pasted__pasted__pCylinder38" name="lamps_2 pasted__pasted__pCylinder38">
				<matrix>1.000000 0.000000 0.000000 0.000000 0.000000 1.000000 0.000000 0.000000 0.000000 0.000000 1.000000 0.000000 0.000000 0.000000 0.000000 1.000000</matrix>
				<instance_geometry url="#meshId36">
					<bind_material>
						<technique_common>
							<instance_material symbol="defaultMaterial" target="#1001" />
						</technique_common>
					</bind_material>
				</instance_geometry>
			</node>
			<node id="lamps_2 pasted__pasted__pasted__pasted__pasted__pCylinder10" name="lamps_2 pasted__pasted__pasted__pasted__pasted__pCylinder10">
				<matrix>1.000000 0.000000 0.000000 0.000000 0.000000 1.000000 0.000000 0.000000 0.000000 0.000000 1.000000 0.000000 0.000000 0.000000 0.000000 1.000000</matrix>
				<instance_geometry url="#meshId37">
					<bind_material>
						<technique_common>
							<instance_material symbol="defaultMaterial" target="#1001" />
						</technique_common>
					</bind_material>
				</instance_geometry>
			</node>
			<node id="lamps_2 pasted__pasted__pasted__pasted__pasted__pasted__pasted__pasted__pasted__pasted__pasted__pasted__pCylinder10" name="lamps_2 pasted__pasted__pasted__pasted__pasted__pasted__pasted__pasted__pasted__pasted__pasted__pasted__pCylinder10">
				<matrix>1.000000 0.000000 0.000000 0.000000 0.000000 1.000000 0.000000 0.000000 0.000000 0.000000 1.000000 0.000000 0.000000 0.000000 0.000000 1.000000</matrix>
				<instance_geometry url="#meshId38">
					<bind_material>
						<technique_common>
							<instance_material symbol="defaultMaterial" target="#1001" />
						</technique_common>
					</bind_material>
				</instance_geometry>
			</node>
			<node id="lamps_2 pasted__pasted__pasted__pasted__pasted__pasted__pasted__pasted__pasted__pCylinder18" name="lamps_2 pasted__pasted__pasted__pasted__pasted__pasted__pasted__pasted__pasted__pCylinder18">
				<matrix>1.000000 0.000000 0.000000 0.000000 0.000000 1.000000 0.000000 0.000000 0.000000 0.000000 1.000000 0.000000 0.000000 0.000000 0.000000 1.000000</matrix>
				<instance_geometry url="#meshId39">
					<bind_material>
						<technique_common>
							<instance_material symbol="defaultMaterial" target="#1001" />
						</technique_common>
					</bind_material>
				</instance_geometry>
			</node>
			<node id="lamps_2 pasted__pasted__pasted__pasted__pasted__pasted__pasted__pasted__pasted__pasted__pCylinder10" name="lamps_2 pasted__pasted__pasted__pasted__pasted__pasted__pasted__pasted__pasted__pasted__pCylinder10">
				<matrix>1.000000 0.000000 0.000000 0.000000 0.000000 1.000000 0.000000 0.000000 0.000000 0.000000 1.000000 0.000000 0.000000 0.000000 0.000000 1.000000</matrix>
				<instance_geometry url="#meshId40">
					<bind_material>
						<technique_common>
							<instance_material symbol="defaultMaterial" target="#1001" />
						</technique_common>
					</bind_material>
				</instance_geometry>
			</node>
		</visual_scene>
	</library_visual_scenes>
	<scene>
		<instance_visual_scene url="#lamp_test_uv_Renee.obj" />
	</scene>
</COLLADA>
